datetime_utc,price_usd
2025-08-01T14:09:59.770000+00:00,0.9987892972883547
2025-08-01T15:09:55.754000+00:00,0.9985903299753148
2025-08-01T16:10:33.517000+00:00,0.9985916251463822
2025-08-01T17:10:49.055000+00:00,0.9985569121347877
2025-08-01T18:12:23.002000+00:00,0.9986336189257822
2025-08-01T19:12:29.708000+00:00,0.9987259758829523
2025-08-01T20:12:30.698000+00:00,0.998650551321879
2025-08-01T21:11:19.966000+00:00,0.998845636520506
2025-08-01T22:10:20.144000+00:00,0.9988402989909144
2025-08-01T23:10:31.383000+00:00,0.9985717814051918
2025-08-02T00:12:34.398000+00:00,0.9986142519595694
2025-08-02T01:10:57.488000+00:00,0.9986966611077734
2025-08-02T02:11:16.097000+00:00,0.9986464681208524
2025-08-02T03:09:58.812000+00:00,0.9986480992519496
2025-08-02T04:10:47.921000+00:00,0.9988925801477585
2025-08-02T05:09:59.334000+00:00,0.998837943589796
2025-08-02T06:11:04.532000+00:00,0.9988693384227794
2025-08-02T07:10:26.009000+00:00,0.9988797072178743
2025-08-02T08:10:17.268000+00:00,0.9987317137403269
2025-08-02T09:11:17.254000+00:00,0.99872998286997
2025-08-02T10:12:06.747000+00:00,0.9987740624581304
2025-08-02T11:10:51.975000+00:00,0.9988483673149109
2025-08-02T12:10:16.857000+00:00,0.9986564580098963
2025-08-02T13:11:25.213000+00:00,0.9987088237726415
2025-08-02T14:12:27.414000+00:00,0.9986707424410205
2025-08-02T15:13:27.953000+00:00,0.9986470680762141
2025-08-02T16:12:04.107000+00:00,0.9985815271615296
2025-08-02T17:13:46.539000+00:00,0.9985667430117365
2025-08-02T18:10:52.508000+00:00,0.9987515698872849
2025-08-02T19:12:18.414000+00:00,0.9988168906931134
2025-08-02T20:12:21.114000+00:00,0.9989342938342878
2025-08-02T21:11:24.204000+00:00,0.9988193117780831
2025-08-02T22:12:46.838000+00:00,0.9987253234977154
2025-08-02T23:12:10.964000+00:00,0.9986655083492995
2025-08-03T00:12:03.591000+00:00,0.9988807918355681
2025-08-03T01:10:57.640000+00:00,0.9989768604167145
2025-08-03T02:10:29.357000+00:00,0.9988445334984716
2025-08-03T03:12:36.078000+00:00,0.9989174476435444
2025-08-03T04:09:54.446000+00:00,0.9988301986102033
2025-08-03T05:10:35.563000+00:00,0.9989882797153653
2025-08-03T06:10:39.534000+00:00,0.9991480436844624
2025-08-03T07:11:07.623000+00:00,0.998909729034442
2025-08-03T08:10:01.089000+00:00,0.9989378860560629
2025-08-03T09:11:28+00:00,0.9989828453643981
2025-08-03T10:10:51.699000+00:00,0.9988770320316359
2025-08-03T11:13:43.055000+00:00,0.9989251840243775
2025-08-03T12:12:03.778000+00:00,0.9990889341804627
2025-08-03T13:09:57.253000+00:00,0.999150675435045
2025-08-03T14:11:25.645000+00:00,0.9991479269679979
2025-08-03T15:10:33.167000+00:00,0.9990505387341201
2025-08-03T16:13:38.453000+00:00,0.9990725801963499
2025-08-03T17:13:23.065000+00:00,0.9991345127924738
2025-08-03T18:11:39.775000+00:00,0.9991884026520583
2025-08-03T19:13:43.702000+00:00,0.999112136120222
2025-08-03T20:11:45.905000+00:00,0.99904594271684
2025-08-03T21:10:59.116000+00:00,0.9990083183198621
2025-08-03T22:13:34.959000+00:00,0.9992052693651121
2025-08-03T23:11:03.447000+00:00,0.9991185215028018
2025-08-04T00:12:59.170000+00:00,0.9989284359945221
2025-08-04T01:12:56.466000+00:00,0.9989679911655862
2025-08-04T02:11:24.239000+00:00,0.9991248741359312
2025-08-04T03:10:50.686000+00:00,0.9990376775300995
2025-08-04T04:12:40.101000+00:00,0.9988382669262973
2025-08-04T05:11:28.532000+00:00,0.9989831228919087
2025-08-04T06:11:19.425000+00:00,0.999063573096068
2025-08-04T07:11:07.291000+00:00,0.9990165181825805
2025-08-04T08:09:58.380000+00:00,0.9983776918871312
2025-08-04T09:13:21.591000+00:00,0.999013090443207
2025-08-04T10:11:52.831000+00:00,0.998953671888019
2025-08-04T11:09:54.879000+00:00,0.999004421099563
2025-08-04T12:13:51.269000+00:00,0.9990338701258925
2025-08-04T13:12:12.316000+00:00,0.9990885720045791
2025-08-04T14:13:25.320000+00:00,0.9990844908013632
2025-08-04T15:14:06.906000+00:00,0.9990378986333909
2025-08-04T16:13:14.467000+00:00,0.9990708496172849
2025-08-04T17:14:06.418000+00:00,0.9990290812970428
2025-08-04T18:14:21.274000+00:00,0.9990958055713488
2025-08-04T19:14:03.944000+00:00,0.9989187764765687
2025-08-04T20:13:57.632000+00:00,0.998923575752974
2025-08-04T21:14:23.133000+00:00,0.9990780483963765
2025-08-04T22:14:11.331000+00:00,0.9990953967293995
2025-08-04T23:14:20.032000+00:00,0.999141556674225
2025-08-05T00:13:58.845000+00:00,0.9991648261183831
2025-08-05T01:14:09.254000+00:00,0.9991353392082858
2025-08-05T02:13:37.920000+00:00,0.9991431670083986
2025-08-05T03:10:52.887000+00:00,0.9991749565833896
2025-08-05T04:09:38.136000+00:00,0.998866661893693
2025-08-05T05:09:59.093000+00:00,0.9988550036441923
2025-08-05T06:11:33.790000+00:00,0.9988307302000772
2025-08-05T07:10:05.106000+00:00,0.9990532463475964
2025-08-05T08:09:59.367000+00:00,0.9990928213701298
2025-08-05T09:11:51.445000+00:00,0.9989141014121182
2025-08-05T10:12:14.515000+00:00,0.9989885469377091
2025-08-05T11:13:54.465000+00:00,0.9989249433615168
2025-08-05T12:13:42.674000+00:00,0.999076551331146
2025-08-05T13:13:54.393000+00:00,0.9990351095697608
2025-08-05T14:13:55.196000+00:00,0.9991690897944252
2025-08-05T15:13:51.618000+00:00,0.9989872001662925
2025-08-05T16:14:18.813000+00:00,0.9989987976744966
2025-08-05T17:14:18.054000+00:00,0.9990204952751709
2025-08-05T18:14:14.083000+00:00,0.9990139288871035
2025-08-05T19:14:03.138000+00:00,0.9990959872510485
2025-08-05T20:14:02.155000+00:00,0.9989505497063788
2025-08-05T21:14:09.121000+00:00,0.9989597724860318
2025-08-05T22:13:52.273000+00:00,0.9989948305046098
2025-08-05T23:14:15.405000+00:00,0.9991383036964749
2025-08-06T00:13:59.491000+00:00,0.9991548095759226
2025-08-06T01:13:51.844000+00:00,0.9990978361745815
2025-08-06T02:13:48.865000+00:00,0.9991393388973362
2025-08-06T03:13:47.907000+00:00,0.9992861170643133
2025-08-06T04:13:54.709000+00:00,0.9991778669183466
2025-08-06T05:14:02.710000+00:00,0.9991856992490126
2025-08-06T06:14:14.366000+00:00,0.9993777814963866
2025-08-06T07:13:28.502000+00:00,0.999356819703322
2025-08-06T08:13:55.335000+00:00,0.999255008831502
2025-08-06T09:13:48.020000+00:00,0.9994314749442952
2025-08-06T10:11:03.020000+00:00,0.9993548988152503
2025-08-06T11:12:25.442000+00:00,0.9993541924650065
2025-08-06T12:14:13.483000+00:00,0.9992773422246894
2025-08-06T13:11:51.749000+00:00,0.999268514096553
2025-08-06T14:12:28.107000+00:00,0.999352107256042
2025-08-06T15:14:06.763000+00:00,0.9996211604411084
2025-08-06T16:14:03.167000+00:00,0.9994518920232965
2025-08-06T17:12:33.846000+00:00,0.99950814118993
2025-08-06T18:13:45.104000+00:00,0.9994725226519771
2025-08-06T19:14:12.008000+00:00,0.9998527264468666
2025-08-06T20:12:14.352000+00:00,0.9998256521357716
2025-08-06T21:14:00.868000+00:00,0.99969497827463
2025-08-06T22:13:52.049000+00:00,0.999938940419242
2025-08-06T23:13:49.848000+00:00,0.9999037318022318
2025-08-07T00:13:49.736000+00:00,0.9998114919154275
2025-08-07T01:13:06.090000+00:00,0.9997814104318068
2025-08-07T02:13:52.611000+00:00,0.999797403521728
2025-08-07T03:09:42.087000+00:00,0.9998524790385739
2025-08-07T04:09:39.877000+00:00,0.9996181892972562
2025-08-07T05:09:49.075000+00:00,0.9997984501650341
2025-08-07T06:09:57.613000+00:00,0.9998616397761415
2025-08-07T07:09:44.968000+00:00,0.9998238771932668
2025-08-07T08:09:42.185000+00:00,0.9997938771851345
2025-08-07T09:10:46.513000+00:00,0.9998692493312729
2025-08-07T10:10:43.362000+00:00,0.9999567636067914
2025-08-07T11:11:42.461000+00:00,0.9997566446467083
2025-08-07T12:11:08.656000+00:00,0.9997446635214317
2025-08-07T13:12:08.881000+00:00,0.999818659875868
2025-08-07T14:11:54.494000+00:00,0.9998583989447672
2025-08-07T15:11:40.429000+00:00,0.9998183212293451
2025-08-07T16:13:05.026000+00:00,0.9995719694557577
2025-08-07T17:12:56.742000+00:00,0.9995586536763941
2025-08-07T18:11:41.409000+00:00,0.9995767139884212
2025-08-07T19:11:53.620000+00:00,0.9995731254279855
2025-08-07T20:12:28.354000+00:00,0.9996359938443298
2025-08-07T21:11:20.332000+00:00,0.9994934423517048
2025-08-07T22:10:41.420000+00:00,0.999570335479802
2025-08-07T23:13:00.392000+00:00,0.9996123748161393
2025-08-08T00:12:56.544000+00:00,0.9994459073316452
2025-08-08T01:12:54.982000+00:00,0.9995497191053595
2025-08-08T02:12:40.297000+00:00,0.9994614584905883
2025-08-08T03:10:34.403000+00:00,0.999480916046543
2025-08-08T04:11:34.016000+00:00,0.9993629338977639
2025-08-08T05:10:56.194000+00:00,0.9993649648412661
2025-08-08T06:11:18.171000+00:00,0.9994078896049101
2025-08-08T07:10:51.284000+00:00,0.9993844590860675
2025-08-08T08:11:00.666000+00:00,0.99962110786827
2025-08-08T09:11:19.565000+00:00,0.9995301694773404
2025-08-08T10:10:31.845000+00:00,0.9994551490875335
2025-08-08T11:12:09.816000+00:00,0.9995367040200962
2025-08-08T12:13:54.390000+00:00,0.9995595240915816
2025-08-08T13:13:31.712000+00:00,0.9996039503285197
2025-08-08T14:13:50.748000+00:00,0.9995087240538996
2025-08-08T15:13:57.428000+00:00,0.9993529514867464
2025-08-08T16:13:39.643000+00:00,0.9994897456977329
2025-08-08T17:14:03.369000+00:00,0.9995261461357761
2025-08-08T18:13:46.247000+00:00,0.9997424218760371
2025-08-08T19:14:15.542000+00:00,0.9995412579460601
2025-08-08T20:13:55.275000+00:00,0.9995581463228136
2025-08-08T21:12:42.549000+00:00,0.9996567329518855
2025-08-08T22:10:53.140000+00:00,0.9994492965000117
2025-08-08T23:10:52.545000+00:00,0.9994963144548936
2025-08-09T00:13:48.248000+00:00,0.9995169119979823
2025-08-09T01:14:10.391000+00:00,0.9995591269233478
2025-08-09T02:13:46.812000+00:00,0.9996685764986897
2025-08-09T03:13:54.200000+00:00,0.9996286639970628
2025-08-09T04:12:45.148000+00:00,0.9995778547120964
2025-08-09T05:13:49.852000+00:00,0.9995675948508044
2025-08-09T06:13:46.140000+00:00,0.9996254545792022
2025-08-09T07:13:55.992000+00:00,0.9996167531848239
2025-08-09T08:13:51.797000+00:00,0.9996630324209266
2025-08-09T09:13:44.547000+00:00,0.9998663545724702
2025-08-09T10:13:55.928000+00:00,0.9997734309034277
2025-08-09T11:13:15.045000+00:00,0.9996531544710732
2025-08-09T12:14:06.203000+00:00,0.9996449459285156
2025-08-09T13:13:55.191000+00:00,0.9994930807745783
2025-08-09T14:12:30.181000+00:00,0.9996099514246216
2025-08-09T15:14:22.491000+00:00,0.999694607166008
2025-08-09T16:14:05.420000+00:00,0.9997341149009685
2025-08-09T17:14:12.050000+00:00,0.9995074109224106
2025-08-09T18:14:13.095000+00:00,0.9994316453914932
2025-08-09T19:13:59.992000+00:00,0.9996810062171122
2025-08-09T20:13:50+00:00,0.9996426720967826
2025-08-09T21:14:07.775000+00:00,0.9995010765903964
2025-08-09T22:13:59.613000+00:00,0.9997279570342607
2025-08-09T23:13:51.009000+00:00,0.9996865720000674
2025-08-10T00:13:54.967000+00:00,0.9995233598738792
2025-08-10T01:12:24.183000+00:00,0.9994845552450987
2025-08-10T02:13:54.921000+00:00,0.9995283668705336
2025-08-10T03:13:54.631000+00:00,0.99940522494949
2025-08-10T04:14:03.158000+00:00,0.9995339118625297
2025-08-10T05:13:35.149000+00:00,0.9996434018214297
2025-08-10T06:10:36.003000+00:00,0.999562152822082
2025-08-10T07:12:13.407000+00:00,0.9995128941623805
2025-08-10T08:12:17.216000+00:00,0.9993669920728744
2025-08-10T09:11:59.587000+00:00,0.9995111317265803
2025-08-10T10:12:06.389000+00:00,0.9996946643700095
2025-08-10T11:12:22.103000+00:00,0.9995245096383681
2025-08-10T12:10:32.967000+00:00,0.9994363015297675
2025-08-10T13:11:16.480000+00:00,0.999645131364881
2025-08-10T14:13:47.899000+00:00,0.9995011425363756
2025-08-10T15:11:38.686000+00:00,0.9994968395330974
2025-08-10T16:12:47.656000+00:00,0.9994679409768151
2025-08-10T17:12:43.379000+00:00,0.9995725744659535
2025-08-10T18:11:26.649000+00:00,0.9995054414423125
2025-08-10T19:11:46.623000+00:00,0.9994452129877358
2025-08-10T20:11:50.958000+00:00,0.9996028227606144
2025-08-10T21:13:47.523000+00:00,0.999399791244588
2025-08-10T22:13:13.450000+00:00,0.9995926286472961
2025-08-10T23:13:44.285000+00:00,0.9994834727614994
2025-08-11T00:11:41.306000+00:00,0.9996125882587266
2025-08-11T01:12:51.871000+00:00,0.9993960573079301
2025-08-11T02:12:14.991000+00:00,0.9995870259638379
2025-08-11T03:12:57.168000+00:00,0.9996093419941813
2025-08-11T04:12:04.258000+00:00,0.9994459359429073
2025-08-11T05:13:29.147000+00:00,0.9993878687587022
2025-08-11T06:13:41.181000+00:00,0.9995461359599305
2025-08-11T07:13:23.026000+00:00,0.9994354207614227
2025-08-11T08:12:38.928000+00:00,0.9993229845569359
2025-08-11T09:14:53.886000+00:00,0.9993126514199853
2025-08-11T10:14:10.374000+00:00,0.9995362592724804
2025-08-11T11:14:05.333000+00:00,0.9994914274050705
2025-08-11T12:14:11.358000+00:00,0.999362765618062
2025-08-11T13:14:03.746000+00:00,0.9993426791075243
2025-08-11T14:14:15.455000+00:00,0.9993876187729984
2025-08-11T15:14:15.610000+00:00,0.9995808698456974
2025-08-11T16:14:05.507000+00:00,0.9995607752802469
2025-08-11T17:14:21.332000+00:00,0.9994210573227459
2025-08-11T18:14:04.529000+00:00,0.9994962185523282
2025-08-11T19:14:02.620000+00:00,0.9995879565311939
2025-08-11T20:14:17.498000+00:00,0.999544355495179
2025-08-11T21:14:22.136000+00:00,0.9994908652546565
2025-08-11T22:14:24.427000+00:00,0.9995273611935432
2025-08-11T23:14:15.243000+00:00,0.9996475315174008
2025-08-12T00:14:13.799000+00:00,0.9996756320342043
2025-08-12T01:14:00.931000+00:00,0.9997084859495928
2025-08-12T02:15:13.340000+00:00,0.9995364066208634
2025-08-12T03:10:15.578000+00:00,0.9995649975577158
2025-08-12T04:09:54.701000+00:00,0.999539527079576
2025-08-12T05:09:45.149000+00:00,0.9995712246905387
2025-08-12T06:13:49.564000+00:00,0.9994530996428013
2025-08-12T07:11:24.935000+00:00,0.9994751725572305
2025-08-12T08:10:48.457000+00:00,0.9993935433102373
2025-08-12T09:14:00.274000+00:00,0.9996335911595834
2025-08-12T10:14:06.239000+00:00,0.9994581789225817
2025-08-12T11:14:16.919000+00:00,0.9995618147945459
2025-08-12T12:14:17.010000+00:00,0.9993410146494774
2025-08-12T13:14:29.421000+00:00,0.9993503525765098
2025-08-12T14:14:30.199000+00:00,0.9994365267095714
2025-08-12T15:14:38.938000+00:00,0.9995345472877877
2025-08-12T16:14:56.788000+00:00,0.9994368643902876
2025-08-12T17:14:12.069000+00:00,0.9995536965140983
2025-08-12T18:14:10.567000+00:00,0.9996223046888961
2025-08-12T19:14:27.567000+00:00,0.9994377761589572
2025-08-12T20:14:29.835000+00:00,0.9996264508930355
2025-08-12T21:14:37.569000+00:00,0.9994359447182559
2025-08-12T22:14:21.698000+00:00,0.9994106327714813
2025-08-12T23:14:18.393000+00:00,0.9993302135035106
2025-08-13T00:14:37.702000+00:00,0.9995104466207889
2025-08-13T01:14:25.535000+00:00,0.9994719524794853
2025-08-13T02:14:26.335000+00:00,0.9996244100277626
2025-08-13T03:14:58.458000+00:00,0.9996746436295463
2025-08-13T04:14:27.627000+00:00,0.9995400877766417
2025-08-13T05:14:19.378000+00:00,0.9995335590067643
2025-08-13T06:14:23.448000+00:00,0.9994780318115766
2025-08-13T07:09:41.313000+00:00,0.9995912185368416
2025-08-13T08:09:41.075000+00:00,0.9995064456834365
2025-08-13T09:09:33.159000+00:00,0.9996285905406987
2025-08-13T10:09:55.649000+00:00,0.9995675703587346
2025-08-13T11:09:52.236000+00:00,0.9996486304546296
2025-08-13T12:09:50.744000+00:00,0.9996069017367414
2025-08-13T13:09:55.930000+00:00,0.9994517996246276
2025-08-13T14:09:57.642000+00:00,0.9995036692212237
2025-08-13T15:10:35.325000+00:00,0.9995573384142848
2025-08-13T16:10:21.403000+00:00,0.9995540485235969
2025-08-13T17:09:47.115000+00:00,0.999696209084852
2025-08-13T18:10:26.653000+00:00,0.9996552571301214
2025-08-13T19:09:58.348000+00:00,0.9998627819544215
2025-08-13T20:09:52.722000+00:00,0.9998684604700862
2025-08-13T21:09:59.684000+00:00,0.9999001670359693
2025-08-13T22:09:48.930000+00:00,0.9997902559822124
2025-08-13T23:09:54.770000+00:00,0.9997588940358364
2025-08-14T00:09:52.108000+00:00,0.9996115109724489
2025-08-14T01:10:38.487000+00:00,0.9996203637876716
2025-08-14T02:25:11.549000+00:00,0.999620625899363
2025-08-14T03:18:09.110000+00:00,0.999628469116467
2025-08-14T03:29:54.091000+00:00,0.9996317203482267
2025-08-14T04:14:19.315000+00:00,0.999700884305722
2025-08-14T05:14:26.530000+00:00,0.9996813770996675
2025-08-14T06:13:52.194000+00:00,0.9996099217883834
2025-08-14T07:13:53.224000+00:00,0.999564018700258
2025-08-14T08:14:37.531000+00:00,0.9997322006209567
2025-08-14T09:13:18.318000+00:00,0.9993135027420724
2025-08-14T10:11:59.005000+00:00,0.9992092334381152
2025-08-14T11:13:48.580000+00:00,0.9991884050440016
2025-08-14T12:12:45.585000+00:00,0.9993586538017721
2025-08-14T13:14:15.693000+00:00,0.9991837079003271
2025-08-14T14:13:53.453000+00:00,0.9994356355804862
2025-08-14T15:14:14.006000+00:00,0.9993161869784117
2025-08-14T16:03:53.682000+00:00,0.9992723767959784
2025-08-14T17:03:38.310000+00:00,0.999197924292147
2025-08-14T18:03:47.346000+00:00,0.9991975396312213
2025-08-14T19:03:37.930000+00:00,0.9994389928990697
2025-08-14T20:03:47.616000+00:00,0.9994388527113922
2025-08-14T21:03:40.624000+00:00,0.9994370351890698
2025-08-14T22:03:42.066000+00:00,0.9996368740589048
2025-08-14T23:03:36.584000+00:00,0.9995779538892025
2025-08-15T00:03:42.623000+00:00,0.9993376977029004
2025-08-15T01:03:50.245000+00:00,0.9994268778460731
2025-08-15T02:08:20.046000+00:00,0.9994995272458926
2025-08-15T03:03:42.928000+00:00,0.9995116018023441
2025-08-15T04:03:41.856000+00:00,0.9993798556687653
2025-08-15T05:03:38.201000+00:00,0.9995177356087362
2025-08-15T06:03:51.976000+00:00,0.999092787367068
2025-08-15T07:03:49.740000+00:00,0.9992482987118069
2025-08-15T08:03:51.476000+00:00,0.9992361019956236
2025-08-15T09:03:40.156000+00:00,0.9993605596523079
2025-08-15T10:03:40.041000+00:00,0.9991647495737391
2025-08-15T11:03:40.604000+00:00,0.9993219536293013
2025-08-15T12:03:44.635000+00:00,0.9993418299126681
2025-08-15T13:03:54.398000+00:00,0.9993936837099099
2025-08-15T14:03:50.584000+00:00,0.9992362828607566
2025-08-15T15:03:59.439000+00:00,0.9991093053931774
2025-08-15T16:03:57.413000+00:00,0.9990621482377778
2025-08-15T17:03:51.469000+00:00,0.9991230481567761
2025-08-15T18:07:33.700000+00:00,0.9993694996545789
2025-08-15T19:03:43.116000+00:00,0.9992602084225489
2025-08-15T20:03:45.298000+00:00,0.9992383751584657
2025-08-15T21:03:48.885000+00:00,0.999195180165744
2025-08-15T22:03:49.272000+00:00,0.9991921121103939
2025-08-15T23:07:30.041000+00:00,0.9994907957681013
2025-08-16T00:03:48.304000+00:00,0.9992812422534896
2025-08-16T01:03:57.752000+00:00,0.9991802903732524
2025-08-16T02:03:52.417000+00:00,0.999304253680456
2025-08-16T03:03:44.165000+00:00,0.9994323679215702
2025-08-16T04:03:42.923000+00:00,0.9995030377083599
2025-08-16T05:03:44.507000+00:00,0.9996296150932183
2025-08-16T06:07:56.105000+00:00,0.9995584776313653
2025-08-16T07:08:21.682000+00:00,0.9996382439720221
2025-08-16T08:03:48.281000+00:00,0.999258538817566
2025-08-16T09:03:44.209000+00:00,0.9996098253342405
2025-08-16T10:03:36.778000+00:00,0.9995202625943704
2025-08-16T11:04:01.085000+00:00,0.9992123691197283
2025-08-16T12:03:44.914000+00:00,0.9992316157661715
2025-08-16T13:03:48.175000+00:00,0.9996265019074562
2025-08-16T14:03:48.596000+00:00,0.9994376494437478
2025-08-16T15:03:46.497000+00:00,0.9995432966534729
2025-08-16T16:03:46.385000+00:00,0.9992836351526905
2025-08-16T17:06:56.574000+00:00,0.999535353858202
2025-08-16T18:07:45.938000+00:00,0.9993611130337025
2025-08-16T19:03:45.251000+00:00,0.9994665782911867
2025-08-16T20:03:49.065000+00:00,0.9992314793028413
2025-08-16T21:03:49.921000+00:00,0.9991887987531918
2025-08-16T22:07:35.926000+00:00,0.9992960100550351
2025-08-16T23:08:11.791000+00:00,0.9994866442656242
2025-08-17T00:08:51.814000+00:00,0.9995606430409617
2025-08-17T01:03:41.455000+00:00,0.9993335868391847
2025-08-17T02:03:37.106000+00:00,0.9997103402826713
2025-08-17T03:03:48.851000+00:00,0.9997742245890676
2025-08-17T04:03:45.866000+00:00,0.9991936169818183
2025-08-17T05:03:46.480000+00:00,0.9992855196476695
2025-08-17T06:03:44.267000+00:00,0.9995574377106551
2025-08-17T07:03:45.927000+00:00,0.9996148482665018
2025-08-17T08:07:14.976000+00:00,0.9992244083643355
2025-08-17T09:03:47.876000+00:00,0.9993814378345778
2025-08-17T10:03:42.810000+00:00,0.9992333931515304
2025-08-17T11:03:48.447000+00:00,0.9991884957447412
2025-08-17T12:03:53.511000+00:00,0.9991303776501989
2025-08-17T13:03:51.902000+00:00,0.999099556161215
2025-08-17T14:03:51.892000+00:00,0.99927083315018
2025-08-17T15:03:48.129000+00:00,0.9991371615104161
2025-08-17T16:07:17.712000+00:00,0.9993994940033931
2025-08-17T17:03:51.710000+00:00,0.9993983078236193
2025-08-17T18:03:52.109000+00:00,0.9993150054789061
2025-08-17T19:03:43.660000+00:00,0.9994236399333156
2025-08-17T20:03:41.602000+00:00,0.9995477265408012
2025-08-17T21:03:49.497000+00:00,0.9993719154318361
2025-08-17T22:03:46.157000+00:00,0.9994020302478855
2025-08-17T23:03:40.848000+00:00,0.999216049664951
2025-08-18T00:03:46.674000+00:00,0.9995068717450909
2025-08-18T01:03:45.585000+00:00,0.9990361517256562
2025-08-18T02:03:35.936000+00:00,0.9991969545918685
2025-08-18T03:08:33.805000+00:00,0.9991875612738097
2025-08-18T04:03:30.279000+00:00,0.9992838492746343
2025-08-18T05:03:40.111000+00:00,0.9989307727575834
2025-08-18T06:04:01.726000+00:00,0.9994284265394103
2025-08-18T07:03:37.227000+00:00,0.9992076789370246
2025-08-18T09:03:43.165000+00:00,0.9991473683989825
2025-08-18T10:03:42.082000+00:00,0.9992751440913956
2025-08-18T11:06:02.808000+00:00,0.9991639415983044
2025-08-18T12:03:53.288000+00:00,0.999103991605155
2025-08-18T13:03:49.763000+00:00,0.9992658115749646
2025-08-18T14:03:46.963000+00:00,0.9995370640944887
2025-08-18T15:03:46.281000+00:00,0.9993720165152896
2025-08-18T16:03:51.107000+00:00,0.9992727016486532
2025-08-18T17:03:46.237000+00:00,0.9992466644725319
2025-08-18T18:04:12.135000+00:00,0.9993012804657664
2025-08-18T19:03:43.210000+00:00,0.999343440019472
2025-08-18T20:06:47.656000+00:00,0.9991456091357787
2025-08-18T21:07:11.262000+00:00,0.9992753460383007
2025-08-18T22:03:49.440000+00:00,0.9992860606983501
2025-08-18T23:03:52.948000+00:00,0.9992505550277584
2025-08-19T00:08:51.866000+00:00,0.9993372076594566
2025-08-19T01:03:52.459000+00:00,0.9995056976994826
2025-08-19T02:03:43.245000+00:00,0.9991800792976947
2025-08-19T03:03:47.080000+00:00,0.9992505319072309
2025-08-19T04:03:50.464000+00:00,0.9991628066892373
2025-08-19T05:03:44.956000+00:00,0.9993150487638132
2025-08-19T06:02:46.727000+00:00,0.99906007240786
2025-08-19T07:04:14.591000+00:00,0.9991665398564542
2025-08-19T08:03:25.530000+00:00,0.9994809562987714
2025-08-19T09:02:55.939000+00:00,0.9993311680671509
2025-08-19T10:02:55.062000+00:00,0.9993587550003219
2025-08-19T11:02:58.547000+00:00,0.9992705191709811
2025-08-19T12:03:03.672000+00:00,0.999015376589807
2025-08-19T13:03:04.998000+00:00,0.9991395230664555
2025-08-19T14:03:07.255000+00:00,0.9991500505392826
2025-08-19T15:03:01.007000+00:00,0.9989863661758028
2025-08-19T16:03:04.341000+00:00,0.9990016645174252
2025-08-19T17:06:42.947000+00:00,0.998934587432171
2025-08-19T18:02:59.314000+00:00,0.9992350151739023
2025-08-19T19:06:42.998000+00:00,0.9990366780562758
2025-08-19T20:03:05.827000+00:00,0.9989264500762132
2025-08-19T21:03:08.131000+00:00,0.998839034279322
2025-08-19T22:02:56.993000+00:00,0.9991162064486668
2025-08-19T23:03:02.788000+00:00,0.9991269918799457
2025-08-20T00:03:18.842000+00:00,0.9989096726956561
2025-08-20T01:03:09.576000+00:00,0.9992049386319463
2025-08-20T02:03:07.946000+00:00,0.9990248705042553
2025-08-20T03:03:04.477000+00:00,0.9990745979987725
2025-08-20T04:03:09.011000+00:00,0.9990761472651737
2025-08-20T05:02:58.423000+00:00,0.9991282741745408
2025-08-20T06:02:56.390000+00:00,0.9990519893358216
2025-08-20T07:02:53.986000+00:00,0.9989997764831721
2025-08-20T08:03:06.096000+00:00,0.9989052715150775
2025-08-20T09:03:13.187000+00:00,0.9990760509054094
2025-08-20T10:03:11.901000+00:00,0.9990500709887923
2025-08-20T11:02:55.894000+00:00,0.9991360017078946
2025-08-20T12:03:04.661000+00:00,0.9990543103911674
2025-08-20T13:03:00.490000+00:00,0.9989465092554584
2025-08-20T14:03:17.850000+00:00,0.9989333600856044
2025-08-20T15:06:48.678000+00:00,0.9989253819933045
2025-08-20T16:03:06.736000+00:00,0.9989256063688635
2025-08-20T17:03:03.970000+00:00,0.9988984081603115
2025-08-20T18:03:09.611000+00:00,0.999034704062625
2025-08-20T19:03:01.244000+00:00,0.9988920469545269
2025-08-20T20:03:01.214000+00:00,0.9991118835915384
2025-08-20T21:03:11.159000+00:00,0.999015796161117
2025-08-20T22:03:00.522000+00:00,0.9988590309024866
2025-08-20T23:02:57.989000+00:00,0.9991001605195957
2025-08-21T00:03:09.691000+00:00,0.9989373979476925
2025-08-21T01:03:02.358000+00:00,0.9989596751639066
2025-08-21T02:02:57.688000+00:00,0.9990597607278322
2025-08-21T03:02:55.339000+00:00,0.9991384692100727
2025-08-21T04:04:01.966000+00:00,0.9991753996076985
2025-08-21T05:02:59.437000+00:00,0.998869192819777
2025-08-21T06:05:07.845000+00:00,0.9989355084735874
2025-08-21T07:03:04.783000+00:00,0.9988669679236349
2025-08-21T08:03:02.100000+00:00,0.9991748197244061
2025-08-21T09:02:58.108000+00:00,0.9988949532786642
2025-08-21T10:03:33.693000+00:00,0.9990230817722946
2025-08-21T11:04:56.997000+00:00,0.9991239460279118
2025-08-21T12:03:21.690000+00:00,0.9989832949489685
2025-08-21T13:03:08.582000+00:00,0.9989992039167451
2025-08-21T14:03:09.875000+00:00,0.9990560181369182
2025-08-21T15:03:12.060000+00:00,0.998943837607001
2025-08-21T16:05:46.115000+00:00,0.9989167154260084
2025-08-21T17:06:09.345000+00:00,0.9987451298412686
2025-08-21T18:03:02.143000+00:00,0.9988996650695094
2025-08-21T19:03:02.161000+00:00,0.9989876578609996
2025-08-21T20:03:03.585000+00:00,0.9989598623289849
2025-08-21T21:03:16.501000+00:00,0.9987582471658644
2025-08-21T22:03:34.623000+00:00,0.9989803296398606
2025-08-21T23:03:11.559000+00:00,0.9989730160948163
2025-08-22T00:03:12.159000+00:00,0.9989625145003773
2025-08-22T01:03:35.380000+00:00,0.9988693299733358
2025-08-22T02:03:09.554000+00:00,0.9988364810688927
2025-08-22T03:02:59.182000+00:00,0.998736496500435
2025-08-22T04:02:59.766000+00:00,0.9988994862443272
2025-08-22T05:02:56.587000+00:00,0.9988394632323473
2025-08-22T06:02:58.694000+00:00,0.9988390409939957
2025-08-22T07:03:02.659000+00:00,0.9987419948892561
2025-08-22T08:02:57.156000+00:00,0.9989179498798217
2025-08-22T09:03:31.189000+00:00,0.9989990589435794
2025-08-22T10:03:01.802000+00:00,0.9988802379986693
2025-08-22T11:03:01.947000+00:00,0.9988785327044561
2025-08-22T12:03:23.973000+00:00,0.9991340454731672
2025-08-22T13:03:13.763000+00:00,0.9987347011922856
2025-08-22T14:03:06.082000+00:00,0.9990751965027734
2025-08-22T15:03:44.568000+00:00,0.9991144524438996
2025-08-22T16:03:27.496000+00:00,0.9990574177237864
2025-08-22T17:03:24.172000+00:00,0.9988989006740698
2025-08-22T18:03:24.559000+00:00,0.998850314372536
2025-08-22T19:03:19.759000+00:00,0.9989610224711651
2025-08-22T20:05:35.406000+00:00,0.999013573268462
2025-08-22T21:03:16.370000+00:00,0.9990646645186525
2025-08-22T22:03:34.919000+00:00,0.9989198846635202
2025-08-22T23:03:18.464000+00:00,0.9989005526482505
2025-08-23T00:03:15.787000+00:00,0.9988053921575989
2025-08-23T01:03:35.220000+00:00,0.9988089550794674
2025-08-23T02:05:55.415000+00:00,0.9990915341739587
2025-08-23T03:03:40.179000+00:00,0.9989822006841159
2025-08-23T04:03:16.995000+00:00,0.9989148642389865
2025-08-23T05:03:17.490000+00:00,0.9989630252554537
2025-08-23T06:03:17.009000+00:00,0.9989101739101164
2025-08-23T07:03:27.047000+00:00,0.9988928903743783
2025-08-23T08:03:08.493000+00:00,0.9990529845532903
2025-08-23T09:03:43.784000+00:00,0.998938696372331
2025-08-23T10:03:26.887000+00:00,0.9988820813404437
2025-08-23T11:05:12.139000+00:00,0.9989500960903924
2025-08-23T12:03:12.572000+00:00,0.9990214130837846
2025-08-23T13:03:20.669000+00:00,0.9989999083952346
2025-08-23T14:06:40.283000+00:00,0.9989803233217001
2025-08-23T15:03:24.757000+00:00,0.9990205181377885
2025-08-23T16:03:23.363000+00:00,0.9991329067591026
2025-08-23T17:03:41.599000+00:00,0.9988898684908067
2025-08-23T18:03:15.792000+00:00,0.9988248804999995
2025-08-23T19:03:06.654000+00:00,0.9989323602234934
2025-08-23T20:03:43.153000+00:00,0.9989871683562596
2025-08-23T21:03:08.106000+00:00,0.9989146139663784
2025-08-23T22:03:00.136000+00:00,0.9991931023085058
2025-08-23T23:04:15.927000+00:00,0.9990486925448148
2025-08-24T00:03:25.445000+00:00,0.9990090632871635
2025-08-24T01:03:18.527000+00:00,0.9990385274238399
2025-08-24T02:03:21.956000+00:00,0.9990412182533456
2025-08-24T03:03:20.787000+00:00,0.999010427554186
2025-08-24T04:03:32.648000+00:00,0.9988791071436184
2025-08-24T05:03:05.908000+00:00,0.9990095399075906
2025-08-24T06:03:23.449000+00:00,0.9989931596529324
2025-08-24T07:03:05.835000+00:00,0.9990703763783662
2025-08-24T08:03:07.771000+00:00,0.998949292222397
2025-08-24T09:03:08.631000+00:00,0.9990264678994225
2025-08-24T10:05:55.696000+00:00,0.9991099598811086
2025-08-24T11:03:11.692000+00:00,0.9989944963294126
2025-08-24T12:03:16.368000+00:00,0.9989165111592648
2025-08-24T13:03:09.875000+00:00,0.9989456677868787
2025-08-24T14:05:31.823000+00:00,0.9991779516194488
2025-08-24T15:03:20.074000+00:00,0.9991530072595083
2025-08-24T16:03:18.810000+00:00,0.9989125526212993
2025-08-24T17:06:39.575000+00:00,0.9989114980268249
2025-08-24T18:03:07.537000+00:00,0.9990311742418911
2025-08-24T19:03:30.596000+00:00,0.9991626645768005
2025-08-24T20:03:53.774000+00:00,0.9990276847494968
2025-08-24T21:03:19.770000+00:00,0.9990783140392099
2025-08-24T22:03:25.355000+00:00,0.9990438723494844
2025-08-24T23:06:42.653000+00:00,0.9991045498231836
2025-08-25T00:03:26.865000+00:00,0.9990974090045193
2025-08-25T01:06:38.954000+00:00,0.9991251368488121
2025-08-25T02:03:12.313000+00:00,0.9991513097568798
2025-08-25T03:03:01.783000+00:00,0.9990427095825524
2025-08-25T04:03:09.132000+00:00,0.999225369058746
2025-08-25T05:03:09.938000+00:00,0.9990834863992003
2025-08-25T06:03:14.433000+00:00,0.9990581209916931
2025-08-25T07:03:27.787000+00:00,0.9990176227673029
2025-08-25T08:03:38.890000+00:00,0.9990055599272514
2025-08-25T09:03:33.403000+00:00,0.998988999423101
2025-08-25T10:03:22.108000+00:00,0.9989559291001214
2025-08-25T11:03:56.519000+00:00,0.9990456438069255
2025-08-25T12:03:31.259000+00:00,0.9991200580635967
2025-08-25T13:03:20.296000+00:00,0.9990142582044282
2025-08-25T14:03:08.911000+00:00,0.9991523582274769
2025-08-25T15:03:10.876000+00:00,0.999233182039133
2025-08-25T16:03:11.147000+00:00,0.9992655750635542
2025-08-25T17:06:58.294000+00:00,0.9990598070301685
2025-08-25T18:03:07.506000+00:00,0.9992345096114414
2025-08-25T19:03:12.897000+00:00,0.9991168693709171
2025-08-25T20:03:54.111000+00:00,0.9992114908911659
2025-08-25T21:03:19.013000+00:00,0.9991942420985211
2025-08-25T22:03:06.200000+00:00,0.9993196324370726
2025-08-25T23:03:42.492000+00:00,0.9994149873077595
2025-08-26T00:03:20.253000+00:00,0.9992009922105423
2025-08-26T01:03:27.358000+00:00,0.9996589725030054
2025-08-26T02:06:34.429000+00:00,0.9993272459524594
2025-08-26T03:03:14.112000+00:00,0.9992170467123098
2025-08-26T04:03:00.887000+00:00,0.9996633700349102
2025-08-26T05:03:20.749000+00:00,0.9991158703506281
2025-08-26T06:03:15.744000+00:00,0.999294459208696
2025-08-26T07:07:13.859000+00:00,0.9993663093302461
2025-08-26T08:06:03.502000+00:00,0.9991532592805643
2025-08-26T09:03:15.945000+00:00,0.9994017281382543
2025-08-26T10:03:29.137000+00:00,0.9992271612403184
2025-08-26T11:03:19.124000+00:00,0.9991801326144566
2025-08-26T12:03:05.819000+00:00,0.999310137638728
2025-08-26T13:03:35.918000+00:00,0.9992937627415113
2025-08-26T14:03:16.774000+00:00,0.9992665080618098
2025-08-26T15:03:18.493000+00:00,0.999536156729473
2025-08-26T16:03:01.451000+00:00,0.9993195778446758
2025-08-26T17:03:23.283000+00:00,0.9993456070707859
2025-08-26T18:03:15.151000+00:00,0.9993172592248393
2025-08-26T19:06:29.402000+00:00,0.9993803457501813
2025-08-26T20:02:59.739000+00:00,0.9993900684480123
2025-08-26T21:03:29.231000+00:00,0.9993726987015387
2025-08-26T22:03:14.298000+00:00,0.9993581867055467
2025-08-26T23:07:04.964000+00:00,0.9992095422845668
2025-08-27T00:03:15.182000+00:00,0.9993391812473577
2025-08-27T01:05:41.589000+00:00,0.9993897780399504
2025-08-27T02:05:33.190000+00:00,0.9992957780805649
2025-08-27T03:03:07.922000+00:00,0.9994107220981951
2025-08-27T04:02:59.174000+00:00,0.9995221598559574
2025-08-27T05:03:03.549000+00:00,0.9993766152354965
2025-08-27T06:02:54.759000+00:00,0.9993495212240099
2025-08-27T07:03:20.594000+00:00,0.9992161953427164
2025-08-27T08:04:26.738000+00:00,0.9994141798614715
2025-08-27T09:03:04.090000+00:00,0.9991625141318692
2025-08-27T10:06:58.188000+00:00,0.9992445769392427
2025-08-27T11:03:11.496000+00:00,0.9992221196159631
2025-08-27T12:03:13.015000+00:00,0.9993669439695192
2025-08-27T13:03:11.390000+00:00,0.9989700320187922
2025-08-27T14:03:09.067000+00:00,0.9993617946195869
2025-08-27T15:03:12.167000+00:00,0.9992944012974897
2025-08-27T16:03:16.837000+00:00,0.999443016248945
2025-08-27T17:03:02.274000+00:00,0.9993772722549933
2025-08-27T18:03:06.681000+00:00,0.9992870793960736
2025-08-27T19:03:22.614000+00:00,0.9993463311373746
2025-08-27T20:03:06.035000+00:00,0.9993106172097018
2025-08-27T21:03:01.900000+00:00,0.9992120554268968
2025-08-27T22:03:04.894000+00:00,0.9993098353926005
2025-08-27T23:07:15.946000+00:00,0.9994562883234279
2025-08-28T00:03:13.933000+00:00,0.999387202562197
2025-08-28T01:03:00.354000+00:00,0.999388281420463
2025-08-28T02:02:51.823000+00:00,0.9992005367090683
2025-08-28T03:06:18.240000+00:00,0.9993253991799101
2025-08-28T04:03:23.113000+00:00,0.9993652037213842
2025-08-28T05:03:08.556000+00:00,0.999199458225894
2025-08-28T06:03:11.730000+00:00,0.9992337933156814
2025-08-28T07:03:07.087000+00:00,0.9991495466893969
2025-08-28T08:02:55.664000+00:00,0.999186606061613
2025-08-28T09:02:59.702000+00:00,0.9994542142510543
2025-08-28T10:02:58.595000+00:00,0.9993185874914615
2025-08-28T11:03:32.849000+00:00,0.999308266609677
2025-08-28T12:03:10.925000+00:00,0.999444711337989
2025-08-28T13:03:18.224000+00:00,0.9993678989880292
2025-08-28T14:03:08.450000+00:00,0.9992123748181038
2025-08-28T15:04:15.944000+00:00,0.9993316120345472
2025-08-28T16:03:18.952000+00:00,0.9993137402066951
2025-08-28T17:03:18.481000+00:00,0.999288437940076
2025-08-28T18:03:20.045000+00:00,0.999346444516502
2025-08-28T19:03:21.526000+00:00,0.9994275866934802
2025-08-28T20:03:44.240000+00:00,0.999447993991809
2025-08-28T21:03:11.947000+00:00,0.9995497326843995
2025-08-28T22:03:24.573000+00:00,0.9996448686081689
2025-08-28T23:03:06.118000+00:00,0.9992417087016938
2025-08-29T00:03:31.542000+00:00,0.9994985424012017
2025-08-29T01:03:23.173000+00:00,0.9994198269982018
2025-08-29T02:04:26.526000+00:00,0.9994304241439759
2025-08-29T03:02:53.525000+00:00,0.999396368904346
2025-08-29T04:03:26.259000+00:00,0.9993918603284836
2025-08-29T05:03:04.915000+00:00,0.999278239706865
2025-08-29T06:03:15.352000+00:00,0.9993359600572622
2025-08-29T07:03:10.389000+00:00,0.9996451107918665
2025-08-29T08:03:12.254000+00:00,0.9993245146359313
2025-08-29T09:03:32.415000+00:00,0.999379258139496
2025-08-29T10:03:12.957000+00:00,0.999191885910423
2025-08-29T11:03:08.887000+00:00,0.999231173976455
2025-08-29T12:03:12.121000+00:00,0.9993892463641149
2025-08-29T13:03:03.570000+00:00,0.9993715857649136
2025-08-29T14:03:31.220000+00:00,0.9992989589901387
2025-08-29T15:03:23.715000+00:00,0.9992658937227392
2025-08-29T16:03:16.732000+00:00,0.9993030588240608
2025-08-29T17:05:33.551000+00:00,0.9994445633488408
2025-08-29T18:03:12.074000+00:00,0.9992385335048586
2025-08-29T19:03:28.870000+00:00,0.9992848471298674
2025-08-29T20:03:21.650000+00:00,0.9994433954019816
2025-08-29T21:03:12.326000+00:00,0.9993981910618768
2025-08-29T22:03:09.628000+00:00,0.9993562371541366
2025-08-29T23:03:12.850000+00:00,0.9993023929686445
2025-08-30T00:03:26.961000+00:00,0.9993785402753722
2025-08-30T01:03:07.058000+00:00,0.9994934128216684
2025-08-30T02:02:57.595000+00:00,0.9991849406814186
2025-08-30T03:03:24.754000+00:00,0.9993402055869538
2025-08-30T04:03:01.656000+00:00,0.9992319571459933
2025-08-30T05:03:24.049000+00:00,0.9992002884034266
2025-08-30T06:03:14.751000+00:00,0.9995202333432349
2025-08-30T07:03:10.033000+00:00,0.9993507700287485
2025-08-30T08:03:10.011000+00:00,0.9992330461768277
2025-08-30T09:02:59.889000+00:00,0.9994481375847255
2025-08-30T10:03:19.772000+00:00,0.9994563837743786
2025-08-30T11:03:53.544000+00:00,0.9993556684880865
2025-08-30T12:03:17.456000+00:00,0.9995011004256721
2025-08-30T13:03:05.380000+00:00,0.9992556661368487
2025-08-30T14:03:09.023000+00:00,0.9994035141576095
2025-08-30T15:03:18.835000+00:00,0.999612740643873
2025-08-30T16:07:14.681000+00:00,0.9992265017871846
2025-08-30T17:06:36.383000+00:00,0.9992637072170146
2025-08-30T18:03:03.463000+00:00,0.999264559472499
2025-08-30T19:03:04.638000+00:00,0.9994092746070048
2025-08-30T20:03:05.093000+00:00,0.9992384699762945
2025-08-30T21:03:03.222000+00:00,0.9995108731660609
2025-08-30T22:03:01.991000+00:00,0.9993415482676565
2025-08-30T23:03:31.655000+00:00,0.9994678120321115
2025-08-31T00:03:13.643000+00:00,0.999418773112093
2025-08-31T01:03:08.494000+00:00,0.9995512450082186
2025-08-31T02:03:01.812000+00:00,0.9995684996169023
2025-08-31T03:03:03.483000+00:00,0.9995862167322819
2025-08-31T04:03:10.789000+00:00,0.9996677842418911
2025-08-31T05:03:02.059000+00:00,0.9994370186853775
2025-08-31T06:03:10.260000+00:00,0.9996397753874489
2025-08-31T07:02:58.952000+00:00,0.9992517099737803
2025-08-31T08:02:58.932000+00:00,0.9995449013104051
2025-08-31T09:03:16.635000+00:00,0.9994841521362112
2025-08-31T10:03:16.113000+00:00,0.9995784801818541
2025-08-31T11:03:19.081000+00:00,0.9994576853098671
2025-08-31T12:06:17.973000+00:00,0.9994966767441033
2025-08-31T13:03:17.989000+00:00,0.9994736854519223
2025-08-31T14:06:37.325000+00:00,0.9995204259676238
2025-08-31T15:03:04.499000+00:00,0.9994477151651601
2025-08-31T16:03:08.524000+00:00,0.999239941040949
2025-08-31T17:02:56.804000+00:00,0.9995576939211274
2025-08-31T18:03:02.193000+00:00,0.9994775163655067
2025-08-31T19:03:27.644000+00:00,0.9993601082716289
2025-08-31T20:03:04.571000+00:00,0.9994788943276325
2025-08-31T21:03:08.339000+00:00,0.9994219876126411
2025-08-31T22:03:02.084000+00:00,0.9994449202905071
2025-08-31T23:03:18.700000+00:00,0.9995514107274709
2025-09-01T00:03:13.750000+00:00,0.9994882054941314
2025-09-01T01:03:07.875000+00:00,0.9995884637903166
2025-09-01T02:03:02.274000+00:00,0.9995760893768249
2025-09-01T03:03:02.275000+00:00,0.9996387729282178
2025-09-01T04:04:02.643000+00:00,0.9995224633575653
2025-09-01T05:03:13.069000+00:00,0.9996225943007777
2025-09-01T06:03:19.040000+00:00,0.9994753621650654
2025-09-01T07:03:03.869000+00:00,0.9994902893334604
2025-09-01T08:03:05.302000+00:00,0.999667003150799
2025-09-01T09:02:59.546000+00:00,0.9995795632149437
2025-09-01T10:02:58.094000+00:00,0.9994773000960819
2025-09-01T11:03:25.612000+00:00,0.9995612384062547
2025-09-01T12:03:25.958000+00:00,0.9997102764653883
2025-09-01T13:03:01.910000+00:00,0.9995596745922483
2025-09-01T14:03:00.464000+00:00,0.9994642802735809
2025-09-01T15:03:02.965000+00:00,0.999711392521423
2025-09-01T16:03:14.304000+00:00,0.9996675114148326
2025-09-01T17:03:02.578000+00:00,0.9994091815185479
2025-09-01T18:03:18.583000+00:00,0.9995192123817036
2025-09-01T19:03:06.344000+00:00,0.9996391673995888
2025-09-01T20:03:22.420000+00:00,0.9995118357043413
2025-09-01T21:06:39.420000+00:00,0.999519419326611
2025-09-01T22:03:18.460000+00:00,0.9995984446653395
2025-09-01T23:05:49.928000+00:00,0.9994932907231039
2025-09-02T00:03:25.157000+00:00,0.9995535914422925
2025-09-02T01:03:09.078000+00:00,0.9994509657257915
2025-09-02T02:03:01.085000+00:00,0.9995649023088679
2025-09-02T03:03:49.165000+00:00,0.9995783526445853
2025-09-02T04:03:15.574000+00:00,0.9995580743752612
2025-09-02T05:03:09.234000+00:00,0.9996049637579015
2025-09-02T06:03:05.026000+00:00,0.9995791237794863
2025-09-02T07:03:07.253000+00:00,0.9995054664350453
2025-09-02T08:03:09.939000+00:00,0.999607469902023
2025-09-02T09:03:16.789000+00:00,0.9994241318093571
2025-09-02T10:03:08.019000+00:00,0.9995337250110246
2025-09-02T11:03:02.857000+00:00,0.9994665331887433
2025-09-02T12:03:23.388000+00:00,0.9993480631915689
2025-09-02T13:03:08.887000+00:00,0.9994674989236202
2025-09-02T14:03:10.942000+00:00,0.9996690233962532
2025-09-02T15:03:56.909000+00:00,0.9993880216155718
2025-09-02T16:03:28.258000+00:00,0.9996474831389848
2025-09-02T17:03:15.962000+00:00,0.9996411273485577
2025-09-02T18:03:29.702000+00:00,0.9996512616104776
2025-09-02T19:03:23.789000+00:00,0.9994928795010711
2025-09-02T20:06:39.391000+00:00,0.9997265333330835
2025-09-02T21:03:17.638000+00:00,0.999575530250069
2025-09-02T22:03:31.399000+00:00,0.9995416325432479
2025-09-02T23:06:46.252000+00:00,0.999435028050398
2025-09-03T00:03:20.390000+00:00,0.9994523403007037
2025-09-03T01:03:29.587000+00:00,0.9993732633262887
2025-09-03T02:07:07.769000+00:00,0.9996905991090411
2025-09-03T03:03:15.081000+00:00,0.9993360621941123
2025-09-03T04:03:00.915000+00:00,0.999453378062494
2025-09-03T05:03:20.380000+00:00,0.999582018758117
2025-09-03T06:03:04.236000+00:00,0.9993091501888529
2025-09-03T07:03:04.549000+00:00,0.9994046927132124
2025-09-03T08:03:11.610000+00:00,0.9992518940645997
2025-09-03T09:06:50.708000+00:00,0.9995848143925167
2025-09-03T10:03:01.086000+00:00,0.9995503395791917
2025-09-03T11:03:24.444000+00:00,0.9992826769005502
2025-09-03T12:03:13.589000+00:00,0.9994497841069657
2025-09-03T13:07:12.004000+00:00,0.9995602622738402
2025-09-03T14:03:09.349000+00:00,0.999550590714597
2025-09-03T15:03:18.250000+00:00,0.9994406237351323
2025-09-03T16:03:13.703000+00:00,0.999707725908298
2025-09-03T17:03:41.488000+00:00,0.9995916440751698
2025-09-03T18:03:14.420000+00:00,0.9994129055733049
2025-09-03T19:03:03.831000+00:00,0.9994885047755344
2025-09-03T20:03:09.557000+00:00,0.999470104175145
2025-09-03T21:03:14.564000+00:00,0.9996770620031877
2025-09-03T22:03:08.067000+00:00,0.9996020050326531
2025-09-03T23:03:08.335000+00:00,0.9995196852862945
2025-09-04T00:03:11.328000+00:00,0.9994447041585279
2025-09-04T01:03:27.314000+00:00,0.9995458182653134
2025-09-04T02:03:22.180000+00:00,0.9994153379108084
2025-09-04T03:06:53.407000+00:00,0.9994217107780603
2025-09-04T04:03:05.564000+00:00,0.999423080240144
2025-09-04T05:06:23.394000+00:00,0.9990980248395207
2025-09-04T06:03:14.143000+00:00,0.9994303728725239
2025-09-04T07:03:36.795000+00:00,0.999306666433565
2025-09-04T08:03:16.747000+00:00,0.9993417369723401
2025-09-04T09:03:59.571000+00:00,0.9995105150824904
2025-09-04T10:03:14.635000+00:00,0.9995989785574725
2025-09-04T11:03:10.895000+00:00,0.999193347297934
2025-09-04T12:03:12.903000+00:00,0.9996047610812777
2025-09-04T13:03:06.020000+00:00,0.9996276384440204
2025-09-04T14:03:38.424000+00:00,0.9994821355996326
2025-09-04T15:03:30.146000+00:00,0.9996580832123043
2025-09-04T16:03:12.617000+00:00,0.9996689527023299
2025-09-04T17:03:13.712000+00:00,0.9996009180129654
2025-09-04T18:03:07.941000+00:00,0.9995122889960879
2025-09-04T19:03:06.734000+00:00,0.9997978607285691
2025-09-04T20:03:49.922000+00:00,0.9998467246336853
2025-09-04T21:03:38.497000+00:00,0.9995439670276692
2025-09-04T22:03:01.621000+00:00,0.9997344592375518
2025-09-04T23:03:16.098000+00:00,0.9997785048927793
2025-09-05T00:03:50.014000+00:00,0.9998057814977938
2025-09-05T01:06:23+00:00,0.9996200978270919
2025-09-05T02:03:14.207000+00:00,0.9991906339544534
2025-09-05T03:03:07.802000+00:00,0.999876776176746
2025-09-05T04:03:18.517000+00:00,0.999799902412485
2025-09-05T05:03:12.981000+00:00,1.0000076313778812
2025-09-05T06:03:44.837000+00:00,0.9996337055291442
2025-09-05T07:03:07.803000+00:00,0.9995923782961809
2025-09-05T08:03:18.318000+00:00,0.9998149960866904
2025-09-05T09:03:07.348000+00:00,0.9996953343902849
2025-09-05T10:03:06.230000+00:00,0.9998862484759385
2025-09-05T11:03:10.103000+00:00,0.999698599338393
2025-09-05T12:03:33.844000+00:00,0.9995654843415617
2025-09-05T13:05:58.981000+00:00,0.9997790058823164
2025-09-05T14:03:12.888000+00:00,0.9992769172271737
2025-09-05T15:03:05.141000+00:00,0.999276449068567
2025-09-05T16:03:12.047000+00:00,0.9994081011667935
2025-09-05T17:03:07.573000+00:00,0.9991746976930903
2025-09-05T18:03:11.638000+00:00,0.9994823562105226
2025-09-05T19:03:15.273000+00:00,0.9995057904400678
2025-09-05T20:06:33.421000+00:00,0.9995455289246585
2025-09-05T21:03:35.549000+00:00,0.9996852055479036
2025-09-05T22:03:04.620000+00:00,0.9994790760060153
2025-09-05T23:03:15.773000+00:00,0.9995417654969037
2025-09-06T00:03:17.150000+00:00,0.9994947927400126
2025-09-06T01:03:23.398000+00:00,0.9994858464741929
2025-09-06T02:03:08.604000+00:00,0.9996703326862003
2025-09-06T03:03:03.656000+00:00,0.999565337525154
2025-09-06T04:03:16.920000+00:00,0.9995339793758521
2025-09-06T05:03:35.970000+00:00,0.9994961475422561
2025-09-06T06:03:10.971000+00:00,0.9995488480166601
2025-09-06T07:06:26.728000+00:00,0.9994095229670208
2025-09-06T08:03:08.178000+00:00,0.9994314138780864
2025-09-06T09:03:26.985000+00:00,0.9995516424227128
2025-09-06T10:06:54.372000+00:00,0.9996499267912147
2025-09-06T11:03:12.727000+00:00,0.9992125815320052
2025-09-06T12:06:35.364000+00:00,0.9994916854533957
2025-09-06T13:03:25.252000+00:00,0.9994286088435385
2025-09-06T14:03:41.271000+00:00,0.9993070012849943
2025-09-06T15:06:37.800000+00:00,0.9994786509276539
2025-09-06T16:03:12.066000+00:00,0.9995468062347393
2025-09-06T17:03:25.649000+00:00,0.9994035687079941
2025-09-06T18:03:20.317000+00:00,0.9994219957468362
2025-09-06T19:03:07.568000+00:00,0.999556800693985
2025-09-06T20:06:46.528000+00:00,0.9994164040809469
2025-09-06T21:04:19.840000+00:00,0.9996915167782899
2025-09-06T22:06:47.733000+00:00,0.9996952762288824
2025-09-06T23:06:56.595000+00:00,0.999497265428594
2025-09-07T00:03:37.824000+00:00,0.9994604213790705
2025-09-07T01:03:14.617000+00:00,0.9994096087725496
2025-09-07T02:03:09.301000+00:00,0.9994071978656669
2025-09-07T03:02:56.110000+00:00,0.9994331541011936
2025-09-07T04:03:14.400000+00:00,0.9992709183806955
2025-09-07T05:03:07.381000+00:00,0.9992602333789303
2025-09-07T06:03:16.666000+00:00,0.9995175264781215
2025-09-07T07:06:51.147000+00:00,0.9996082493965127
2025-09-07T08:03:00.694000+00:00,0.9994931747028617
2025-09-07T09:03:00.499000+00:00,0.9994638609919554
2025-09-07T10:07:02.827000+00:00,0.9997799114624919
2025-09-07T11:03:27.439000+00:00,0.9997444836291327
2025-09-07T12:03:16.311000+00:00,0.999635236799697
2025-09-07T13:06:26.539000+00:00,0.9995885462849382
2025-09-07T14:02:59.244000+00:00,0.9996108131200234
2025-09-07T15:03:29.592000+00:00,0.9993928814544616
2025-09-07T16:03:22.452000+00:00,0.9994189205602908
2025-09-07T17:03:05.866000+00:00,0.9997529977241252
2025-09-07T18:03:08.362000+00:00,0.9997200145516855
2025-09-07T19:03:56.287000+00:00,0.9995516519294092
2025-09-07T20:06:36.148000+00:00,0.9994266756270199
2025-09-07T21:03:09.261000+00:00,0.999628327154431
2025-09-07T22:06:55.165000+00:00,0.9996372955235471
2025-09-07T23:03:09.703000+00:00,0.9996323854370814
2025-09-08T00:03:18.844000+00:00,0.999361110714239
2025-09-08T01:03:13.075000+00:00,0.999279973480369
2025-09-08T02:03:07.195000+00:00,0.9995761287121948
2025-09-08T03:03:19.145000+00:00,0.9994230720397895
2025-09-08T04:00:00+00:00,0.9994589997043607
2025-09-08T05:03:14.192000+00:00,0.999499262092414
2025-09-08T06:03:50.447000+00:00,0.9995032411089793
2025-09-08T07:03:08.004000+00:00,0.9994616689828796
2025-09-08T08:06:36.899000+00:00,0.999603442667174
2025-09-08T09:03:04.788000+00:00,0.999521424811099
2025-09-08T10:03:32.142000+00:00,0.9997421944961589
2025-09-08T11:03:09.679000+00:00,0.999606547840497
2025-09-08T12:03:22.803000+00:00,0.9997447011342653
2025-09-08T13:03:09.504000+00:00,0.9994139387500584
2025-09-08T14:03:36.389000+00:00,0.9995328965695063
2025-09-08T15:03:05.806000+00:00,0.9998581018259144
2025-09-08T16:06:36.171000+00:00,0.9994200829339804
2025-09-08T17:03:08.535000+00:00,0.9992319791915493
2025-09-08T18:03:22.830000+00:00,0.999686747016942
2025-09-08T19:03:09.124000+00:00,0.9995992781025551
2025-09-08T20:06:47.502000+00:00,0.999841666570354
2025-09-08T21:03:12.290000+00:00,0.9996994078085633
2025-09-08T22:03:12.023000+00:00,0.9997976669467147
2025-09-08T23:03:11.277000+00:00,0.9993979070232744
2025-09-09T00:03:16.479000+00:00,0.9998049623392496
2025-09-09T01:03:17.459000+00:00,0.9995873582417597
2025-09-09T02:03:20.453000+00:00,0.999578245884606
2025-09-09T03:03:09.266000+00:00,0.9998848402335501
2025-09-09T04:03:03.731000+00:00,0.9996025273485968
2025-09-09T05:03:20.438000+00:00,0.9998388819792889
2025-09-09T06:03:09.904000+00:00,0.9997892345122672
2025-09-09T07:03:33.387000+00:00,0.999990137324292
2025-09-09T08:03:02.367000+00:00,0.999712467443858
2025-09-09T09:03:38.412000+00:00,0.9997974879232685
2025-09-09T10:03:20.848000+00:00,0.9997377863444644
2025-09-09T11:06:53.395000+00:00,0.9995436805582237
2025-09-09T12:03:21.733000+00:00,0.9995761903920569
2025-09-09T13:03:39.268000+00:00,0.9998076562854272
2025-09-09T14:03:16.645000+00:00,0.999917533456724
2025-09-09T15:06:10.094000+00:00,0.9997506161366095
2025-09-09T16:03:53.589000+00:00,0.9995799686987663
2025-09-09T17:03:10.668000+00:00,0.9996013487538156
2025-09-09T18:04:07.228000+00:00,0.9994148878129315
2025-09-09T19:06:53.261000+00:00,0.9996498379922799
2025-09-09T20:03:15.473000+00:00,0.9997574045585027
2025-09-09T21:04:12.373000+00:00,0.999620414111876
2025-09-09T22:03:18.154000+00:00,0.9997112835910249
2025-09-09T23:03:17.226000+00:00,0.9995059900008718
2025-09-10T00:03:30.078000+00:00,0.999658114746995
2025-09-10T01:03:09.078000+00:00,0.9996229275244416
2025-09-10T02:03:36.731000+00:00,0.9996690766699838
2025-09-10T03:03:19.977000+00:00,0.9996355014550475
2025-09-10T04:03:27.606000+00:00,0.9998528747286779
2025-09-10T05:03:18.210000+00:00,0.9994388674992812
2025-09-10T06:03:31.273000+00:00,0.9994651873090706
2025-09-10T07:00:00+00:00,0.9996538976573923
2025-09-10T08:03:23.116000+00:00,0.9995506822391002
2025-09-10T09:03:47.121000+00:00,0.9995257797126222
2025-09-10T10:06:50.542000+00:00,0.9995698376828329
2025-09-10T11:03:01.120000+00:00,0.9994134750250702
2025-09-10T12:03:08.023000+00:00,0.9995145009436488
2025-09-10T13:04:21.480000+00:00,0.999665936147671
2025-09-10T14:03:51.434000+00:00,0.9993827573253428
2025-09-10T15:03:57.386000+00:00,0.9997301976268939
2025-09-10T16:03:21.877000+00:00,1.0002986653659227
2025-09-10T17:03:14.519000+00:00,1.000213054876818
2025-09-10T18:03:07.813000+00:00,0.9998992269579614
2025-09-10T19:03:26.369000+00:00,0.9998083724656384
2025-09-10T20:03:24.239000+00:00,0.999812767480396
2025-09-10T21:03:27.145000+00:00,0.9998911634838613
2025-09-10T22:03:30.093000+00:00,0.9997511938919518
2025-09-10T23:03:45.235000+00:00,0.9997263788323274
2025-09-11T00:03:33.890000+00:00,0.9999868150776382
2025-09-11T01:03:19.968000+00:00,0.99986582124959
2025-09-11T02:04:06.104000+00:00,0.999755736431245
2025-09-11T03:03:42.692000+00:00,0.9994972957492586
2025-09-11T04:03:26.420000+00:00,0.9996989532201284
2025-09-11T05:03:16.609000+00:00,0.9996196436879069
2025-09-11T06:04:00.918000+00:00,0.9998913123189376
2025-09-11T07:03:08.187000+00:00,1.000182872889315
2025-09-11T08:03:10.471000+00:00,0.9996807223993469
2025-09-11T09:03:06.609000+00:00,0.9998103131266434
2025-09-11T10:03:14.323000+00:00,0.9998922993701251
2025-09-11T11:03:11.863000+00:00,0.999785188440979
2025-09-11T12:03:24.396000+00:00,0.9997053272550274
2025-09-11T13:02:58.315000+00:00,0.99911737079825
2025-09-11T14:03:21.677000+00:00,0.9999089631249984
2025-09-11T15:04:12.986000+00:00,0.9998210382202761
2025-09-11T16:03:32.959000+00:00,0.9997488955234966
2025-09-11T17:03:26.703000+00:00,0.9996897766672339
2025-09-11T18:03:11.576000+00:00,0.9997856512632561
2025-09-11T19:03:06.930000+00:00,0.9999809472790885
2025-09-11T20:03:21.210000+00:00,0.9999948306436851
2025-09-11T21:03:20.114000+00:00,0.9996991126042589
2025-09-11T22:03:16.789000+00:00,0.9998124278312766
2025-09-11T23:03:42.317000+00:00,1.0001382998795063
2025-09-12T00:03:21.671000+00:00,0.9999547773455721
2025-09-12T01:03:16.564000+00:00,0.9998361235458476
2025-09-12T02:03:16.899000+00:00,0.9996223317747918
2025-09-12T03:03:19.157000+00:00,1.0000610655069686
2025-09-12T04:04:05.369000+00:00,0.9998244984890625
2025-09-12T05:03:18.739000+00:00,1.0001818571455492
2025-09-12T06:03:29.473000+00:00,1.0002521967991962
2025-09-12T07:03:29.645000+00:00,0.9999606040944566
2025-09-12T08:03:30.701000+00:00,0.9998153827881877
2025-09-12T09:03:27.872000+00:00,0.9998536518842028
2025-09-12T10:03:09.894000+00:00,0.9998780758780238
2025-09-12T11:03:12.302000+00:00,0.9999834836173047
2025-09-12T12:03:05.921000+00:00,0.9997603023216346
2025-09-12T13:03:06.150000+00:00,1.0004843372299934
2025-09-12T14:03:14.865000+00:00,1.0005422664133885
2025-09-12T15:03:36.269000+00:00,1.0003026210433077
2025-09-12T16:03:35.965000+00:00,0.9998734150108755
2025-09-12T17:03:04.202000+00:00,0.9999531343235587
2025-09-12T18:03:11.272000+00:00,0.9998334794518604
2025-09-12T19:03:11.259000+00:00,0.9999025830648584
2025-09-12T20:04:18.305000+00:00,1.0002757031569474
2025-09-12T21:05:48.069000+00:00,0.9998661709216267
2025-09-12T22:03:04.774000+00:00,1.0001196667153542
2025-09-12T23:03:25.494000+00:00,0.9999236501380638
2025-09-13T00:03:21.897000+00:00,0.9998539563020253
2025-09-13T01:03:32.325000+00:00,0.9999771756210388
2025-09-13T02:03:06.163000+00:00,0.9998824326945216
2025-09-13T03:03:14.402000+00:00,0.9998216653712817
2025-09-13T04:04:07.162000+00:00,0.999523138682417
2025-09-13T05:03:08.661000+00:00,0.9995427327454632
2025-09-13T06:06:38.730000+00:00,0.9999509422983552
2025-09-13T07:03:20.719000+00:00,1.000090280242905
2025-09-13T08:03:23.574000+00:00,1.0000117527308283
2025-09-13T09:03:20.484000+00:00,0.9996842297850007
2025-09-13T10:03:31.198000+00:00,0.99974146490087
2025-09-13T11:03:48.088000+00:00,1.0000688969106417
2025-09-13T12:03:14.508000+00:00,0.99990561681733
2025-09-13T13:03:35.985000+00:00,0.999888339091106
2025-09-13T14:03:08.662000+00:00,0.9998394511700893
2025-09-13T15:03:50.166000+00:00,0.9996542405216841
2025-09-13T16:03:17.460000+00:00,0.9998989376364694
2025-09-13T17:04:19.279000+00:00,0.9997301199545295
2025-09-13T18:03:20.293000+00:00,0.9997364989500903
2025-09-13T19:03:19.961000+00:00,0.9996790084667571
2025-09-13T20:03:20.722000+00:00,0.9995323381714846
2025-09-13T21:03:14.904000+00:00,0.9997620267614438
2025-09-13T22:03:24.498000+00:00,0.9998961453414658
2025-09-13T23:06:35.538000+00:00,0.9998797034445869
2025-09-14T00:03:10.281000+00:00,0.9997734186161629
2025-09-14T01:04:20.273000+00:00,0.9998935680112643
2025-09-14T02:03:21.507000+00:00,0.9997023177424375
2025-09-14T03:03:05.354000+00:00,0.9996604081612375
2025-09-14T04:03:10.885000+00:00,0.9995758349920784
2025-09-14T05:06:35.045000+00:00,0.9997256493444012
2025-09-14T06:03:30.874000+00:00,0.9998284730644575
2025-09-14T07:06:47.735000+00:00,0.9995688151421949
2025-09-14T08:03:11.498000+00:00,0.9997473600362176
2025-09-14T09:03:36.838000+00:00,0.9993024245189418
2025-09-14T10:06:37.658000+00:00,0.9998264732997089
2025-09-14T11:04:22.644000+00:00,0.9998391489198886
2025-09-14T12:03:40.718000+00:00,0.9999238944501604
2025-09-14T13:03:24.109000+00:00,1.0006173803054272
2025-09-14T14:04:10.817000+00:00,0.99939074007973
2025-09-14T15:03:40.007000+00:00,1.000496061469206
2025-09-14T16:06:38.490000+00:00,0.9998929627258211
2025-09-14T17:06:50.929000+00:00,0.9998003172015831
2025-09-14T18:06:54.507000+00:00,0.9995909942840536
2025-09-14T19:03:26.057000+00:00,0.9995652326336619
2025-09-14T20:03:09.435000+00:00,0.9996313885958904
2025-09-14T21:03:11.674000+00:00,0.9997301299641017
2025-09-14T22:03:14.553000+00:00,0.999796358021317
2025-09-14T23:03:38.090000+00:00,0.9998071784192069
2025-09-15T00:03:17.449000+00:00,0.9998188016635587
2025-09-15T01:03:18.945000+00:00,0.9996643998108137
2025-09-15T02:03:16.652000+00:00,0.9997621098659993
2025-09-15T03:03:15.285000+00:00,0.9995327600182674
2025-09-15T04:03:56.306000+00:00,0.9997363456508433
2025-09-15T05:03:36.692000+00:00,0.9991933148803969
2025-09-15T06:06:25.141000+00:00,0.9996873596235833
2025-09-15T07:03:21.930000+00:00,0.9995337977534882
2025-09-15T08:03:50.232000+00:00,0.9988282420769635
2025-09-15T09:03:22.751000+00:00,0.9993347908022626
2025-09-15T10:03:12.978000+00:00,0.999574013299594
2025-09-15T11:03:10.947000+00:00,0.9997874278482294
2025-09-15T12:04:15.448000+00:00,0.9995683296110578
2025-09-15T13:03:09.420000+00:00,0.9994980251571072
2025-09-15T14:03:09.197000+00:00,0.9996338431240833
2025-09-15T15:03:09.263000+00:00,0.9995147322074911
2025-09-15T16:03:17.798000+00:00,0.99980846487169
2025-09-15T17:03:49.188000+00:00,0.999564067387029
2025-09-15T18:03:17.760000+00:00,0.9996897284973603
2025-09-15T19:03:57.653000+00:00,0.9996755934737181
2025-09-15T20:03:25.495000+00:00,0.9996715432605034
2025-09-15T21:06:13.522000+00:00,0.9995250323316114
2025-09-15T22:03:14.422000+00:00,0.9997006431159932
2025-09-15T23:03:34.579000+00:00,0.9997474969767816
2025-09-16T00:03:29.069000+00:00,0.9997195822640355
2025-09-16T01:03:26.359000+00:00,0.999780570447643
2025-09-16T02:03:10.804000+00:00,0.9987705563501058
2025-09-16T03:03:31.622000+00:00,0.9997486534881959
2025-09-16T04:03:09.933000+00:00,0.9997814422701626
2025-09-16T05:04:08.609000+00:00,0.9995073574238935
2025-09-16T06:03:28.473000+00:00,1.0000985356397816
2025-09-16T07:03:33.616000+00:00,0.9996486198383585
2025-09-16T08:03:24.187000+00:00,0.9994520218727843
2025-09-16T09:04:05.304000+00:00,0.9991090365556593
2025-09-16T10:03:11.318000+00:00,0.9995035310070716
2025-09-16T11:07:20.567000+00:00,0.9998019760388498
2025-09-16T12:03:34.198000+00:00,0.9994265741060272
2025-09-16T13:03:45.312000+00:00,0.9994050787418829
2025-09-16T14:03:11.050000+00:00,0.9997825107291716
2025-09-16T15:03:29.895000+00:00,0.9995637268375466
2025-09-16T16:03:27.556000+00:00,0.9996768886832548
2025-09-16T17:03:20.754000+00:00,0.9997171465276059
2025-09-16T18:07:01.900000+00:00,0.9998355375667798
2025-09-16T19:04:38.815000+00:00,0.9997404252981074
2025-09-16T20:03:44.191000+00:00,0.9997571455072775
2025-09-16T21:03:30.446000+00:00,0.9995299230245012
2025-09-16T22:03:13.910000+00:00,0.9993629033666482
2025-09-16T23:03:20.443000+00:00,0.9996450130838187
2025-09-17T00:06:22.595000+00:00,0.9993573101355199
2025-09-17T01:03:42.143000+00:00,0.9995002746621171
2025-09-17T02:06:32.433000+00:00,0.9999772474095447
2025-09-17T03:06:46.821000+00:00,1.0004477752598484
2025-09-17T04:03:11.585000+00:00,0.9995905506221308
2025-09-17T05:03:03.092000+00:00,0.9996233817001862
2025-09-17T06:06:28.822000+00:00,0.9996742951450126
2025-09-17T07:06:24.522000+00:00,1.0002551912370286
2025-09-17T08:05:14.593000+00:00,0.9996609966387856
2025-09-17T09:03:10.362000+00:00,0.9995838173236176
2025-09-17T10:06:38.601000+00:00,0.9994189971118581
2025-09-17T11:03:43.541000+00:00,0.9994779586563054
2025-09-17T12:04:19.917000+00:00,0.9992883880366104
2025-09-17T13:04:21.246000+00:00,0.9993640440305132
2025-09-17T14:03:43.950000+00:00,0.9992594891491933
2025-09-17T15:03:14.663000+00:00,0.9993028600331524
2025-09-17T16:03:52.744000+00:00,0.9992764500338445
2025-09-17T17:03:40.889000+00:00,0.9993874579657143
2025-09-17T18:03:26.962000+00:00,0.9998444218945133
2025-09-17T19:03:40.029000+00:00,0.9994964580884742
2025-09-17T20:03:58.684000+00:00,0.9997721151432946
2025-09-17T21:07:09.112000+00:00,0.9992498229935539
2025-09-17T22:07:04.111000+00:00,0.9993709295485045
2025-09-17T23:04:02.548000+00:00,0.9998715307870466
2025-09-18T00:03:42.224000+00:00,0.9992048447309664
2025-09-18T01:03:22.564000+00:00,0.9983828114411343
2025-09-18T02:03:47.740000+00:00,0.998692865613556
2025-09-18T03:07:32.489000+00:00,0.9992526829897003
2025-09-18T04:03:14.306000+00:00,0.9989541234161575
2025-09-18T05:07:57.894000+00:00,0.9994904351817163
2025-09-18T06:03:24.336000+00:00,0.9993042183890862
2025-09-18T07:03:14.810000+00:00,0.9996702542947614
2025-09-18T08:03:05.456000+00:00,0.9992017811201667
2025-09-18T09:03:40.824000+00:00,0.9992592642200094
2025-09-18T10:03:33.428000+00:00,0.9993852031880172
2025-09-18T11:03:13.737000+00:00,0.9995253315314208
2025-09-18T12:03:47.726000+00:00,0.999191064396019
2025-09-18T13:03:15.035000+00:00,0.9994313582315647
2025-09-18T14:04:03.789000+00:00,0.9994104854859718
2025-09-18T15:04:02.944000+00:00,0.9993532125893696
2025-09-18T16:03:26.125000+00:00,0.9994622557386441
2025-09-18T17:04:04.792000+00:00,0.9994647964650296
2025-09-18T18:03:23.461000+00:00,0.9994467553711822
2025-09-18T19:03:50.651000+00:00,0.9994109276799462
2025-09-18T20:07:35.489000+00:00,0.9994345634161061
2025-09-18T21:04:29.992000+00:00,0.9995339822488921
2025-09-18T22:03:14.567000+00:00,0.9994846056740814
2025-09-18T23:04:22.839000+00:00,0.9993920179234579
2025-09-19T00:04:05.819000+00:00,0.9994419362073305
2025-09-19T01:03:27.254000+00:00,0.9994531366473776
2025-09-19T02:03:31.184000+00:00,0.9993799866670199
2025-09-19T03:03:08.335000+00:00,0.9992914673488891
2025-09-19T04:04:00.142000+00:00,0.9994708402815384
2025-09-19T05:03:00.872000+00:00,0.9994343544719093
2025-09-19T06:03:02.893000+00:00,0.9993933024076916
2025-09-19T07:06:30.423000+00:00,0.9993781777929487
2025-09-19T08:03:29.065000+00:00,0.9993608761103268
2025-09-19T09:03:27.204000+00:00,0.9994269438164021
2025-09-19T10:04:23.473000+00:00,0.9993626157166302
2025-09-19T11:03:15.625000+00:00,0.9993321614410658
2025-09-19T12:03:23.178000+00:00,0.9993523843710347
2025-09-19T13:03:07.792000+00:00,0.9993425561319094
2025-09-19T14:03:31.236000+00:00,0.9992999703017248
2025-09-19T15:03:19.980000+00:00,0.9992623848815085
2025-09-19T16:03:18.597000+00:00,0.9993715360421972
2025-09-19T17:03:22.544000+00:00,0.9993047469025292
2025-09-19T18:03:30.011000+00:00,0.9993354662715287
2025-09-19T19:06:48.928000+00:00,0.9993593013452922
2025-09-19T20:04:04.064000+00:00,0.9993724041052542
2025-09-19T21:04:17.604000+00:00,0.9992273314927727
2025-09-19T22:04:21.004000+00:00,0.9992502976255035
2025-09-19T23:03:21.847000+00:00,0.9992405118546019
2025-09-20T00:03:58.732000+00:00,0.9993430916073655
2025-09-20T01:03:36.460000+00:00,0.9993299659626564
2025-09-20T02:03:11.804000+00:00,0.9996778231605858
2025-09-20T03:03:31.267000+00:00,0.9995825597573154
2025-09-20T04:03:02.955000+00:00,0.9991808190714385
2025-09-20T05:03:37.364000+00:00,0.9995711884805568
2025-09-20T06:03:19.866000+00:00,0.9994716462993747
2025-09-20T07:06:15.226000+00:00,0.9994588560975846
2025-09-20T08:04:08.967000+00:00,0.9994677469473872
2025-09-20T09:03:56.921000+00:00,0.9994706316182226
2025-09-20T10:03:51.310000+00:00,0.9994756002138029
2025-09-20T11:03:16.105000+00:00,0.9994659750429316
2025-09-20T12:03:29.236000+00:00,0.9994289980168568
2025-09-20T13:03:04.871000+00:00,0.9994476864283233
2025-09-20T14:03:05.371000+00:00,0.999392145252634
2025-09-20T15:03:21.549000+00:00,0.9993652968874528
2025-09-20T16:03:48.703000+00:00,0.9994490960873571
2025-09-20T17:03:23.258000+00:00,0.9994386480676124
2025-09-20T18:03:38.195000+00:00,0.9995590183645504
2025-09-20T19:03:09.844000+00:00,0.9993805771837944
2025-09-20T20:03:32.201000+00:00,0.9994050824192556
2025-09-20T21:05:16.925000+00:00,0.9991019216654551
2025-09-20T22:03:05.472000+00:00,0.9991944253239222
2025-09-20T23:03:07.774000+00:00,0.9992243482369757
2025-09-21T00:03:23.583000+00:00,0.9992814405529169
2025-09-21T01:03:10.633000+00:00,0.9991886909811901
2025-09-21T02:03:21.700000+00:00,0.9998318569681734
2025-09-21T03:03:11.137000+00:00,0.9992411212495093
2025-09-21T04:03:28.140000+00:00,0.9991713741221225
2025-09-21T05:03:11.607000+00:00,0.9995192689092421
2025-09-21T06:03:34.728000+00:00,0.9993832942798825
2025-09-21T07:03:12.533000+00:00,0.9992033645090478
2025-09-21T08:03:12.621000+00:00,0.9992297938056105
2025-09-21T09:03:36.087000+00:00,0.9991834147989336
2025-09-21T10:03:15.114000+00:00,0.9991913044094302
2025-09-21T11:03:16.258000+00:00,0.999176305317285
2025-09-21T12:03:10.289000+00:00,0.9991968340204056
2025-09-21T13:03:08.113000+00:00,0.9993155614036229
2025-09-21T14:03:30.219000+00:00,0.9991170737707827
2025-09-21T15:03:14.980000+00:00,0.999075058015189
2025-09-21T16:03:16.810000+00:00,0.9993107404553355
2025-09-21T17:03:29.981000+00:00,0.9992684023215649
2025-09-21T18:03:34.830000+00:00,0.9993303856496422
2025-09-21T19:03:43.767000+00:00,0.9992170165452207
2025-09-21T20:03:22.335000+00:00,0.99931961288222
2025-09-21T21:03:17.294000+00:00,0.9993138721948785
2025-09-21T22:06:43.056000+00:00,0.999289963106312
2025-09-21T23:03:29.069000+00:00,0.9993137451288685
2025-09-22T00:03:41.440000+00:00,0.999251699912725
2025-09-22T01:03:19.952000+00:00,0.9988963390554451
2025-09-22T02:03:14.747000+00:00,0.9990584578617099
2025-09-22T03:03:43.001000+00:00,0.9992439962432644
2025-09-22T04:03:18.020000+00:00,0.9994967506971781
2025-09-22T05:07:34.428000+00:00,0.9994177630326321
2025-09-22T06:03:01.630000+00:00,0.9994841301553058
2025-09-22T07:03:52.276000+00:00,0.9986653936896622
2025-09-22T08:03:17.665000+00:00,0.9993518909549256
2025-09-22T09:07:22.961000+00:00,0.9993627433426604
2025-09-22T10:03:37.024000+00:00,0.9994276215312983
2025-09-22T11:06:56.697000+00:00,0.9994191648327553
2025-09-22T12:03:58.581000+00:00,0.9993262957818374
2025-09-22T13:03:11.141000+00:00,0.9993555481734241
2025-09-22T14:03:22.025000+00:00,0.9996647891894522
2025-09-22T15:03:15.366000+00:00,0.9993899241379786
2025-09-22T16:03:13.859000+00:00,0.999484473399339
2025-09-22T17:03:52.865000+00:00,0.9993174995143034
2025-09-22T18:04:24.528000+00:00,0.9992118727327025
2025-09-22T19:03:16.399000+00:00,0.9994201218138761
2025-09-22T20:03:19.909000+00:00,0.999389114867028
2025-09-22T21:04:29.253000+00:00,0.9993461597473836
2025-09-22T22:03:25.631000+00:00,0.9993047649405328
2025-09-22T23:04:04.522000+00:00,0.9992663103684057
2025-09-23T00:03:23.314000+00:00,0.9992973400051564
2025-09-23T01:03:54.468000+00:00,0.9995320385521693
2025-09-23T02:04:23.444000+00:00,0.9993945622822441
2025-09-23T03:03:23.431000+00:00,0.9989521922666658
2025-09-23T04:03:12.518000+00:00,0.9991712316584097
2025-09-23T05:03:13.191000+00:00,0.9994370449800517
2025-09-23T06:03:47.842000+00:00,0.9992713716930492
2025-09-23T07:03:23.945000+00:00,0.9993183154881067
2025-09-23T08:03:22.727000+00:00,0.9993016219999079
2025-09-23T09:03:24.474000+00:00,0.9991938841603083
2025-09-23T10:03:28.253000+00:00,0.9991798476250296
2025-09-23T11:03:30.724000+00:00,0.9991577379949893
2025-09-23T12:03:38.338000+00:00,0.99913601501952
2025-09-23T13:03:14.288000+00:00,0.999189916516224
2025-09-23T14:03:53.865000+00:00,0.99915796246314
2025-09-23T15:03:10.544000+00:00,0.9991884952926392
2025-09-23T16:03:41.263000+00:00,0.9991405189589596
2025-09-23T17:03:33.808000+00:00,0.9993240082816752
2025-09-23T18:04:09.876000+00:00,0.9991018616328566
2025-09-23T19:06:34.306000+00:00,0.9990877356007111
2025-09-23T20:04:18.866000+00:00,0.998997560470902
2025-09-23T21:03:27.103000+00:00,0.9991847013575944
2025-09-23T22:03:23.553000+00:00,0.9991529989904102
2025-09-23T23:03:33.916000+00:00,0.9991099475112384
2025-09-24T00:03:24.941000+00:00,0.9991093094011906
2025-09-24T01:03:28.591000+00:00,0.9991381264120353
2025-09-24T02:03:43.148000+00:00,0.9992628361377944
2025-09-24T03:07:08.572000+00:00,0.9992987140998498
2025-09-24T04:03:33.909000+00:00,0.9992476051721595
2025-09-24T05:05:33.890000+00:00,0.9994579278926503
2025-09-24T06:03:37.613000+00:00,0.9992543433288378
2025-09-24T07:03:11.995000+00:00,0.9990239397865304
2025-09-24T08:03:17.068000+00:00,0.9989435120507669
2025-09-24T09:03:24.702000+00:00,0.9988624526984995
2025-09-24T10:06:42.627000+00:00,0.9992338796713961
2025-09-24T11:04:28.460000+00:00,0.9990109764340941
2025-09-24T12:03:39.419000+00:00,0.9989931495429105
2025-09-24T13:03:18.936000+00:00,0.9991607049500923
2025-09-24T14:03:42.966000+00:00,0.998943895537352
2025-09-24T15:04:06.022000+00:00,0.9990540190057154
2025-09-24T16:03:21.573000+00:00,0.9992996099609188
2025-09-24T17:03:48.949000+00:00,0.9991208886763611
2025-09-24T18:03:24.052000+00:00,0.9991229721209457
2025-09-24T19:03:41.802000+00:00,0.9991579314724928
2025-09-24T20:03:17.749000+00:00,0.9991093883331779
2025-09-24T21:04:14.802000+00:00,0.9990535469633167
2025-09-24T22:03:16.467000+00:00,0.9991823545964825
2025-09-24T23:03:35.971000+00:00,0.9991335527892433
2025-09-25T00:06:27.278000+00:00,0.9991563231134152
2025-09-25T01:04:11.243000+00:00,0.9991200155010082
2025-09-25T02:03:21.036000+00:00,0.9990104679345273
2025-09-25T03:03:41.703000+00:00,0.9990078584147156
2025-09-25T04:03:20.106000+00:00,0.9989059020385579
2025-09-25T05:07:22.590000+00:00,0.9989353939684719
2025-09-25T06:03:14.044000+00:00,0.9989300289558747
2025-09-25T07:07:13.307000+00:00,0.9989535996436405
2025-09-25T08:03:29.559000+00:00,0.9990574593993323
2025-09-25T09:03:38.372000+00:00,0.999149830748431
2025-09-25T10:03:39.765000+00:00,0.998964933606333
2025-09-25T11:03:23.908000+00:00,0.9990942109923852
2025-09-25T12:03:40.561000+00:00,0.9990501532021842
2025-09-25T13:03:19.903000+00:00,0.9989721358902264
2025-09-25T14:04:11.397000+00:00,0.9988780110951806
2025-09-25T15:03:20.242000+00:00,0.9988418871899271
2025-09-25T16:03:22.888000+00:00,0.9990141316615537
2025-09-25T17:06:39.838000+00:00,0.9989344340851058
2025-09-25T18:03:34.356000+00:00,0.9990133293304266
2025-09-25T19:03:25.932000+00:00,0.9990655386142429
2025-09-25T20:03:20.258000+00:00,0.9990807148468924
2025-09-25T21:03:25.022000+00:00,0.9990162021332001
2025-09-25T22:03:22.287000+00:00,0.9989989773570961
2025-09-25T23:03:37.326000+00:00,0.9989500932105666
2025-09-26T00:03:28.067000+00:00,0.9990609539242112
2025-09-26T01:03:11.550000+00:00,0.9989378464453418
2025-09-26T02:03:35.190000+00:00,0.9989301467628916
2025-09-26T03:03:24.733000+00:00,0.9989360229531881
2025-09-26T04:04:45.215000+00:00,0.9988779650410066
2025-09-26T05:03:06.657000+00:00,0.9989135065934689
2025-09-26T06:03:35.786000+00:00,0.9990383211430688
2025-09-26T07:03:37.438000+00:00,0.9990004177943539
2025-09-26T08:03:26.843000+00:00,0.9990904436152135
2025-09-26T09:03:34.140000+00:00,0.9989676152322042
2025-09-26T10:03:31.849000+00:00,0.9990815357804607
2025-09-26T11:06:52.892000+00:00,0.9987989966940688
2025-09-26T12:03:14.780000+00:00,0.9990465612453014
2025-09-26T13:03:35.705000+00:00,0.9989499255188292
2025-09-26T14:03:24.414000+00:00,0.9990986870228533
2025-09-26T15:03:29.235000+00:00,0.9990119975606037
2025-09-26T16:03:32.663000+00:00,0.9991529848897324
2025-09-26T17:03:21.113000+00:00,0.999042062907617
2025-09-26T18:03:54.455000+00:00,0.9991786834771489
2025-09-26T19:03:45.338000+00:00,0.9990763800317034
2025-09-26T20:03:28.058000+00:00,0.9991298997149568
2025-09-26T21:03:19.589000+00:00,0.9991083875176832
2025-09-26T22:03:33.709000+00:00,0.9990205154455551
2025-09-26T23:03:23.056000+00:00,0.9989366842877621
2025-09-27T00:03:23.863000+00:00,0.9990134112501746
2025-09-27T01:03:25.613000+00:00,0.9990097376785189
2025-09-27T02:06:50.305000+00:00,0.9990030950971854
2025-09-27T03:03:55.912000+00:00,0.9990618696897063
2025-09-27T04:03:36.955000+00:00,0.9988330219802554
2025-09-27T05:03:46.032000+00:00,0.9990589616092029
2025-09-27T06:03:43.910000+00:00,0.9989200645480688
2025-09-27T07:04:15.181000+00:00,0.9990041033782348
2025-09-27T08:03:24.814000+00:00,0.9989944982443221
2025-09-27T09:03:22.669000+00:00,0.9989831473920324
2025-09-27T10:03:18.532000+00:00,0.9990351684316948
2025-09-27T11:03:28.749000+00:00,0.9990773745479181
2025-09-27T12:03:30.970000+00:00,0.9991017453623803
2025-09-27T13:07:20.194000+00:00,0.9991509553829685
2025-09-27T14:03:17.820000+00:00,0.9990469885735987
2025-09-27T15:03:19.751000+00:00,0.9990340383389218
2025-09-27T16:03:35.946000+00:00,0.9989975247943459
2025-09-27T17:06:50.712000+00:00,0.9990756478284635
2025-09-27T18:03:42.536000+00:00,0.9992744185756581
2025-09-27T19:03:16.268000+00:00,0.9990332778586472
2025-09-27T20:03:15.527000+00:00,0.9991685494393653
2025-09-27T21:03:33.030000+00:00,0.9990092900730133
2025-09-27T22:03:53.729000+00:00,0.9989074473572064
2025-09-27T23:03:41.528000+00:00,0.9991658729909576
2025-09-28T00:03:22.266000+00:00,0.9991519644380632
2025-09-28T01:03:30.430000+00:00,0.9989509329198795
2025-09-28T02:03:38.693000+00:00,0.9990608431883846
2025-09-28T03:06:48.362000+00:00,0.998957658874363
2025-09-28T04:03:55.320000+00:00,0.9991095058936977
2025-09-28T05:06:49.843000+00:00,0.999209385178324
2025-09-28T06:03:47.251000+00:00,0.9991334832613312
2025-09-28T07:06:46.353000+00:00,0.999076388796758
2025-09-28T08:03:10.091000+00:00,0.9990668437385078
2025-09-28T09:03:32.725000+00:00,0.9992578029354863
2025-09-28T10:04:17.757000+00:00,0.9991946923755054
2025-09-28T11:07:12.419000+00:00,0.9990006158403897
2025-09-28T12:03:17.834000+00:00,0.9990892954174059
2025-09-28T13:03:15.639000+00:00,0.999020263963014
2025-09-28T14:04:15.782000+00:00,0.9989571564409804
2025-09-28T15:03:17.799000+00:00,0.9988906802935349
2025-09-28T16:03:11.743000+00:00,0.9991232471713042
2025-09-28T17:04:03.989000+00:00,0.9990853792172815
2025-09-28T18:03:24.209000+00:00,0.9989799506882336
2025-09-28T19:03:18.290000+00:00,0.9990047849048019
2025-09-28T20:03:32.962000+00:00,0.999013154830335
2025-09-28T21:03:19.854000+00:00,0.9990739611839433
2025-09-28T22:03:26.009000+00:00,0.998975559969418
2025-09-28T23:03:33.036000+00:00,0.9989844752489312
2025-09-29T00:03:15.218000+00:00,0.9990537451617864
2025-09-29T01:04:03.715000+00:00,0.9989921604812259
2025-09-29T02:03:16.398000+00:00,0.9989937152345132
2025-09-29T03:03:21.759000+00:00,0.999059174136762
2025-09-29T04:03:04.314000+00:00,0.9991409361595546
2025-09-29T05:04:05.939000+00:00,0.998918948254668
2025-09-29T06:03:20.863000+00:00,0.9990020813809705
2025-09-29T07:03:17.347000+00:00,0.9990572488477778
2025-09-29T08:02:56.203000+00:00,0.9992673834494378
2025-09-29T09:02:51.209000+00:00,0.9993366688576624
2025-09-29T10:02:48.318000+00:00,0.999084957182737
2025-09-29T11:06:24.221000+00:00,0.9992843757999882
2025-09-29T12:03:11.650000+00:00,0.9992075857622233
2025-09-29T13:03:06.598000+00:00,0.9991852180749045
2025-09-29T14:02:55.823000+00:00,0.9992625776442852
2025-09-29T15:03:31.249000+00:00,0.999124741885789
2025-09-29T16:02:52.213000+00:00,0.9993295601477811
2025-09-29T17:03:17.849000+00:00,0.9990955107618004
2025-09-29T18:04:01.031000+00:00,0.9992464802355683
2025-09-29T19:02:54.786000+00:00,0.9993339538737831
2025-09-29T20:02:39.748000+00:00,0.99933814242762
2025-09-29T21:03:19.036000+00:00,0.9991788197725344
2025-09-29T22:02:59.803000+00:00,0.9992882804779225
2025-09-29T23:02:51.910000+00:00,0.9993007773538367
2025-09-30T00:02:57.218000+00:00,0.9991949111244993
2025-09-30T01:02:56.946000+00:00,0.9992714888325013
2025-09-30T02:02:55.895000+00:00,0.9991826406302835
2025-09-30T03:03:19.554000+00:00,0.9992416869096961
2025-09-30T04:02:35.164000+00:00,0.9992292203851487
2025-09-30T05:06:27.192000+00:00,0.9993129982112973
2025-09-30T06:02:57.026000+00:00,0.9992251474771818
2025-09-30T07:02:48.330000+00:00,0.999198280444844
2025-09-30T08:03:21.258000+00:00,0.9991620408815955
2025-09-30T09:03:11.557000+00:00,0.999199850114087
2025-09-30T10:03:30.698000+00:00,0.9985055584877781
2025-09-30T11:02:55.083000+00:00,0.9991306808464835
2025-09-30T12:02:51.552000+00:00,0.9991098527325384
2025-09-30T13:02:50.897000+00:00,0.9991425773578854
2025-09-30T14:02:45.259000+00:00,0.9990281657062045
2025-09-30T15:02:45.823000+00:00,0.9992140899242352
2025-09-30T16:02:51.329000+00:00,0.9990936399033373
2025-09-30T17:02:49.653000+00:00,0.9991159109727226
2025-09-30T18:02:53.934000+00:00,0.9993514843599487
2025-09-30T19:02:55.961000+00:00,0.9993192121861588
2025-09-30T20:02:56.635000+00:00,0.999587569088898
2025-09-30T21:02:59.582000+00:00,0.9994362528245253
2025-09-30T22:02:50.302000+00:00,0.9994159074716263
2025-09-30T23:03:29.919000+00:00,0.9991243048424812
2025-10-01T00:03:13.758000+00:00,0.9993050446409997
2025-10-01T01:03:08.727000+00:00,0.9996767918304902
2025-10-01T02:02:55.041000+00:00,0.9994623703327775
2025-10-01T03:03:12.953000+00:00,0.999452286595254
2025-10-01T04:02:39.245000+00:00,0.9992297147422603
2025-10-01T05:03:11.682000+00:00,0.9991981822786972
2025-10-01T06:03:01.080000+00:00,0.9993276999200248
2025-10-01T07:07:11.902000+00:00,0.9992814805788911
2025-10-01T08:02:33.693000+00:00,0.9993296112433525
2025-10-01T09:02:41.617000+00:00,0.9994324388114761
2025-10-01T10:02:50.142000+00:00,0.9994265747148072
2025-10-01T11:02:57.170000+00:00,0.9994623117709341
2025-10-01T12:02:48.062000+00:00,0.9996356241668416
2025-10-01T13:02:49.513000+00:00,0.9992885097196298
2025-10-01T14:02:54.871000+00:00,0.9997096832002648
2025-10-01T15:02:53.270000+00:00,0.9995733614614224
2025-10-01T16:02:54.387000+00:00,0.9995632618596024
2025-10-01T17:03:03.433000+00:00,0.9994373642020281
2025-10-01T18:02:57.225000+00:00,0.9995095552589902
2025-10-01T19:02:58.481000+00:00,0.9995363525112443
2025-10-01T20:05:51.284000+00:00,0.9994607331953188
2025-10-01T21:06:52.563000+00:00,0.9995029351155688
2025-10-01T22:02:45.717000+00:00,0.9996321953889934
2025-10-01T23:03:04.315000+00:00,0.9997135630100882
2025-10-02T00:05:19.044000+00:00,0.9999528980249935
2025-10-02T01:03:08.736000+00:00,0.999768469976676
2025-10-02T02:02:55.451000+00:00,0.9998175712769413
2025-10-02T03:07:00.116000+00:00,0.999540431279663
2025-10-02T04:03:10.402000+00:00,0.9996951318043305
2025-10-02T05:02:57.342000+00:00,0.9995745424252872
2025-10-02T06:02:50.539000+00:00,0.9998470685000967
2025-10-02T07:02:41.604000+00:00,0.9995765490730385
2025-10-02T08:02:43.046000+00:00,0.9996129874765632
2025-10-02T09:03:14.750000+00:00,0.999761605103731
2025-10-02T10:07:13.364000+00:00,0.9995938591142667
2025-10-02T11:02:59.100000+00:00,0.999387030161567
2025-10-02T12:02:56.225000+00:00,0.9994571287667172
2025-10-02T13:02:45.443000+00:00,0.9998564494443232
2025-10-02T14:07:26.723000+00:00,1.0001048762688722
2025-10-02T15:06:48.917000+00:00,0.9995029194821692
2025-10-02T16:02:56.296000+00:00,0.9996485750249419
2025-10-02T17:02:55.460000+00:00,0.9998169649211458
2025-10-02T18:02:49.353000+00:00,0.9997741707381894
2025-10-02T19:02:53.876000+00:00,0.9997513766962147
2025-10-02T20:03:10.790000+00:00,0.9996632636354661
2025-10-02T21:03:15.771000+00:00,0.9997016861522792
2025-10-02T22:02:54.147000+00:00,0.9996365051787546
2025-10-02T23:02:54.476000+00:00,0.9996613005256688
2025-10-03T00:03:23.913000+00:00,0.9997454899598787
2025-10-03T01:06:53.973000+00:00,0.999665920737514
2025-10-03T02:06:58.003000+00:00,0.9998296351688383
2025-10-03T03:02:42.991000+00:00,0.9996288292371553
2025-10-03T04:02:57.356000+00:00,0.9992020298626111
2025-10-03T05:03:15.719000+00:00,0.9996482694783834
2025-10-03T06:02:57.243000+00:00,0.9995423175262144
2025-10-03T07:02:54.359000+00:00,0.9995659434347446
2025-10-03T08:02:55.063000+00:00,0.9995180304466021
2025-10-03T09:02:50.670000+00:00,0.999522946870347
2025-10-03T10:07:06.536000+00:00,0.9994991129842684
2025-10-03T11:02:44.462000+00:00,0.9994766787972958
2025-10-03T12:03:09.559000+00:00,0.9992788398450607
2025-10-03T13:02:54.711000+00:00,0.9995574347203346
2025-10-03T14:02:48.375000+00:00,0.9995581104719378
2025-10-03T15:02:46.831000+00:00,0.999534684064642
2025-10-03T16:02:49.542000+00:00,0.9997431534466015
2025-10-03T17:02:41.165000+00:00,0.9994281547990035
2025-10-03T18:03:01.797000+00:00,0.99926029610184
2025-10-03T19:02:40.783000+00:00,0.999540118449832
2025-10-03T20:06:19.974000+00:00,0.9996249702533407
2025-10-03T21:02:53.443000+00:00,0.9996005864523579
2025-10-03T22:02:45.343000+00:00,0.9995784943683624
2025-10-03T23:02:42.246000+00:00,0.9995256567332921
2025-10-04T00:06:18.187000+00:00,0.9995758339902406
2025-10-04T01:07:03.209000+00:00,0.9996643620349318
2025-10-04T02:06:56.260000+00:00,0.9996056527749115
2025-10-04T03:03:00.659000+00:00,0.9995801134533224
2025-10-04T04:02:48.534000+00:00,0.9995081350246938
2025-10-04T05:02:38.605000+00:00,0.9994398418378398
2025-10-04T06:03:03.617000+00:00,0.9995604944672971
2025-10-04T07:02:51.049000+00:00,0.9992950208005827
2025-10-04T08:06:09.858000+00:00,0.9994152758179378
2025-10-04T09:02:59.464000+00:00,0.999585258252595
2025-10-04T10:03:52.264000+00:00,0.9993513101436939
2025-10-04T11:02:48.047000+00:00,0.999320433333133
2025-10-04T12:02:42.288000+00:00,0.9993146007683648
2025-10-04T13:02:58.518000+00:00,0.9996235314156697
2025-10-04T14:02:48.223000+00:00,0.9993537911138404
2025-10-04T15:06:00.230000+00:00,0.9994674936699287
2025-10-04T16:02:45.926000+00:00,0.9995538421681769
2025-10-04T17:02:51.941000+00:00,0.999757624633717
2025-10-04T18:02:53.437000+00:00,1.0000043343845089
2025-10-04T19:03:12.717000+00:00,0.9995957391458231
2025-10-04T20:06:24.304000+00:00,0.9997944226815437
2025-10-04T21:02:50.195000+00:00,0.9994304222653866
2025-10-04T22:02:46.992000+00:00,0.9994261996299517
2025-10-04T23:02:42.221000+00:00,0.9996608149642228
2025-10-05T00:03:38.613000+00:00,0.9995006705510244
2025-10-05T01:02:48.839000+00:00,0.9996579575773789
2025-10-05T02:02:38.981000+00:00,0.9995799754523407
2025-10-05T03:02:42.570000+00:00,0.9994061539151472
2025-10-05T04:02:44.773000+00:00,0.9995870450445579
2025-10-05T05:03:01.687000+00:00,0.999248283829975
2025-10-05T06:02:46.096000+00:00,0.9992239050226905
2025-10-05T07:02:45.465000+00:00,0.9993505094537835
2025-10-05T08:02:49.358000+00:00,0.9998824597678155
2025-10-05T09:02:52.012000+00:00,0.9992815274975638
2025-10-05T10:03:21.851000+00:00,0.9995167988188396
2025-10-05T11:03:05.944000+00:00,0.9993210881370994
2025-10-05T12:03:04.942000+00:00,0.9993483763258648
2025-10-05T13:02:47.401000+00:00,0.9993274560043149
2025-10-05T14:02:45.192000+00:00,0.9994736536089445
2025-10-05T15:03:07.119000+00:00,0.9995541148170273
2025-10-05T16:02:48.298000+00:00,0.9996870455675828
2025-10-05T17:02:40.852000+00:00,0.9994240079851164
2025-10-05T18:06:14.271000+00:00,0.9997009563441777
2025-10-05T19:02:47.872000+00:00,0.9993898262745194
2025-10-05T20:02:44.226000+00:00,0.9993904389542864
2025-10-05T21:03:09.543000+00:00,0.9994765645669803
2025-10-05T22:03:03.124000+00:00,0.9995280882254493
2025-10-05T23:02:58.902000+00:00,0.9994539040173207
2025-10-06T00:02:47.110000+00:00,0.9995080198412961
2025-10-06T01:02:53.530000+00:00,0.9994649910165608
2025-10-06T02:02:55.295000+00:00,0.9995481853544588
2025-10-06T03:02:45.968000+00:00,0.9995691979330864
2025-10-06T04:02:45.838000+00:00,0.9997736758097844
2025-10-06T05:07:26.099000+00:00,0.9995367051972845
2025-10-06T06:02:46.380000+00:00,0.9996122282330675
2025-10-06T07:02:43.054000+00:00,0.9995312138825349
2025-10-06T08:02:39.959000+00:00,0.999320111000019
2025-10-06T09:03:14.795000+00:00,0.9993981065212953
2025-10-06T10:02:59.445000+00:00,0.9996975172027401
2025-10-06T11:03:10.850000+00:00,0.9995196155470131
2025-10-06T12:02:44.723000+00:00,0.9996576667446992
2025-10-06T13:02:47.862000+00:00,0.9995081805460044
2025-10-06T14:02:43.570000+00:00,0.9996918402304722
2025-10-06T15:08:14.213000+00:00,0.9998157359622872
2025-10-06T16:02:48.973000+00:00,0.9999588869579129
2025-10-06T17:02:46.886000+00:00,0.9996929110751617
2025-10-06T18:03:00.129000+00:00,0.9995979466611244
2025-10-06T19:02:50.087000+00:00,0.9996761970233174
2025-10-06T20:06:25.454000+00:00,0.9997326060197862
2025-10-06T21:02:52.477000+00:00,0.999677040802601
2025-10-06T22:02:43.477000+00:00,0.9996146897505954
2025-10-06T23:02:56.197000+00:00,0.9996844574964835
2025-10-07T00:02:47.603000+00:00,0.9995429297582611
2025-10-07T01:02:56.974000+00:00,0.999723938275399
2025-10-07T02:02:41.908000+00:00,0.9996218376201482
2025-10-07T03:03:05.754000+00:00,0.9996844501042202
2025-10-07T04:02:43.319000+00:00,0.9996913895225912
2025-10-07T05:02:43.158000+00:00,0.9996895739074758
2025-10-07T06:07:01.974000+00:00,0.999680576424366
2025-10-07T07:02:55.383000+00:00,0.999513538997824
2025-10-07T08:02:49.894000+00:00,0.9996482296544059
2025-10-07T09:03:05.247000+00:00,0.9997695808715046
2025-10-07T10:02:45.489000+00:00,0.999692350747647
2025-10-07T11:06:35.700000+00:00,0.9997128002228151
2025-10-07T12:06:09.477000+00:00,0.999667093781194
2025-10-07T13:06:31.250000+00:00,0.9997736415066252
2025-10-07T14:02:50.295000+00:00,0.9996371352513833
2025-10-07T15:02:41.527000+00:00,0.9997282677309408
2025-10-07T16:07:17.409000+00:00,0.9994850909666082
2025-10-07T17:02:48.948000+00:00,0.999561840385786
2025-10-07T18:02:54.342000+00:00,0.9993837371805919
2025-10-07T19:02:53.625000+00:00,0.9995969726999169
2025-10-07T20:02:48.138000+00:00,0.9995516263815405
2025-10-07T21:02:52.074000+00:00,0.9997648377129706
2025-10-07T22:02:46.877000+00:00,0.9995414476568129
2025-10-07T23:02:40.493000+00:00,0.9996284575245248
2025-10-08T00:03:41.096000+00:00,0.9996407855547118
2025-10-08T01:02:46.504000+00:00,0.9996874497795163
2025-10-08T02:07:21.355000+00:00,0.999639534754347
2025-10-08T03:02:50.972000+00:00,0.9995902856691739
2025-10-08T04:02:52.491000+00:00,0.9995342691891963
2025-10-08T05:02:47.546000+00:00,0.9995187063010991
2025-10-08T06:02:51.518000+00:00,0.9996299369452258
2025-10-08T07:06:45.147000+00:00,0.9995919881626105
2025-10-08T08:07:41.416000+00:00,0.9997266862449289
2025-10-08T09:06:17.742000+00:00,0.9996285457761452
2025-10-08T10:02:55.272000+00:00,0.99977734647082
2025-10-08T11:02:51.095000+00:00,0.9997195888751957
2025-10-08T12:02:53.981000+00:00,0.9995480439146932
2025-10-08T13:02:53.858000+00:00,0.9995987855303684
2025-10-08T14:02:53.911000+00:00,0.9994859648710614
2025-10-08T15:02:54.902000+00:00,0.9995297407748354
2025-10-08T16:03:05.188000+00:00,0.9996473803960547
2025-10-08T17:03:02.836000+00:00,0.999803731777184
2025-10-08T18:06:49.904000+00:00,0.9995871205427976
2025-10-08T19:02:55.552000+00:00,0.9996347024569854
2025-10-08T20:03:04.269000+00:00,0.9993803184466664
2025-10-08T21:05:26.323000+00:00,0.99944454858091
2025-10-08T22:02:52.062000+00:00,0.9997043923185583
2025-10-08T23:04:20.511000+00:00,0.9994893419360187
2025-10-09T00:02:48.758000+00:00,0.9996963128539257
2025-10-09T01:03:08.176000+00:00,0.9995731741780335
2025-10-09T02:02:52.844000+00:00,0.9995194348146924
2025-10-09T03:02:55.249000+00:00,0.9990748698757924
2025-10-09T04:02:43.661000+00:00,0.9996629561734853
2025-10-09T05:03:00.927000+00:00,0.9996450796528131
2025-10-09T06:02:51.983000+00:00,0.9995448964497664
2025-10-09T07:02:47.729000+00:00,0.9994770179916053
2025-10-09T08:02:33.848000+00:00,0.9998155593053192
2025-10-09T09:03:15.557000+00:00,0.9995181612698639
2025-10-09T10:02:52.106000+00:00,0.9995644488952902
2025-10-09T11:04:55.327000+00:00,0.9997961600237146
2025-10-09T12:03:01.768000+00:00,0.9994211033673117
2025-10-09T13:02:49.995000+00:00,0.9996600127634006
2025-10-09T14:03:04.215000+00:00,0.9993175785806531
2025-10-09T15:02:53.089000+00:00,0.9999991222849759
2025-10-09T16:02:38.943000+00:00,1.000112167188589
2025-10-09T17:03:03.543000+00:00,0.9996511771019753
2025-10-09T18:02:57.475000+00:00,0.9995663987307116
2025-10-09T19:03:13.871000+00:00,0.9996397392105146
2025-10-09T20:02:57.295000+00:00,0.9998725710682407
2025-10-09T21:02:54.893000+00:00,0.9996278318236712
2025-10-09T22:02:54.602000+00:00,0.9996380414990974
2025-10-09T23:03:31.516000+00:00,0.9996386852677097
2025-10-10T00:02:46.968000+00:00,0.999735608142184
2025-10-10T01:02:57.023000+00:00,0.9996457715418889
2025-10-10T02:02:46.963000+00:00,0.9996906729407408
2025-10-10T03:02:48.789000+00:00,0.9996246513217204
2025-10-10T04:02:39.424000+00:00,0.9994050516217254
2025-10-10T05:06:46.860000+00:00,0.9997375778588816
2025-10-10T06:02:47.984000+00:00,0.9997726082808102
2025-10-10T07:02:51.973000+00:00,0.9997162606874516
2025-10-10T08:02:34.342000+00:00,0.999858735546499
2025-10-10T09:02:51.951000+00:00,0.9997346688879768
2025-10-10T10:02:49.869000+00:00,0.999740809075122
2025-10-10T11:02:50.562000+00:00,0.999859529462124
2025-10-10T12:02:47.301000+00:00,0.9996462490822178
2025-10-10T13:02:40.693000+00:00,0.9995270081522706
2025-10-10T14:02:50.567000+00:00,0.9996459103501968
2025-10-10T15:02:50.153000+00:00,0.9996478338577971
2025-10-10T16:06:49.933000+00:00,0.9995941903539375
2025-10-10T17:02:58.663000+00:00,0.9998480978735617
2025-10-10T18:06:41.253000+00:00,0.9998693450254964
2025-10-10T19:02:37.454000+00:00,0.9995395299417335
2025-10-10T20:03:12.370000+00:00,0.9997936990620554
2025-10-10T21:07:11.371000+00:00,0.9995965461340897
2025-10-10T22:02:49.513000+00:00,1.0015163856364613
2025-10-10T23:02:46.706000+00:00,1.0004811129904667
2025-10-11T00:06:38.044000+00:00,0.9999951875685464
2025-10-11T01:06:33.864000+00:00,0.9996809889325001
2025-10-11T02:10:43.662000+00:00,0.9997424361453175
2025-10-11T03:05:07.489000+00:00,0.9997866370473788
2025-10-11T04:05:17.797000+00:00,0.9998341752587241
2025-10-11T05:07:55.360000+00:00,1.0000391378634401
2025-10-11T06:05:37.227000+00:00,0.9998052156644601
2025-10-11T07:06:22.539000+00:00,0.9998993192042341
2025-10-11T08:05:15.698000+00:00,0.9995878035046911
2025-10-11T09:05:51.110000+00:00,0.9997227776733756
2025-10-11T10:05:59.001000+00:00,0.9997701144730389
2025-10-11T11:04:02.137000+00:00,0.9997102621903738
2025-10-11T12:06:14.453000+00:00,0.9996244328519482
2025-10-11T13:04:53.007000+00:00,0.9998688446344774
2025-10-11T14:08:39.040000+00:00,0.9997917611360972
2025-10-11T15:06:14.835000+00:00,0.9998958807210402
2025-10-11T16:03:37.903000+00:00,0.9997224346766539
2025-10-11T17:06:00.894000+00:00,0.9997858971858794
2025-10-11T18:03:22.149000+00:00,0.9999542088278269
2025-10-11T19:07:06.859000+00:00,0.9998503627698058
2025-10-11T20:05:19.394000+00:00,0.9999470334537589
2025-10-11T21:05:40.295000+00:00,0.9999753392276821
2025-10-11T22:05:34.195000+00:00,0.9998083684338669
2025-10-11T23:04:49.500000+00:00,0.9998361391270818
2025-10-12T00:07:48.203000+00:00,0.9998469802074275
2025-10-12T01:05:03.145000+00:00,0.9998323228611417
2025-10-12T02:06:01.705000+00:00,0.9999561932711405
2025-10-12T03:05:54.399000+00:00,0.9999897794812524
2025-10-12T04:06:31.179000+00:00,0.9999404257406237
2025-10-12T05:05:57.710000+00:00,0.9999943993536395
2025-10-12T06:06:24.394000+00:00,0.999792391003396
2025-10-12T07:06:03.507000+00:00,0.9999322026507245
2025-10-12T08:09:06.395000+00:00,1.0002518494625232
2025-10-12T09:02:34.568000+00:00,0.99994406166243
2025-10-12T10:03:26.520000+00:00,0.9997828894387412
2025-10-12T11:05:59.448000+00:00,0.9999383645615326
2025-10-12T12:05:39.068000+00:00,0.9997680469954067
2025-10-12T13:04:54.679000+00:00,0.9997702646969445
2025-10-12T14:06:47.876000+00:00,0.9997970284856718
2025-10-12T15:03:33.439000+00:00,1.0006927603017421
2025-10-12T16:09:46.905000+00:00,1.000393006688633
2025-10-12T17:06:04.471000+00:00,0.999972357118044
2025-10-12T18:06:48.649000+00:00,0.9997539150416953
2025-10-12T19:02:44.735000+00:00,0.9999210483305796
2025-10-12T20:02:46.791000+00:00,0.9999255194557436
2025-10-12T21:02:46.600000+00:00,0.9993579102031168
2025-10-12T22:02:56.163000+00:00,1.0000223070521708
2025-10-12T23:02:40.491000+00:00,0.9999592555488808
2025-10-13T00:03:11.537000+00:00,1.0000679376856958
2025-10-13T01:03:07.067000+00:00,0.9999721770315793
2025-10-13T02:07:02.724000+00:00,0.999984663088311
2025-10-13T03:03:17.341000+00:00,0.9998269263708464
2025-10-13T04:02:52.256000+00:00,0.9999885025899952
2025-10-13T05:02:47.935000+00:00,0.9998530915062602
2025-10-13T06:02:49.883000+00:00,0.9998206802171538
2025-10-13T07:02:48.324000+00:00,0.9999619673964464
2025-10-13T08:02:46.129000+00:00,0.9999490346992161
2025-10-13T09:03:27.909000+00:00,0.9999534721679575
2025-10-13T10:03:03.459000+00:00,0.9998778265184107
2025-10-13T11:02:54.106000+00:00,1.0000328320791863
2025-10-13T12:02:46.320000+00:00,0.999766882674086
2025-10-13T13:06:40.298000+00:00,0.9998585553147672
2025-10-13T14:03:10.761000+00:00,1.000138303744615
2025-10-13T15:02:54.850000+00:00,0.9998951187750545
2025-10-13T16:02:42.334000+00:00,0.9997669108193876
2025-10-13T17:02:45.747000+00:00,0.9999586424035494
2025-10-13T18:06:47+00:00,0.9992349367886689
2025-10-13T19:02:53.844000+00:00,0.9999961101285587
2025-10-13T20:02:51.272000+00:00,1.0002833757510339
2025-10-13T21:02:54.671000+00:00,0.9998976215163423
2025-10-13T22:02:50.997000+00:00,0.9999419613618638
2025-10-13T23:03:18.311000+00:00,0.9997427675344449
2025-10-14T00:03:10.887000+00:00,0.999901526304405
2025-10-14T01:02:55.986000+00:00,0.9998223494941272
2025-10-14T02:03:20.604000+00:00,0.9997733541586847
2025-10-14T03:02:54.045000+00:00,0.9998770862456892
2025-10-14T04:07:02.024000+00:00,0.9998606930316934
2025-10-14T05:02:42.078000+00:00,0.9994323834610598
2025-10-14T06:02:46.465000+00:00,0.9997737588160449
2025-10-14T07:06:14.249000+00:00,1.0001865268701686
2025-10-14T08:06:51.257000+00:00,0.9998882928692001
2025-10-14T09:02:54.414000+00:00,0.9998311265112452
2025-10-14T10:03:13.847000+00:00,1.000071314798383
2025-10-14T11:03:10.313000+00:00,0.9999694873117815
2025-10-14T12:02:48.020000+00:00,0.999717153610633
2025-10-14T13:02:44.701000+00:00,0.9997907863846708
2025-10-14T14:02:46.560000+00:00,0.9998648007646561
2025-10-14T15:06:26.793000+00:00,0.999600390723566
2025-10-14T16:02:47.460000+00:00,1.000144247443265
2025-10-14T17:02:49.647000+00:00,0.9999837316493405
2025-10-14T18:02:53.175000+00:00,0.9998266077362921
2025-10-14T19:02:55.542000+00:00,0.9997669018696126
2025-10-14T20:02:48+00:00,0.9997582534471968
2025-10-14T21:06:22.540000+00:00,0.9996278968964526
2025-10-14T22:08:48.659000+00:00,0.9997431048525909
2025-10-14T23:03:21.779000+00:00,0.9998319712705981
2025-10-15T00:02:51.638000+00:00,0.9991957462667748
2025-10-15T01:03:25.878000+00:00,0.999961970372301
2025-10-15T02:03:05.429000+00:00,0.9997520237480535
2025-10-15T03:02:53.105000+00:00,0.9995163419715223
2025-10-15T04:02:54.812000+00:00,0.9996208476403969
2025-10-15T05:02:50.482000+00:00,0.9998086836425978
2025-10-15T06:02:47.834000+00:00,0.9996933830524439
2025-10-15T07:02:51.812000+00:00,0.9996440576863994
2025-10-15T08:02:36.474000+00:00,0.9997804337885339
2025-10-15T09:02:41.526000+00:00,0.9995451272534903
2025-10-15T10:02:47.462000+00:00,0.9996635611964302
2025-10-15T11:06:07.133000+00:00,0.9997751355491084
2025-10-15T12:07:04.870000+00:00,0.9996710542025071
2025-10-15T13:03:02.240000+00:00,0.9999324041120127
2025-10-15T14:02:48.329000+00:00,0.9995342090277873
2025-10-15T15:02:47.323000+00:00,0.9994553930506546
2025-10-15T16:03:12.255000+00:00,0.9997918607953432
2025-10-15T17:02:55.692000+00:00,0.9995429590750147
2025-10-15T18:02:55.833000+00:00,0.9996804809481674
2025-10-15T19:02:57.103000+00:00,0.9996863174263363
2025-10-15T20:02:55.741000+00:00,0.9995518756873264
2025-10-15T21:03:01.547000+00:00,0.9996909518562891
2025-10-15T22:02:54.873000+00:00,0.9995574026958365
2025-10-15T23:02:52.184000+00:00,0.999780459611987
2025-10-16T00:02:40.821000+00:00,0.9996104686264493
2025-10-16T01:02:50.793000+00:00,0.9996675460383943
2025-10-16T02:02:38.989000+00:00,0.9999411591879015
2025-10-16T03:02:47.076000+00:00,0.9999800159779473
2025-10-16T04:02:43.705000+00:00,0.9995862959138261
2025-10-16T05:03:07.674000+00:00,0.9997555806139184
2025-10-16T06:02:47.179000+00:00,0.999755914607784
2025-10-16T07:02:44.689000+00:00,0.999879280903078
2025-10-16T08:02:41.522000+00:00,0.9995362570871746
2025-10-16T09:03:16.094000+00:00,0.9996894667370285
2025-10-16T10:02:49.505000+00:00,0.9997379131233771
2025-10-16T11:02:55.617000+00:00,0.9996199019065604
2025-10-16T12:02:51.282000+00:00,0.9996597404630256
2025-10-16T13:06:14.593000+00:00,0.9996513196997638
2025-10-16T14:02:45.494000+00:00,0.9996454878501699
2025-10-16T15:07:13.644000+00:00,0.9998293039929969
2025-10-16T16:02:47.981000+00:00,0.9995835403311202
2025-10-16T17:03:10.185000+00:00,0.9995481089288493
2025-10-16T18:03:13.271000+00:00,0.999729216566812
2025-10-16T19:06:17.536000+00:00,0.9996886438090242
2025-10-16T20:06:14.106000+00:00,0.9997959391093355
2025-10-16T21:02:47.371000+00:00,0.9996211628151386
2025-10-16T22:02:48.853000+00:00,0.9994049199073243
2025-10-16T23:03:06.649000+00:00,0.9996832809323966
2025-10-17T00:06:04.249000+00:00,0.9995126661335205
2025-10-17T01:02:48.798000+00:00,0.9995598430197613
2025-10-17T02:06:16.422000+00:00,0.9995848476489451
2025-10-17T03:03:00.438000+00:00,0.9996050077833059
2025-10-17T04:02:45.476000+00:00,0.9995576636201716
2025-10-17T05:02:47.062000+00:00,0.999463317778585
2025-10-17T06:02:48.551000+00:00,0.9994825065718443
2025-10-17T07:02:48.503000+00:00,0.9996459855878057
2025-10-17T08:03:18.771000+00:00,0.9996015794835832
2025-10-17T09:02:42.645000+00:00,0.9995286234812627
2025-10-17T10:02:49.084000+00:00,0.9995369597892573
2025-10-17T11:02:54.380000+00:00,0.999662663938949
2025-10-17T12:02:58.475000+00:00,0.9994133863107497
2025-10-17T13:02:58.295000+00:00,0.9994260258458878
2025-10-17T14:02:46.354000+00:00,0.9998410260080193
2025-10-17T15:03:10.987000+00:00,0.9996227564025623
2025-10-17T16:02:52.729000+00:00,0.9995658566908526
2025-10-17T17:03:32.931000+00:00,0.99956695538686
2025-10-17T18:02:41.637000+00:00,0.9999425608641939
2025-10-17T19:02:43.668000+00:00,0.9998687367020291
2025-10-17T20:02:42.247000+00:00,0.999604343188257
2025-10-17T21:06:08.461000+00:00,0.9997531514581613
2025-10-17T22:03:13.990000+00:00,0.9997428476373343
2025-10-17T23:03:03.953000+00:00,0.9998729194741802
2025-10-18T00:03:07.135000+00:00,0.9997451440413164
2025-10-18T01:06:39.744000+00:00,0.9998622338364374
2025-10-18T02:03:02.573000+00:00,0.9994130952930399
2025-10-18T03:03:05.678000+00:00,0.9999003728586786
2025-10-18T04:02:54.557000+00:00,0.9998238489634995
2025-10-18T05:02:47.156000+00:00,0.9996897861556047
2025-10-18T06:07:31.140000+00:00,0.9997766535262966
2025-10-18T07:03:11.317000+00:00,0.9997597282419264
2025-10-18T08:06:23.261000+00:00,0.9996814305133208
2025-10-18T09:03:02.368000+00:00,0.9997066894218721
2025-10-18T10:02:39.455000+00:00,0.9998833125623443
2025-10-18T11:03:08.583000+00:00,0.9997933158213271
2025-10-18T12:02:47.611000+00:00,0.9996318278326225
2025-10-18T13:07:24.762000+00:00,0.9997777018560151
2025-10-18T14:02:45.710000+00:00,0.9996641738296427
2025-10-18T15:02:47.342000+00:00,0.9998011105816759
2025-10-18T16:02:47.514000+00:00,0.9999225117543937
2025-10-18T17:05:55.823000+00:00,0.9997981346830307
2025-10-18T18:03:10.523000+00:00,0.9999753267782583
2025-10-18T19:06:12.170000+00:00,0.9999091647277396
2025-10-18T20:03:37.120000+00:00,0.9998348319401528
2025-10-18T21:03:21.802000+00:00,0.9998841906664235
2025-10-18T22:03:00.095000+00:00,0.9999337265538834
2025-10-18T23:02:47.608000+00:00,0.9999099532309099
2025-10-19T00:03:54.619000+00:00,0.9996964510774525
2025-10-19T01:02:47.427000+00:00,0.999766801166791
2025-10-19T02:02:59.465000+00:00,1.000097920222233
2025-10-19T03:02:44.451000+00:00,1.0000410860636584
2025-10-19T04:03:27.645000+00:00,1.0000283200953635
2025-10-19T05:02:50.365000+00:00,0.9999378608517064
2025-10-19T06:07:08.938000+00:00,1.0000169655363234
2025-10-19T07:02:29.626000+00:00,0.9997827425306106
2025-10-19T08:02:52.270000+00:00,0.999795744432721
2025-10-19T09:02:37.326000+00:00,0.9999104871005733
2025-10-19T10:02:35.187000+00:00,0.9999918127467463
2025-10-19T11:06:05.309000+00:00,0.9998516247728206
2025-10-19T12:02:53.595000+00:00,0.9999963821348402
2025-10-19T13:02:52.295000+00:00,0.9998413919776665
2025-10-19T14:02:40.829000+00:00,0.9998519730158479
2025-10-19T15:02:49.586000+00:00,0.999875396812125
2025-10-19T16:02:43.106000+00:00,0.9997221590214361
2025-10-19T17:02:57.343000+00:00,0.9998256164215003
2025-10-19T18:05:59.067000+00:00,1.0001316916674448
2025-10-19T19:02:50.824000+00:00,1.000107644860867
2025-10-19T20:02:43.748000+00:00,0.9999080218964631
2025-10-19T21:03:00.609000+00:00,1.000085755581287
2025-10-19T22:02:42.105000+00:00,0.9998407553149262
2025-10-19T23:06:59.042000+00:00,0.999783930832004
2025-10-20T00:02:38.521000+00:00,0.9998445664146919
2025-10-20T01:03:16.280000+00:00,0.9998964772360723
2025-10-20T02:02:51.164000+00:00,0.9998790128609096
2025-10-20T03:02:44.857000+00:00,0.999831484481456
2025-10-20T04:02:46.181000+00:00,1.00011102961912
2025-10-20T05:02:46.449000+00:00,0.9996605471308173
2025-10-20T06:02:48.407000+00:00,1.000002356291708
2025-10-20T07:06:26.036000+00:00,0.999717330561662
2025-10-20T08:02:32.261000+00:00,0.9996760413080198
2025-10-20T09:02:36.781000+00:00,0.999737125693579
2025-10-20T10:02:53.809000+00:00,0.999591521263436
2025-10-20T11:03:26.416000+00:00,0.9997360851216298
2025-10-20T12:02:44.540000+00:00,0.9999067503809009
2025-10-20T13:02:43.204000+00:00,0.9996617673570987
2025-10-20T14:02:47.529000+00:00,0.9995425234962928
2025-10-20T15:03:03.705000+00:00,0.999686538226472
2025-10-20T16:02:27.094000+00:00,0.9997417426303257
2025-10-20T17:06:00.296000+00:00,0.9999823490711273
2025-10-20T18:06:57.726000+00:00,0.9999466479679118
2025-10-20T19:02:22.509000+00:00,0.999881367241139
2025-10-20T20:02:42.499000+00:00,0.999648089896695
2025-10-20T21:05:56.244000+00:00,0.9996469924415754
2025-10-20T22:02:15.294000+00:00,0.9995614302978634
2025-10-20T23:02:46.566000+00:00,0.9995969059680238
2025-10-21T00:02:25.524000+00:00,0.999708599868167
2025-10-21T01:02:41.053000+00:00,0.9996800277756934
2025-10-21T02:02:29.827000+00:00,0.9996141352730672
2025-10-21T03:02:38.576000+00:00,0.9996595367195721
2025-10-21T04:02:22.915000+00:00,0.9997048993221143
2025-10-21T05:02:39.232000+00:00,0.9996083267965915
2025-10-21T06:02:41.883000+00:00,0.9995339837973729
2025-10-21T07:02:29.319000+00:00,0.9996248873649307
2025-10-21T08:02:26.384000+00:00,0.9995870326274696
2025-10-21T09:02:43.571000+00:00,0.9996802323814312
2025-10-21T10:06:45.292000+00:00,0.9997159208190355
2025-10-21T11:02:20.588000+00:00,0.9997212037125814
2025-10-21T12:02:46.884000+00:00,0.9997723769090107
2025-10-21T13:02:21.048000+00:00,0.9998038300611353
2025-10-21T14:02:19.331000+00:00,0.9997001298149008
2025-10-21T15:02:29.434000+00:00,0.9997238698895351
2025-10-21T16:02:29.532000+00:00,0.9991966183400138
2025-10-21T17:02:36.717000+00:00,0.9995175550678636
2025-10-21T18:02:27.623000+00:00,0.9992350605259491
2025-10-21T19:06:49.348000+00:00,0.9996836489896482
2025-10-21T20:02:48.663000+00:00,0.9992408456830272
2025-10-21T21:02:52.180000+00:00,0.9991135464684352
2025-10-21T22:02:34.714000+00:00,0.9994262949513484
2025-10-21T23:06:56.771000+00:00,0.9988181229619664
2025-10-22T00:02:26.015000+00:00,1.0000697084978825
2025-10-22T01:02:30.734000+00:00,0.9993454072617529
2025-10-22T02:02:22.499000+00:00,0.9995791166537557
2025-10-22T03:02:44.484000+00:00,0.9993720092053743
2025-10-22T04:02:28.444000+00:00,0.9995138111500518
2025-10-22T05:07:01.439000+00:00,0.9994304757164785
2025-10-22T06:02:40.205000+00:00,0.9994501992585135
2025-10-22T07:02:25.078000+00:00,0.9995955978745408
2025-10-22T08:02:29.133000+00:00,0.9992726125044625
2025-10-22T09:06:00.753000+00:00,0.9995855828308325
2025-10-22T10:02:33.294000+00:00,0.9994557804306582
2025-10-22T11:02:24.130000+00:00,0.9993095930614246
2025-10-22T12:02:40.661000+00:00,1.0000379136139466
2025-10-22T13:02:35.121000+00:00,0.9995918852327697
2025-10-22T14:02:24.625000+00:00,0.9998684253795337
2025-10-22T15:02:34.166000+00:00,0.9995808733311898
2025-10-22T16:02:22.341000+00:00,0.9996224288109979
2025-10-22T17:03:02.319000+00:00,1.00008703402237
2025-10-22T18:06:47.378000+00:00,0.9998660050455129
2025-10-22T19:02:16.355000+00:00,0.9995774907180908
2025-10-22T20:02:21.273000+00:00,0.9994768695836441
2025-10-22T21:02:39.604000+00:00,0.9995568525629567
2025-10-22T22:02:41.485000+00:00,0.9994769053748792
2025-10-22T23:02:32.747000+00:00,0.9995787103413059
2025-10-23T00:06:42.134000+00:00,0.9995426739758673
2025-10-23T01:02:52.392000+00:00,0.9997105424518956
2025-10-23T02:07:25.935000+00:00,0.99965688181026
2025-10-23T03:02:50.789000+00:00,0.9997660417203103
2025-10-23T04:02:29.390000+00:00,0.9996542990711704
2025-10-23T05:02:39.272000+00:00,0.999673544080365
2025-10-23T06:02:38.765000+00:00,0.9995857470680687
2025-10-23T07:02:17.138000+00:00,0.9999027403593684
2025-10-23T08:02:14.261000+00:00,0.9996217978862164
2025-10-23T09:02:51.693000+00:00,0.9995858177933861
2025-10-23T10:02:30.240000+00:00,0.9997273315920083
2025-10-23T11:02:23.353000+00:00,0.9996176628688048
2025-10-23T12:02:52.668000+00:00,0.9995968208729066
2025-10-23T13:02:31.813000+00:00,0.9996851199401305
2025-10-23T14:02:49.733000+00:00,0.9997065366087421
2025-10-23T15:02:53.247000+00:00,0.9996213778646296
2025-10-23T16:02:16.362000+00:00,0.9997776541322669
2025-10-23T17:02:28.206000+00:00,0.9995770482884576
2025-10-23T18:02:39.262000+00:00,0.9996706294241562
2025-10-23T19:02:47.608000+00:00,0.99973768893906
2025-10-23T20:02:39.063000+00:00,0.999605731690866
2025-10-23T21:02:26.106000+00:00,0.9995969723017557
2025-10-23T22:06:36.810000+00:00,0.9996407534434214
2025-10-23T23:02:27.274000+00:00,0.9994906780758512
2025-10-24T00:02:27.615000+00:00,0.9994983431952694
2025-10-24T01:02:41.438000+00:00,0.999704082165357
2025-10-24T02:32:59.277000+00:00,0.9996587805867717
2025-10-24T03:06:13.760000+00:00,0.9996815328455031
2025-10-24T04:02:22.594000+00:00,0.9997546794541897
2025-10-24T05:02:19.693000+00:00,0.9997524332324483
2025-10-24T06:02:28.871000+00:00,0.9996839977555688
2025-10-24T07:02:19.838000+00:00,0.9997434686797282
2025-10-24T08:02:14.883000+00:00,0.999757199241394
2025-10-24T09:02:40.745000+00:00,0.9995549654830421
2025-10-24T10:02:30.025000+00:00,0.9996495140748132
2025-10-24T11:02:26.420000+00:00,0.999790747742165
2025-10-24T12:02:21.720000+00:00,0.9995033975968913
2025-10-24T13:02:41.282000+00:00,0.9994764727262093
2025-10-24T14:02:21.537000+00:00,0.9994855656414331
2025-10-24T15:02:39.444000+00:00,0.999572677526678
2025-10-24T16:02:18.965000+00:00,0.9997094250715762
2025-10-24T17:02:35.403000+00:00,0.9996877827591731
2025-10-24T18:02:24.911000+00:00,0.9996813397813392
2025-10-24T19:02:22.673000+00:00,0.9997051054661578
2025-10-24T20:02:33.790000+00:00,0.9997023747180516
2025-10-24T21:02:23.649000+00:00,0.9998366881709474
2025-10-24T22:02:36.153000+00:00,0.9995939206047021
2025-10-24T23:02:29.959000+00:00,0.999798060930087
2025-10-25T00:02:43.407000+00:00,0.9997735447662873
2025-10-25T01:02:34.103000+00:00,0.9997454305339964
2025-10-25T02:06:47.216000+00:00,0.9998473201941018
2025-10-25T03:02:24.966000+00:00,0.9998404634191201
2025-10-25T04:02:46.210000+00:00,0.9998041661664947
2025-10-25T05:02:34.621000+00:00,0.9997452145391289
2025-10-25T06:02:30.307000+00:00,0.9996830449523209
2025-10-25T07:07:11.527000+00:00,0.9995982584868094
2025-10-25T08:02:26.225000+00:00,0.9996266304575271
2025-10-25T09:02:15.587000+00:00,0.9997631042809799
2025-10-25T10:02:44.225000+00:00,0.9994895179624275
2025-10-25T11:02:30.478000+00:00,0.9998020834787968
2025-10-25T12:02:20.021000+00:00,0.9999356658977727
2025-10-25T13:02:32.855000+00:00,0.9995553052334599
2025-10-25T14:02:26.290000+00:00,0.9996484618580153
2025-10-25T15:02:28.632000+00:00,0.9997068189167447
2025-10-25T16:02:16.418000+00:00,0.9996127907570136
2025-10-25T17:02:52.618000+00:00,0.9996840164286752
2025-10-25T18:02:26.511000+00:00,0.999678267782986
2025-10-25T19:02:21.456000+00:00,0.9997239543529531
2025-10-25T20:03:03.920000+00:00,0.9997186047255027
2025-10-25T21:02:42.760000+00:00,0.9995300238019156
2025-10-25T22:02:27.849000+00:00,0.9997089781024061
2025-10-25T23:02:30.629000+00:00,0.9998234832232902
2025-10-26T00:02:12.215000+00:00,0.9996974828984149
2025-10-26T01:02:39.923000+00:00,0.9998849028349891
2025-10-26T02:02:40.312000+00:00,0.9996366042102462
2025-10-26T03:02:16.291000+00:00,0.9997742795895358
2025-10-26T04:02:19.562000+00:00,0.9997066873932018
2025-10-26T05:02:28.081000+00:00,0.9997245803138762
2025-10-26T06:02:41.802000+00:00,0.9997221607635717
2025-10-26T07:02:39.290000+00:00,0.9996105869958773
2025-10-26T08:02:20.086000+00:00,0.9996447841930092
2025-10-26T09:02:40.857000+00:00,0.9998554693505676
2025-10-26T10:06:31.189000+00:00,0.9999151686750436
2025-10-26T11:02:26.776000+00:00,0.9996984772520787
2025-10-26T12:02:45.163000+00:00,0.9999117875419185
2025-10-26T13:02:42.907000+00:00,0.9996420087453128
2025-10-26T14:02:30.104000+00:00,0.9995899887789907
2025-10-26T15:02:37.344000+00:00,0.9993895240614927
2025-10-26T16:02:23.330000+00:00,0.9995987280621131
2025-10-26T17:07:06.283000+00:00,0.9996581666130805
2025-10-26T18:02:50.911000+00:00,0.9995169743267552
2025-10-26T19:02:32.238000+00:00,0.9996402524672823
2025-10-26T20:07:29.167000+00:00,0.9995806759542649
2025-10-26T21:02:20.393000+00:00,0.9997216305988446
2025-10-26T22:02:20.958000+00:00,0.9996853289375897
2025-10-26T23:02:37.915000+00:00,0.9997506597726824
2025-10-27T00:02:31.258000+00:00,0.9996094783818217
2025-10-27T01:02:46.509000+00:00,0.9998427999349759
2025-10-27T02:02:31.937000+00:00,0.9996742200359753
2025-10-27T03:02:31.337000+00:00,0.9997385117383637
2025-10-27T04:02:22.256000+00:00,0.99956360728949
2025-10-27T05:02:34.247000+00:00,0.9997741959684788
2025-10-27T06:02:32.006000+00:00,0.9997775852854963
2025-10-27T07:02:28.530000+00:00,0.9996619678422592
2025-10-27T08:02:42.152000+00:00,0.999693449706736
2025-10-27T09:02:27.170000+00:00,0.999750347040583
2025-10-27T10:06:52.829000+00:00,0.9997621133082517
2025-10-27T11:02:40.651000+00:00,0.9996732348222738
2025-10-27T12:02:37.351000+00:00,0.999669280479654
2025-10-27T13:02:29.022000+00:00,0.999405288335067
2025-10-27T14:02:30.618000+00:00,0.9995641030558504
2025-10-27T15:02:52.215000+00:00,0.99962983118692
2025-10-27T16:02:22.515000+00:00,0.9995862179263005
2025-10-27T17:02:54.060000+00:00,0.999585313993805
2025-10-27T18:02:52.188000+00:00,0.999679158374275
2025-10-27T19:02:30.339000+00:00,0.9995933995134151
2025-10-27T20:02:22.984000+00:00,0.9995154448387176
2025-10-27T21:02:39.768000+00:00,0.9993890689115771
2025-10-27T22:02:34.689000+00:00,0.9995426487520436
2025-10-27T23:06:24.353000+00:00,0.9995751973552257
2025-10-28T00:02:31.484000+00:00,0.9996247776332011
2025-10-28T01:06:31.399000+00:00,0.9998144115422389
2025-10-28T02:02:26.264000+00:00,0.9997114978635798
2025-10-28T03:02:36.019000+00:00,0.9994158297399311
2025-10-28T04:02:34.710000+00:00,0.9995708166616039
2025-10-28T05:02:25.073000+00:00,0.9997469699693724
2025-10-28T06:02:40.142000+00:00,0.9995713452105042
2025-10-28T07:02:32.883000+00:00,0.9996686445058229
2025-10-28T08:02:15.428000+00:00,0.9995247391593354
2025-10-28T09:02:32.564000+00:00,0.9993518426657338
2025-10-28T10:06:18.848000+00:00,0.9995241537087254
2025-10-28T11:02:30.535000+00:00,0.9999112154854891
2025-10-28T12:02:33.844000+00:00,0.9995670627630675
2025-10-28T13:06:48.833000+00:00,0.9996158264955995
2025-10-28T14:02:33.126000+00:00,0.9995027334138389
2025-10-28T15:02:29.043000+00:00,0.9996701423227781
2025-10-28T16:02:16.913000+00:00,0.9996367388414702
2025-10-28T17:02:47.028000+00:00,0.9998311020897396
2025-10-28T18:02:47.473000+00:00,0.9998567346642164
2025-10-28T19:02:25.778000+00:00,0.9996734144575347
2025-10-28T20:02:35.814000+00:00,0.9995777229482496
2025-10-28T21:02:31.038000+00:00,0.9996000282705363
2025-10-28T22:06:58.645000+00:00,0.9994358372296621
2025-10-28T23:02:31.028000+00:00,0.9996900168293726
2025-10-29T00:02:31.982000+00:00,0.99962043300599
2025-10-29T01:06:54.906000+00:00,0.999475791561136
2025-10-29T02:02:25.657000+00:00,0.9996876809233658
2025-10-29T03:04:13.303000+00:00,0.9996512538791857
2025-10-29T04:02:40.529000+00:00,0.9997462051461897
2025-10-29T05:06:11.094000+00:00,0.9997451700824428
2025-10-29T06:02:31.415000+00:00,0.9996934899244907
2025-10-29T07:02:46.673000+00:00,0.999719429174983
2025-10-29T08:02:19.634000+00:00,0.9996579167800815
2025-10-29T09:02:22.942000+00:00,0.9996901842158599
2025-10-29T10:02:24.792000+00:00,0.9994846048611487
2025-10-29T11:02:17.587000+00:00,0.9995408515296335
2025-10-29T12:02:45.514000+00:00,0.9996964439786155
2025-10-29T13:06:18.670000+00:00,0.9996007307940018
2025-10-29T14:02:20.446000+00:00,0.9995902991253238
2025-10-29T15:03:07.062000+00:00,0.9994730729283491
2025-10-29T16:02:28.970000+00:00,0.999353961444139
2025-10-29T17:02:23.748000+00:00,0.9994334942751636
2025-10-29T18:02:33.472000+00:00,0.9994752629426703
2025-10-29T19:03:00.901000+00:00,0.999489127339871
2025-10-29T20:02:29.221000+00:00,0.9995060664013801
2025-10-29T21:05:21.814000+00:00,0.9995507780144154
2025-10-29T22:02:31.395000+00:00,0.9995755669179701
2025-10-29T23:02:22.602000+00:00,0.9995634160681872
2025-10-30T00:02:52.407000+00:00,0.999458640472289
2025-10-30T01:08:04.138000+00:00,0.9995847379245483
2025-10-30T02:02:28.225000+00:00,0.9996623221922145
2025-10-30T03:02:39.186000+00:00,0.9994312256686807
2025-10-30T04:07:11.739000+00:00,0.9996885415342018
2025-10-30T05:07:36.008000+00:00,0.9994033841128673
2025-10-30T06:06:03.260000+00:00,0.9994437650248912
2025-10-30T07:02:19.814000+00:00,0.9995145081572236
2025-10-30T08:02:13.927000+00:00,0.9995090565598539
2025-10-30T09:02:22.394000+00:00,0.9994935972738591
2025-10-30T10:02:33.261000+00:00,0.9994346066141707
2025-10-30T11:02:42.707000+00:00,0.9993653915883555
2025-10-30T12:02:44.967000+00:00,0.9994428656069141
2025-10-30T13:03:05.430000+00:00,0.9993380974274552
