datetime_utc,price_usd
2025-08-01T14:07:13.203000+00:00,0.9968269663408817
2025-08-01T15:07:11.455000+00:00,1.0000812995910064
2025-08-01T16:07:24.547000+00:00,0.9996755596524016
2025-08-01T17:08:17.255000+00:00,1.0000651376493732
2025-08-01T18:08:35.484000+00:00,0.9972637354423842
2025-08-01T19:08:42.246000+00:00,0.9998244397375115
2025-08-01T20:08:14.602000+00:00,1.0002477293178222
2025-08-01T21:08:37.336000+00:00,0.9993719081286561
2025-08-01T22:08:21.950000+00:00,1.0007966149480705
2025-08-01T23:07:33.737000+00:00,1.0008806523158236
2025-08-02T00:08:42.864000+00:00,0.9989518909183596
2025-08-02T01:07:48.348000+00:00,1.0010444355189811
2025-08-02T02:08:22.212000+00:00,0.9999334280188431
2025-08-02T03:08:14.008000+00:00,1.0010248366639074
2025-08-02T04:06:05.314000+00:00,1.000035687610202
2025-08-02T05:07:18.650000+00:00,1.0001043591390535
2025-08-02T06:07:17.343000+00:00,0.9994145698719074
2025-08-02T07:08:18.906000+00:00,1.0000501797010204
2025-08-02T08:07:28.457000+00:00,0.9998312084653844
2025-08-02T09:07:24.187000+00:00,1.001286751719589
2025-08-02T10:08:43.256000+00:00,1.00013047977393
2025-08-02T11:08:07.548000+00:00,0.9990595383855139
2025-08-02T12:06:41.296000+00:00,0.9999217926253774
2025-08-02T13:08:17.038000+00:00,0.9989311008495614
2025-08-02T14:08:38.609000+00:00,1.0006024512676994
2025-08-02T15:07:16.287000+00:00,1.0006766387681367
2025-08-02T16:08:40.858000+00:00,0.9996787339425959
2025-08-02T17:07:59.500000+00:00,0.9996299401363912
2025-08-02T18:07:54.040000+00:00,0.9995775118760036
2025-08-02T19:07:47.087000+00:00,0.9996713971387555
2025-08-02T20:08:31.888000+00:00,1.0002926996765666
2025-08-02T21:08:31.260000+00:00,0.9992346244938888
2025-08-02T22:08:46.896000+00:00,0.9996157774450456
2025-08-02T23:08:37.667000+00:00,0.9999495111733268
2025-08-03T00:08:34.906000+00:00,0.998612395875916
2025-08-03T01:07:25.838000+00:00,1.0000914500255944
2025-08-03T02:07:17.369000+00:00,0.9999920227949656
2025-08-03T03:08:42.735000+00:00,1.003514064725006
2025-08-03T04:06:12.322000+00:00,1.000144594213938
2025-08-03T05:06:56.336000+00:00,0.9991861680126906
2025-08-03T06:07:40.954000+00:00,0.9999382478547679
2025-08-03T07:08:12.759000+00:00,0.9995508078681712
2025-08-03T08:07:51.971000+00:00,1.0002756777628758
2025-08-03T09:08:02.895000+00:00,1.0005563897916032
2025-08-03T10:08:31.239000+00:00,0.9995885132190653
2025-08-03T11:08:52.792000+00:00,1.0005467477456986
2025-08-03T12:08:04.829000+00:00,0.9995018724415188
2025-08-03T13:07:54.074000+00:00,0.9998120440482688
2025-08-03T14:07:53.373000+00:00,0.9999217104670163
2025-08-03T15:07:38.654000+00:00,0.9998920495993525
2025-08-03T16:08:56.431000+00:00,1.0007862137889643
2025-08-03T17:08:09.645000+00:00,0.9994847176527568
2025-08-03T18:08:36.761000+00:00,1.0001064726467668
2025-08-03T19:08:48.656000+00:00,1.0003260603427517
2025-08-03T20:08:21.815000+00:00,0.9993938302463298
2025-08-03T21:02:29.441000+00:00,1.0000504600670748
2025-08-03T22:02:39.157000+00:00,0.9996731134364802
2025-08-03T23:02:26.583000+00:00,0.9999224862362697
2025-08-04T00:02:38.682000+00:00,1.0004685970582086
2025-08-04T01:02:34.536000+00:00,0.9997300703964817
2025-08-04T02:02:36.925000+00:00,0.9999103423415137
2025-08-04T03:04:54.199000+00:00,0.9995347992532337
2025-08-04T04:05:37.303000+00:00,1.0009516379739334
2025-08-04T05:04:57.361000+00:00,1.000478846145783
2025-08-04T06:04:53.570000+00:00,1.000789445646317
2025-08-04T07:05:25.055000+00:00,0.9995011277050876
2025-08-04T08:07:25.255000+00:00,1.0005995424792982
2025-08-04T09:08:53.637000+00:00,0.9994195419720511
2025-08-04T10:08:40.336000+00:00,0.9994426998503533
2025-08-04T11:06:58.641000+00:00,0.9999035983391409
2025-08-04T12:08:52.856000+00:00,0.9996700165846908
2025-08-04T13:08:54.333000+00:00,0.9995195952431603
2025-08-04T14:09:03.628000+00:00,1.000483598820258
2025-08-04T15:09:20.195000+00:00,0.9997114086365089
2025-08-04T16:09:01.474000+00:00,1.001130766169856
2025-08-04T17:09:11.621000+00:00,1.0003816341269625
2025-08-04T18:09:24.069000+00:00,0.9999257542918246
2025-08-04T19:09:12.788000+00:00,0.9977741716361586
2025-08-04T20:09:12.432000+00:00,1.0006254016045757
2025-08-04T21:09:26.417000+00:00,0.9997062906343019
2025-08-04T22:09:19.753000+00:00,0.9999967881266681
2025-08-04T23:09:23.851000+00:00,1.0001852497245043
2025-08-05T00:09:08.740000+00:00,0.9991156505611152
2025-08-05T01:09:22.838000+00:00,1.0005924631895082
2025-08-05T02:09:04.656000+00:00,0.998968653708077
2025-08-05T03:08:44.484000+00:00,1.0001052544735314
2025-08-05T04:07:33.729000+00:00,0.9994281741334446
2025-08-05T05:08:35.671000+00:00,0.9995814019790008
2025-08-05T06:08:53.108000+00:00,0.9997983903114684
2025-08-05T07:08:35.916000+00:00,0.9992684935700069
2025-08-05T08:08:14.737000+00:00,1.0001140150690189
2025-08-05T09:08:51.149000+00:00,1.0006329179532434
2025-08-05T10:08:52.015000+00:00,1.0006552059827436
2025-08-05T11:09:13.025000+00:00,1.0000000461140774
2025-08-05T12:09:03.065000+00:00,1.0009974057452118
2025-08-05T13:09:11.863000+00:00,0.9997078570589979
2025-08-05T14:08:17.763000+00:00,1.0001567416696535
2025-08-05T15:09:04.333000+00:00,0.9986488457213815
2025-08-05T16:09:27.589000+00:00,1.000794073342117
2025-08-05T17:09:25.749000+00:00,1.0000892315633254
2025-08-05T18:09:23.083000+00:00,1.0000956915448591
2025-08-05T19:09:16.667000+00:00,1.0003182529642116
2025-08-05T20:09:13.329000+00:00,0.9994140729342146
2025-08-05T21:09:19.713000+00:00,1.002719160023951
2025-08-05T22:09:09.978000+00:00,0.9991409202316835
2025-08-05T23:09:20.067000+00:00,1.000623634947899
2025-08-06T00:09:18.714000+00:00,0.9995675980435711
2025-08-06T01:09:08.213000+00:00,1.0000332174587836
2025-08-06T02:09:11.681000+00:00,1.0001795409973682
2025-08-06T03:09:09.241000+00:00,1.0004246366633107
2025-08-06T04:09:08.291000+00:00,0.9997348543504442
2025-08-06T05:09:11.878000+00:00,1.0001154215893646
2025-08-06T06:09:23.828000+00:00,0.999578623864454
2025-08-06T07:09:00.883000+00:00,1.0010826973765157
2025-08-06T08:09:10.809000+00:00,0.9996299448589814
2025-08-06T09:09:09.232000+00:00,1.0004690848024398
2025-08-06T10:08:44.312000+00:00,1.0004180590902436
2025-08-06T11:09:08.918000+00:00,1.0007002663934683
2025-08-06T12:09:21.820000+00:00,1.0003682229744801
2025-08-06T13:08:50.881000+00:00,1.0009574880015837
2025-08-06T14:08:55.063000+00:00,0.999883406759514
2025-08-06T15:09:17.729000+00:00,0.9998957653475491
2025-08-06T16:09:17.269000+00:00,1.0008768659651457
2025-08-06T17:08:58.599000+00:00,0.9998089959180148
2025-08-06T18:09:11.439000+00:00,1.0001383728878885
2025-08-06T19:09:25.425000+00:00,0.9995748339912879
2025-08-06T20:08:51.991000+00:00,1.0000303924922402
2025-08-06T21:09:18.581000+00:00,1.0003115476803848
2025-08-06T22:09:02.969000+00:00,1.0004259246642981
2025-08-06T23:09:10.694000+00:00,1.0000960668008971
2025-08-07T00:09:01.801000+00:00,0.9994889694700394
2025-08-07T01:09:00.260000+00:00,0.999510334931536
2025-08-07T02:09:33.342000+00:00,1.0006532569788067
2025-08-07T03:06:54.838000+00:00,0.9996894820546149
2025-08-07T04:07:41.681000+00:00,1.0005823362702224
2025-08-07T05:08:13.792000+00:00,0.9993224362331391
2025-08-07T06:08:00.642000+00:00,0.9999815328685775
2025-08-07T07:07:49.654000+00:00,1.0000973143107859
2025-08-07T08:07:47.831000+00:00,0.9998989904363312
2025-08-07T09:08:43.986000+00:00,0.9991208838745854
2025-08-07T10:09:22.696000+00:00,1.000403455163751
2025-08-07T11:09:35.550000+00:00,0.9994530332072984
2025-08-07T12:09:29.455000+00:00,1.0002362247599934
2025-08-07T13:09:36.320000+00:00,1.0001833496099124
2025-08-07T14:09:33.954000+00:00,0.9995471553863847
2025-08-07T15:09:32.920000+00:00,0.9991794891084094
2025-08-07T16:09:42.834000+00:00,1.0005900420617808
2025-08-07T17:09:41.573000+00:00,0.9996821980495477
2025-08-07T18:09:32.429000+00:00,1.0006033670500705
2025-08-07T19:04:48.347000+00:00,1.0000651375464982
2025-08-07T20:03:54.558000+00:00,1.001886659935955
2025-08-07T21:03:54.536000+00:00,1.000051396502176
2025-08-07T22:09:08.862000+00:00,1.0002291832283068
2025-08-07T23:09:21.817000+00:00,1.0002753059632143
2025-08-08T00:09:19.976000+00:00,1.0005978115015257
2025-08-08T01:09:21.852000+00:00,1.000022665287909
2025-08-08T02:09:18.093000+00:00,0.9993176183090009
2025-08-08T03:09:00.791000+00:00,1.0003025967117896
2025-08-08T04:09:12.200000+00:00,0.999623891247495
2025-08-08T05:09:03.742000+00:00,0.9995612507529765
2025-08-08T06:09:11.357000+00:00,0.9996138891402537
2025-08-08T07:09:07.688000+00:00,1.0000891501668052
2025-08-08T08:09:06.557000+00:00,0.9992429597454139
2025-08-08T09:09:09.116000+00:00,0.9999083354982155
2025-08-08T10:09:04.447000+00:00,1.0002666077259437
2025-08-08T11:09:13.904000+00:00,0.9993088275835944
2025-08-08T12:09:26.170000+00:00,1.0000230362859164
2025-08-08T13:09:21.086000+00:00,0.9996096907078627
2025-08-08T14:09:23.919000+00:00,1.0001600991714963
2025-08-08T15:09:36.948000+00:00,0.9979750784836985
2025-08-08T16:09:27.140000+00:00,0.9995022913888989
2025-08-08T17:09:36.597000+00:00,1.0006613402369846
2025-08-08T18:09:28.509000+00:00,1.0010940746497468
2025-08-08T19:09:49.800000+00:00,0.9996289002540124
2025-08-08T20:09:36.069000+00:00,1.000370640112103
2025-08-08T21:09:16.362000+00:00,0.9995468175471247
2025-08-08T22:09:15.434000+00:00,0.9991758622701038
2025-08-08T23:09:24.213000+00:00,1.0000367652559903
2025-08-09T00:09:29.963000+00:00,0.9995685095078053
2025-08-09T01:09:34.845000+00:00,1.0005033512393549
2025-08-09T02:09:26.908000+00:00,1.0000981567365872
2025-08-09T03:09:28.538000+00:00,1.0004946407121236
2025-08-09T04:09:17.851000+00:00,0.9992565978834694
2025-08-09T05:09:33.320000+00:00,0.9992954926381289
2025-08-09T06:09:30.117000+00:00,0.9997269391975268
2025-08-09T07:09:28.432000+00:00,1.0002135655541957
2025-08-09T08:09:29.515000+00:00,0.9997797943144222
2025-08-09T09:09:26.194000+00:00,1.0007531623231676
2025-08-09T10:09:38.600000+00:00,1.0000551772200794
2025-08-09T11:09:20.457000+00:00,1.0005295023597833
2025-08-09T12:09:36.820000+00:00,1.0005086432316566
2025-08-09T13:09:32.049000+00:00,1.0009528774518353
2025-08-09T14:09:26.283000+00:00,0.9993189206149913
2025-08-09T15:09:48.575000+00:00,0.9976868709709124
2025-08-09T16:09:43.588000+00:00,1.000963144388765
2025-08-09T17:09:39.925000+00:00,0.9989094641275
2025-08-09T18:09:45.830000+00:00,0.9998512237951253
2025-08-09T19:09:34.437000+00:00,0.9995581554729204
2025-08-09T20:09:38.314000+00:00,0.9996418528285053
2025-08-09T21:09:52.545000+00:00,1.0004189029283244
2025-08-09T22:09:36.575000+00:00,1.0009440213619336
2025-08-09T23:10:00.370000+00:00,1.0014548517803048
2025-08-10T00:10:55.077000+00:00,0.999202979580112
2025-08-10T01:09:46.682000+00:00,1.0010346919711435
2025-08-10T02:11:50.300000+00:00,0.9996787107936013
2025-08-10T03:10:16.459000+00:00,1.0001194924554904
2025-08-10T04:11:19.393000+00:00,1.0012250357947843
2025-08-10T05:09:57.680000+00:00,1.0007973741360257
2025-08-10T06:09:36.268000+00:00,1.000463827910984
2025-08-10T07:05:39.597000+00:00,1.0002205313044796
2025-08-10T08:05:32.220000+00:00,0.9987556458035296
2025-08-10T09:05:58.829000+00:00,0.999753532794729
2025-08-10T10:05:47.873000+00:00,1.0003835264216814
2025-08-10T11:04:42.798000+00:00,0.9992506294340207
2025-08-10T12:04:32.309000+00:00,0.9986883832726077
2025-08-10T13:04:33.137000+00:00,1.0006961970826174
2025-08-10T14:09:19.030000+00:00,1.000665484650202
2025-08-10T15:09:03.565000+00:00,0.9997017128427321
2025-08-10T16:09:07.147000+00:00,0.9999576547676293
2025-08-10T17:09:09.106000+00:00,0.9999403940731105
2025-08-10T18:08:58.345000+00:00,0.9998713380499453
2025-08-10T19:09:04.793000+00:00,0.9991174507180598
2025-08-10T20:09:02.894000+00:00,0.9991697131210777
2025-08-10T21:09:19.467000+00:00,0.9986698656587917
2025-08-10T22:09:15.858000+00:00,0.9994909665013769
2025-08-10T23:09:18.718000+00:00,1.0004283150172921
2025-08-11T00:09:00.475000+00:00,0.9996261552246856
2025-08-11T01:09:11.383000+00:00,0.9998714612446951
2025-08-11T02:09:09.910000+00:00,1.0023445764611827
2025-08-11T03:09:16.377000+00:00,1.00032722558867
2025-08-11T04:09:04.759000+00:00,1.0001801993057184
2025-08-11T05:09:26.598000+00:00,1.00016767481389
2025-08-11T06:09:30.211000+00:00,1.0005527008936999
2025-08-11T07:09:26.244000+00:00,0.9997915422694373
2025-08-11T08:09:24.423000+00:00,0.9997528216398422
2025-08-11T09:13:50.328000+00:00,1.0002999555446133
2025-08-11T10:09:47.594000+00:00,0.9993309214217408
2025-08-11T11:09:34.255000+00:00,1.0001609403317688
2025-08-11T12:09:46.217000+00:00,1.000912844420136
2025-08-11T13:09:41.262000+00:00,0.9996405546661741
2025-08-11T14:09:49.777000+00:00,1.0010633506528188
2025-08-11T15:09:49.860000+00:00,0.9980865769063708
2025-08-11T16:09:44.713000+00:00,1.0004971197173536
2025-08-11T17:09:57.154000+00:00,0.999898922627787
2025-08-11T18:09:44.534000+00:00,0.9989545773683723
2025-08-11T19:09:38.610000+00:00,0.9993871948768617
2025-08-11T20:09:51.064000+00:00,1.0000745347727213
2025-08-11T21:09:50.253000+00:00,0.9997615970692607
2025-08-11T22:09:53.137000+00:00,1.0003562798621033
2025-08-11T23:09:51.412000+00:00,0.998895906773166
2025-08-12T00:09:52.121000+00:00,0.9986015906784445
2025-08-12T01:09:44.462000+00:00,0.9993448645198547
2025-08-12T02:13:37.156000+00:00,1.00067610693092
2025-08-12T03:09:02.255000+00:00,0.9995069232663002
2025-08-12T04:08:58.393000+00:00,1.0006088651024805
2025-08-12T05:09:02.229000+00:00,0.999775784993309
2025-08-12T06:09:54.427000+00:00,0.9991311674196597
2025-08-12T07:09:31.439000+00:00,0.9999531523775735
2025-08-12T08:09:26.737000+00:00,1.0002438210706122
2025-08-12T09:09:59.569000+00:00,1.000022453576965
2025-08-12T10:09:58.291000+00:00,0.99979519250137
2025-08-12T11:11:38.396000+00:00,1.0003729048688246
2025-08-12T12:10:50.781000+00:00,1.0000101580858887
2025-08-12T13:11:44.293000+00:00,0.9986184244768342
2025-08-12T14:12:04.185000+00:00,1.0020123132351224
2025-08-12T15:11:58.040000+00:00,0.9999627844739233
2025-08-12T16:14:10.018000+00:00,1.0003807031009828
2025-08-12T17:09:59.872000+00:00,1.000147138726351
2025-08-12T18:08:57.778000+00:00,0.9997634969972389
2025-08-12T19:09:01.223000+00:00,0.9997425516896801
2025-08-12T20:08:55.277000+00:00,1.0005458806702932
2025-08-12T21:09:03.549000+00:00,0.9991170529021864
2025-08-12T22:08:59.720000+00:00,0.9998558547742498
2025-08-12T23:09:00.512000+00:00,1.0017116790590117
2025-08-13T00:08:43.252000+00:00,0.9998126506385908
2025-08-13T01:08:56.473000+00:00,1.0002966450016375
2025-08-13T02:09:10.044000+00:00,0.9998651287270394
2025-08-13T03:09:18.871000+00:00,0.998672951563173
2025-08-13T04:04:48.037000+00:00,1.0012021376591702
2025-08-13T05:04:52.876000+00:00,0.9995966721102685
2025-08-13T06:05:16.433000+00:00,0.9996891315143196
2025-08-13T07:04:17.895000+00:00,1.0001266021253175
2025-08-13T08:04:19.349000+00:00,1.0011365121433897
2025-08-13T09:04:14.004000+00:00,0.9998193721493661
2025-08-13T10:04:26.585000+00:00,1.0011813641006435
2025-08-13T11:08:59.748000+00:00,0.9998092820430479
2025-08-13T12:08:55.961000+00:00,0.9992470394984292
2025-08-13T13:04:16.804000+00:00,0.9994749430665879
2025-08-13T14:04:17.264000+00:00,0.9996247030943332
2025-08-13T15:04:16.811000+00:00,0.9985272243320851
2025-08-13T16:04:13.603000+00:00,0.9986200743220587
2025-08-13T17:04:08.483000+00:00,1.0001555676418314
2025-08-13T18:04:10.490000+00:00,0.9994508272464654
2025-08-13T19:04:14.293000+00:00,1.0006927478070076
2025-08-13T20:04:09.961000+00:00,1.0004544387994068
2025-08-13T21:04:14.379000+00:00,1.0005044107845147
2025-08-13T22:04:06.638000+00:00,0.999018602072357
2025-08-13T23:05:41.290000+00:00,0.9992548040634037
2025-08-14T00:05:34.475000+00:00,0.999697305086793
2025-08-14T01:06:32.639000+00:00,0.999598457453807
2025-08-14T02:22:25.190000+00:00,0.9990130566294292
2025-08-14T03:13:14.029000+00:00,1.0005288546125763
2025-08-14T03:24:40.066000+00:00,0.9998536985656364
2025-08-14T04:08:57.745000+00:00,1.0004930871767268
2025-08-14T05:08:47.334000+00:00,1.0006287969144725
2025-08-14T06:08:07.321000+00:00,0.9995388998911519
2025-08-14T07:08:31.366000+00:00,0.9995668666226232
2025-08-14T08:09:02.512000+00:00,1.0000530585307958
2025-08-14T09:06:45.830000+00:00,0.9988802157411295
2025-08-14T10:06:47.207000+00:00,0.9998040511312104
2025-08-14T11:07:46.502000+00:00,1.000187249624754
2025-08-14T12:07:31.621000+00:00,1.0005679849817273
2025-08-14T13:07:57.796000+00:00,0.9938474523470224
2025-08-14T14:08:36.419000+00:00,1.0160974983841813
2025-08-14T15:08:46.864000+00:00,0.9995353385796134
2025-08-14T16:02:53.381000+00:00,0.9987577632351763
2025-08-14T17:02:40.398000+00:00,0.9982821340194806
2025-08-14T18:03:11.272000+00:00,1.0016462632416874
2025-08-14T19:03:04.264000+00:00,0.9991057433149808
2025-08-14T20:03:12.219000+00:00,1.0003067606539175
2025-08-14T21:03:06.368000+00:00,1.0004764083800741
2025-08-14T22:03:07.254000+00:00,1.0003649231812015
2025-08-14T23:03:02.295000+00:00,0.9997988024060217
2025-08-15T00:03:07.009000+00:00,0.9994893579193246
2025-08-15T01:03:15.330000+00:00,1.0001025313280072
2025-08-15T02:03:05.713000+00:00,1.0000687216634532
2025-08-15T03:03:08.488000+00:00,0.999666983398195
2025-08-15T04:03:07.603000+00:00,1.0006264203491197
2025-08-15T05:03:03.996000+00:00,0.9998801708175102
2025-08-15T06:03:16.609000+00:00,1.000948961481612
2025-08-15T07:03:16.419000+00:00,0.9995050719793936
2025-08-15T08:03:17.509000+00:00,1.0002320203421349
2025-08-15T09:03:06.722000+00:00,0.9997659968207319
2025-08-15T10:03:06.847000+00:00,0.9996623592005319
2025-08-15T11:03:07.142000+00:00,1.000009553420371
2025-08-15T12:03:10.221000+00:00,1.0000774760295177
2025-08-15T13:03:19.019000+00:00,0.9992886962787247
2025-08-15T14:03:14.749000+00:00,0.9991616223011377
2025-08-15T15:03:25.128000+00:00,0.9995360830723585
2025-08-15T16:03:21.646000+00:00,1.0001209631752983
2025-08-15T17:03:15.609000+00:00,0.9998801844805094
2025-08-15T18:03:10.237000+00:00,0.999895651864368
2025-08-15T19:03:09.090000+00:00,0.9981455270428757
2025-08-15T20:03:11.173000+00:00,0.9995544148084432
2025-08-15T21:03:15.557000+00:00,1.0009300021390368
2025-08-15T22:03:12.731000+00:00,1.0006675125341866
2025-08-15T23:06:54.776000+00:00,1.0021489402725399
2025-08-16T00:03:12.573000+00:00,0.9995855921446803
2025-08-16T01:03:19.233000+00:00,0.9992493753490634
2025-08-16T02:03:15.334000+00:00,0.9997782373426582
2025-08-16T03:03:08.359000+00:00,1.0005429523758644
2025-08-16T04:03:07.635000+00:00,1.0016626344435526
2025-08-16T05:03:08.380000+00:00,1.0002595176743307
2025-08-16T06:07:21.186000+00:00,0.9999600587412245
2025-08-16T07:07:39.126000+00:00,0.9994320226350448
2025-08-16T08:03:11.300000+00:00,0.999387527056627
2025-08-16T09:03:08.665000+00:00,0.9999806859482592
2025-08-16T10:03:02.544000+00:00,0.9976344668064198
2025-08-16T11:03:11.992000+00:00,0.9988142823292685
2025-08-16T12:03:08.343000+00:00,1.0031144566695118
2025-08-16T13:03:11.705000+00:00,1.0009693411148826
2025-08-16T14:03:12.346000+00:00,1.0000923599094527
2025-08-16T15:03:12.268000+00:00,1.000260313875314
2025-08-16T16:03:11.082000+00:00,0.9997230627153227
2025-08-16T17:03:10.848000+00:00,0.9998964531049299
2025-08-16T18:07:09.721000+00:00,0.9995705808240426
2025-08-16T19:03:08.087000+00:00,1.0002861363789235
2025-08-16T20:03:12.640000+00:00,1.0008923019250893
2025-08-16T21:03:14.847000+00:00,0.9999531251859393
2025-08-16T22:05:43.221000+00:00,0.9996672195871045
2025-08-16T23:00:33.137000+00:00,1.0000320560466573
2025-08-17T00:00:34.009000+00:00,0.9999524501893382
2025-08-17T01:00:37.856000+00:00,1.00022723940329
2025-08-17T02:00:25.568000+00:00,1.000149618270278
2025-08-17T03:00:51.435000+00:00,0.999999637545018
2025-08-17T04:00:40.024000+00:00,1.0005120253846806
2025-08-17T05:00:39.320000+00:00,1.0001340379001238
2025-08-17T06:01:03.585000+00:00,0.9996111105466864
2025-08-17T07:00:38.768000+00:00,1.0000161502382818
2025-08-17T08:00:50.909000+00:00,1.0006489787955708
2025-08-17T09:00:47.418000+00:00,1.0009251621875863
2025-08-17T10:01:02.457000+00:00,0.9992243609009359
2025-08-17T11:01:03.668000+00:00,1.0001238786176523
2025-08-17T12:00:42.105000+00:00,0.9996499035754354
2025-08-17T13:00:36.434000+00:00,1.0000707768452517
2025-08-17T14:00:57.659000+00:00,0.9994799672516533
2025-08-17T15:00:57.365000+00:00,0.9992432253552462
2025-08-17T16:01:01.868000+00:00,1.0003506253585066
2025-08-17T17:00:32.163000+00:00,1.003875911192073
2025-08-17T18:00:34.682000+00:00,1.000390416381412
2025-08-17T19:01:09.909000+00:00,1.0002681163324678
2025-08-17T20:01:05.803000+00:00,1.003885106023913
2025-08-17T21:00:26.689000+00:00,1.0004618285812619
2025-08-17T22:00:43.497000+00:00,0.9995858020069862
2025-08-17T23:01:00.982000+00:00,1.0007997098994301
2025-08-18T00:00:51.065000+00:00,1.0012726143905928
2025-08-18T01:00:41.387000+00:00,0.9971792291048511
2025-08-18T02:00:57.150000+00:00,0.9984699280682645
2025-08-18T03:01:05.664000+00:00,1.0034269625035026
2025-08-18T04:01:00.863000+00:00,1.0013206991541048
2025-08-18T05:00:56.085000+00:00,0.9997402549113305
2025-08-18T06:00:55.010000+00:00,1.0011959315978352
2025-08-18T07:01:04.189000+00:00,0.9998401627607763
2025-08-18T08:01:44.830000+00:00,1.0006110784601103
2025-08-18T09:00:40.635000+00:00,1.0008463642898515
2025-08-18T10:00:59.547000+00:00,0.9992170874205412
2025-08-18T11:00:58.351000+00:00,0.9995868339930557
2025-08-18T12:01:05.304000+00:00,1.0010841278191611
2025-08-18T13:00:38.843000+00:00,0.9993504468372673
2025-08-18T14:01:05.769000+00:00,0.9997783151732016
2025-08-18T15:01:08.438000+00:00,1.0010861255632564
2025-08-18T16:01:00.619000+00:00,1.000781124848862
2025-08-18T17:00:39.532000+00:00,1.0007256976514096
2025-08-18T18:01:24.285000+00:00,1.002062511901691
2025-08-18T19:01:05.519000+00:00,1.0002487078435431
2025-08-18T20:00:45.331000+00:00,0.9998234550079166
2025-08-18T21:01:07.882000+00:00,1.0001160973562089
2025-08-18T22:00:53.303000+00:00,1.0017464407214018
2025-08-18T23:00:35.953000+00:00,0.9997169523005265
2025-08-19T00:01:05.600000+00:00,1.0008837821626413
2025-08-19T01:00:55.641000+00:00,1.0009011805547163
2025-08-19T02:01:07.089000+00:00,0.9997985405897564
2025-08-19T03:00:41.188000+00:00,0.9999174899740453
2025-08-19T04:01:09.672000+00:00,0.9995402602200212
2025-08-19T05:00:54.337000+00:00,1.0009537607841061
2025-08-19T06:00:45.771000+00:00,0.9993246769445292
2025-08-19T07:00:59.198000+00:00,0.9994028902092817
2025-08-19T08:00:46.338000+00:00,1.0002095788287204
2025-08-19T09:00:34.636000+00:00,1.0005185288182623
2025-08-19T10:00:52.702000+00:00,1.0004633590592285
2025-08-19T11:00:50.200000+00:00,0.9997161797353015
2025-08-19T12:00:42.924000+00:00,1.000714428989316
2025-08-19T13:00:25.220000+00:00,0.9995592575724509
2025-08-19T14:00:39.171000+00:00,1.0005740306382136
2025-08-19T15:00:39.609000+00:00,0.9991876733278616
2025-08-19T16:00:41.151000+00:00,0.9999196684363306
2025-08-19T17:00:42.308000+00:00,0.9982806593283321
2025-08-19T18:00:40.248000+00:00,1.0002117630368328
2025-08-19T19:00:40.084000+00:00,1.0002537021455198
2025-08-19T20:00:30.642000+00:00,1.000605429046848
2025-08-19T21:00:44.073000+00:00,1.0001011037948266
2025-08-19T22:00:35.914000+00:00,0.9999738957234308
2025-08-19T23:00:38.473000+00:00,1.0001112912677848
2025-08-20T00:00:49.901000+00:00,1.0002998643294867
2025-08-20T01:00:38+00:00,0.9994900310793524
2025-08-20T02:00:30.123000+00:00,1.0025286558887325
2025-08-20T03:00:47.959000+00:00,1.0003989755861415
2025-08-20T04:00:46.784000+00:00,1.0004567469478773
2025-08-20T05:00:47.386000+00:00,0.999948046644983
2025-08-20T06:00:51.287000+00:00,0.9999902294204862
2025-08-20T07:00:38.953000+00:00,1.000593758035668
2025-08-20T08:00:26.492000+00:00,0.9995524221439483
2025-08-20T09:00:55.626000+00:00,1.0003344360102875
2025-08-20T10:00:48.318000+00:00,0.9999914852871651
2025-08-20T11:00:34.386000+00:00,0.9996705748882119
2025-08-20T12:00:41.266000+00:00,1.000323425573279
2025-08-20T13:00:41.902000+00:00,1.0004683565435883
2025-08-20T14:00:32.952000+00:00,1.0022730969098337
2025-08-20T15:00:49.778000+00:00,0.9990480590425466
2025-08-20T16:00:44.087000+00:00,0.999571728975741
2025-08-20T17:00:36.307000+00:00,1.000096118664714
2025-08-20T18:01:42.370000+00:00,1.000384951391838
2025-08-20T19:01:29.884000+00:00,0.9998437974831679
2025-08-20T20:01:37.080000+00:00,1.0006791013741565
2025-08-20T21:00:58.526000+00:00,1.000444891821778
2025-08-20T22:01:10.708000+00:00,1.0003923710613136
2025-08-20T23:01:36.702000+00:00,1.0004942267718242
2025-08-21T00:01:42.319000+00:00,0.9994539259227083
2025-08-21T01:01:38.657000+00:00,0.9999773601768946
2025-08-21T02:01:39.454000+00:00,1.000872101296826
2025-08-21T03:01:38.926000+00:00,1.0002548292426987
2025-08-21T04:01:40.944000+00:00,0.9993055949516676
2025-08-21T05:01:41.031000+00:00,0.9998238665137048
2025-08-21T06:01:09.296000+00:00,0.99979322518669
2025-08-21T07:01:22.474000+00:00,1.0006033162853607
2025-08-21T08:01:26.991000+00:00,1.0002023724872395
2025-08-21T09:01:17.911000+00:00,0.9996776414015658
2025-08-21T10:01:51.884000+00:00,1.000224540346159
2025-08-21T11:00:28.493000+00:00,1.000423213730631
2025-08-21T12:00:32.404000+00:00,0.9985006074543641
2025-08-21T13:00:42.584000+00:00,0.9991589898430355
2025-08-21T14:00:46.150000+00:00,1.0011825735724156
2025-08-21T15:01:11.363000+00:00,0.9994417219088347
2025-08-21T16:00:45.644000+00:00,1.0000712454578633
2025-08-21T17:00:55.927000+00:00,0.9993846460097858
2025-08-21T18:00:43.839000+00:00,0.9997841602168976
2025-08-21T19:00:48.982000+00:00,0.9991073050804802
2025-08-21T20:00:47.622000+00:00,0.9999621025429022
2025-08-21T21:00:49.752000+00:00,1.0000355960798997
2025-08-21T22:02:05.028000+00:00,0.9998939004778447
2025-08-21T23:02:04.297000+00:00,1.0004916101212573
2025-08-22T00:02:05.744000+00:00,1.0001790081877764
2025-08-22T01:02:09.668000+00:00,1.0006217510759792
2025-08-22T02:02:06.227000+00:00,1.0004528881631702
2025-08-22T03:01:56.055000+00:00,0.9998398367095882
2025-08-22T04:02:00.033000+00:00,1.0001936818598511
2025-08-22T05:01:54.717000+00:00,0.9999076858385512
2025-08-22T06:01:57.541000+00:00,0.9997925425284923
2025-08-22T07:02:03.718000+00:00,1.0001348795433436
2025-08-22T08:01:56.317000+00:00,0.9996786886623316
2025-08-22T09:02:15.285000+00:00,0.999721740231024
2025-08-22T10:02:01.346000+00:00,0.9996070998684415
2025-08-22T11:02:00.024000+00:00,1.0000751230664202
2025-08-22T12:02:05.963000+00:00,1.0007023806877215
2025-08-22T13:02:10.338000+00:00,0.9992928719009311
2025-08-22T14:02:01.832000+00:00,1.0014256155569057
2025-08-22T15:02:23.109000+00:00,1.0034608705903907
2025-08-22T16:00:39.313000+00:00,0.9999995319198622
2025-08-22T17:00:44.410000+00:00,1.0002783037341305
2025-08-22T18:00:49.088000+00:00,0.9998529252928648
2025-08-22T19:02:37.399000+00:00,0.9994759106906946
2025-08-22T20:02:39.303000+00:00,0.9996302752865995
2025-08-22T21:01:05.800000+00:00,0.9992115849977018
2025-08-22T22:00:43.696000+00:00,1.0002149361353518
2025-08-22T23:01:15.545000+00:00,1.0006109385819402
2025-08-23T00:01:00.667000+00:00,1.0006493661814992
2025-08-23T01:00:53.539000+00:00,1.000087312923304
2025-08-23T02:01:09.990000+00:00,0.999569302381183
2025-08-23T03:01:24.397000+00:00,0.9963787183979235
2025-08-23T04:01:03.612000+00:00,1.000129762435663
2025-08-23T05:01:15.984000+00:00,1.000835159576192
2025-08-23T06:00:54.289000+00:00,1.0000663145089361
2025-08-23T07:01:01.762000+00:00,0.9996086403672498
2025-08-23T08:00:36.230000+00:00,0.9995182079536872
2025-08-23T09:03:05.301000+00:00,0.9997835319569723
2025-08-23T10:02:44.827000+00:00,1.0006041663983705
2025-08-23T11:03:09.035000+00:00,0.9998932448926038
2025-08-23T12:02:43.103000+00:00,0.9998210696354658
2025-08-23T13:02:47.412000+00:00,0.9990897062240093
2025-08-23T14:05:17.405000+00:00,0.999458084838019
2025-08-23T15:02:48.548000+00:00,1.0004635562387938
2025-08-23T16:02:48.805000+00:00,1.0003212630158538
2025-08-23T17:02:52.476000+00:00,0.9994977365424713
2025-08-23T18:02:45.167000+00:00,0.9999935147850095
2025-08-23T19:02:38.014000+00:00,1.0000904556514933
2025-08-23T20:03:03.186000+00:00,0.9995111982083823
2025-08-23T21:02:40.673000+00:00,0.9997175280150663
2025-08-23T22:02:33.702000+00:00,1.0003070725728125
2025-08-23T23:03:13.048000+00:00,1.000643434351395
2025-08-24T00:02:50.060000+00:00,1.0006141618422255
2025-08-24T01:02:47.257000+00:00,1.0002424592982202
2025-08-24T02:02:49.510000+00:00,0.9986030865030013
2025-08-24T03:02:50.232000+00:00,0.9999803397580542
2025-08-24T04:02:52.424000+00:00,0.9973160511699164
2025-08-24T05:02:37.912000+00:00,1.000997861198439
2025-08-24T06:02:47.258000+00:00,1.0006349390341416
2025-08-24T07:02:39.589000+00:00,0.9996111945736236
2025-08-24T08:02:39.987000+00:00,1.0002959916083103
2025-08-24T09:02:40.534000+00:00,0.9999735944127102
2025-08-24T10:02:47.800000+00:00,0.9998431914673029
2025-08-24T11:02:43.333000+00:00,0.9996147798940912
2025-08-24T12:02:46.992000+00:00,1.0004187815254943
2025-08-24T13:02:41.703000+00:00,1.000562500838701
2025-08-24T14:02:35.428000+00:00,1.0006422796744785
2025-08-24T15:02:49.504000+00:00,1.0008488981095502
2025-08-24T16:02:46.500000+00:00,1.0005246676143482
2025-08-24T17:05:00.684000+00:00,1.000063826711708
2025-08-24T18:01:16.952000+00:00,0.9998790447850229
2025-08-24T19:01:08.799000+00:00,0.9998821559955594
2025-08-24T20:01:17.997000+00:00,0.9940663283537867
2025-08-24T21:01:48.932000+00:00,0.9994908710888062
2025-08-24T22:01:48.046000+00:00,0.9990224470339738
2025-08-24T23:01:51.905000+00:00,1.00043856252646
2025-08-25T00:01:49.041000+00:00,0.9999688097153313
2025-08-25T01:00:57.140000+00:00,0.9998371403610027
2025-08-25T02:01:46.297000+00:00,0.9993343174834786
2025-08-25T03:01:42.318000+00:00,1.0005167928322836
2025-08-25T04:01:46.837000+00:00,0.9993044819436893
2025-08-25T05:01:43.573000+00:00,1.0001746218144225
2025-08-25T06:01:46.883000+00:00,0.998854217338326
2025-08-25T07:02:21.687000+00:00,0.9985724910056162
2025-08-25T08:02:27.752000+00:00,0.9987934855407667
2025-08-25T09:02:13.840000+00:00,1.0004656402285221
2025-08-25T10:02:21.131000+00:00,1.0002754230708435
2025-08-25T11:02:27.088000+00:00,1.0003441270661737
2025-08-25T12:02:22.243000+00:00,1.0003117829936996
2025-08-25T13:02:09.098000+00:00,1.000088107142978
2025-08-25T14:02:04.997000+00:00,1.0006941134019616
2025-08-25T15:02:08.954000+00:00,1.0006623241586894
2025-08-25T16:02:16.169000+00:00,0.999600440449528
2025-08-25T17:03:39.205000+00:00,1.0002569691268512
2025-08-25T18:02:00.031000+00:00,1.001632926982467
2025-08-25T19:02:20.529000+00:00,0.9993055010296354
2025-08-25T20:02:37.470000+00:00,0.9984520014863998
2025-08-25T21:02:21.608000+00:00,1.0011250151641224
2025-08-25T22:02:12.603000+00:00,0.9996266697555168
2025-08-25T23:02:25.392000+00:00,0.9995392010138101
2025-08-26T00:02:16.956000+00:00,0.9990471744388656
2025-08-26T01:02:33.976000+00:00,0.9980907023968156
2025-08-26T02:02:16.022000+00:00,0.9994642589928467
2025-08-26T03:02:10.299000+00:00,1.0002318379489303
2025-08-26T04:02:07.717000+00:00,1.0005072486255318
2025-08-26T05:02:23.067000+00:00,0.9995655424755511
2025-08-26T06:02:15.962000+00:00,1.000071493671757
2025-08-26T07:01:25.483000+00:00,1.0001984653612108
2025-08-26T08:00:40.941000+00:00,0.9987473866972235
2025-08-26T09:01:35.069000+00:00,1.000692962347681
2025-08-26T10:01:37.728000+00:00,1.0002677076685187
2025-08-26T11:01:05.513000+00:00,1.0000050112180303
2025-08-26T12:01:25.498000+00:00,0.9994239231356249
2025-08-26T13:01:04.977000+00:00,0.9990855738000899
2025-08-26T14:01:00.145000+00:00,1.00166533736235
2025-08-26T15:01:26.293000+00:00,1.0007675343973221
2025-08-26T16:00:49.972000+00:00,1.0011399019347489
2025-08-26T17:01:36.757000+00:00,1.000932885357905
2025-08-26T18:01:29.048000+00:00,1.0003935443235554
2025-08-26T19:01:37.624000+00:00,0.9999114452619968
2025-08-26T20:01:28.092000+00:00,0.9999552755541135
2025-08-26T21:01:22.337000+00:00,1.0002286157777174
2025-08-26T22:01:29.609000+00:00,1.0005277195724562
2025-08-26T23:01:24.629000+00:00,0.9990202113129021
2025-08-27T00:01:29.551000+00:00,1.000030919738913
2025-08-27T01:01:36.237000+00:00,1.0002394320701617
2025-08-27T02:00:48.611000+00:00,1.0001733289419805
2025-08-27T03:01:19.251000+00:00,1.0007329395746645
2025-08-27T04:00:56.301000+00:00,1.0039565710331741
2025-08-27T05:01:22.728000+00:00,1.0002191167898808
2025-08-27T06:01:19.869000+00:00,1.0002246102274586
2025-08-27T07:01:24.635000+00:00,0.9997574210027795
2025-08-27T08:01:15.445000+00:00,0.9987890231323354
2025-08-27T09:01:36.892000+00:00,1.0009849891420348
2025-08-27T10:01:26.747000+00:00,1.000393836952802
2025-08-27T11:01:30.613000+00:00,1.0003009007891026
2025-08-27T12:01:06.351000+00:00,1.0002899953995477
2025-08-27T13:01:24.559000+00:00,1.0011245113771305
2025-08-27T14:02:55.800000+00:00,0.9994632716718675
2025-08-27T15:02:59.127000+00:00,1.0006446571631593
2025-08-27T16:03:04.681000+00:00,1.0007780426985586
2025-08-27T17:02:50.306000+00:00,1.0001878509727111
2025-08-27T18:02:53.665000+00:00,0.9995265524859333
2025-08-27T19:03:08.396000+00:00,0.9999240596960091
2025-08-27T20:02:47.917000+00:00,0.9998020048219951
2025-08-27T21:02:50.344000+00:00,1.000399875260428
2025-08-27T22:02:52.732000+00:00,1.0003366002316707
2025-08-27T23:06:59.113000+00:00,0.9998624980339522
2025-08-28T00:03:01.166000+00:00,1.0006919374343042
2025-08-28T01:02:49.785000+00:00,0.9989608277499256
2025-08-28T02:02:41.135000+00:00,1.000386809498178
2025-08-28T03:04:31.400000+00:00,0.9998992423179981
2025-08-28T04:03:09.900000+00:00,0.9997682030680815
2025-08-28T05:02:56.513000+00:00,1.0004081592513436
2025-08-28T06:02:57.985000+00:00,1.000293091275318
2025-08-28T07:02:50.527000+00:00,0.9999035325946524
2025-08-28T08:02:44.678000+00:00,0.9999628688998315
2025-08-28T09:02:48.155000+00:00,0.9998819787571762
2025-08-28T10:02:48.272000+00:00,0.9996353705382114
2025-08-28T11:03:15.976000+00:00,0.9999594289869009
2025-08-28T12:02:58.866000+00:00,1.000254013157459
2025-08-28T13:03:05.839000+00:00,1.000356900569384
2025-08-28T14:02:56.987000+00:00,1.002703256034985
2025-08-28T15:03:35.038000+00:00,1.0003593357056908
2025-08-28T16:03:06.423000+00:00,0.9987085495382845
2025-08-28T17:03:01.702000+00:00,1.0012532327248254
2025-08-28T18:03:06.877000+00:00,1.0002498011159073
2025-08-28T19:03:07.968000+00:00,0.9996940521595931
2025-08-28T20:03:21.689000+00:00,0.9987272828225624
2025-08-28T21:02:59.334000+00:00,1.0005586476974606
2025-08-28T22:03:11.270000+00:00,1.0003678969701095
2025-08-28T23:02:54.291000+00:00,1.000235045172279
2025-08-29T00:03:19.029000+00:00,1.0004399040032883
2025-08-29T01:03:11.319000+00:00,0.9993955911716398
2025-08-29T02:04:12.395000+00:00,1.000040699176608
2025-08-29T03:02:42.454000+00:00,1.0001311839932951
2025-08-29T04:03:13.623000+00:00,1.0001273999773652
2025-08-29T05:02:52.757000+00:00,0.9997263308473289
2025-08-29T06:03:03.072000+00:00,0.9994631196904611
2025-08-29T07:02:58.039000+00:00,1.0004970515917928
2025-08-29T08:02:58.507000+00:00,0.999511077757376
2025-08-29T09:03:12.189000+00:00,0.9983694088643499
2025-08-29T10:03:00.069000+00:00,1.0003276353766406
2025-08-29T11:02:57.115000+00:00,0.9999169155020846
2025-08-29T12:02:59.910000+00:00,0.9999364270668166
2025-08-29T13:02:51.709000+00:00,1.0001877327293274
2025-08-29T14:03:18.636000+00:00,0.9999600891952363
2025-08-29T15:03:11.329000+00:00,0.9990544473661471
2025-08-29T16:03:05.383000+00:00,1.0004766510045848
2025-08-29T17:04:36.207000+00:00,1.0004188609402362
2025-08-29T18:02:51.959000+00:00,0.9996582293607519
2025-08-29T19:03:00.974000+00:00,0.9994377289721669
2025-08-29T20:03:00.221000+00:00,0.9982065451185546
2025-08-29T21:02:52.374000+00:00,0.9998802350337876
2025-08-29T22:02:48.751000+00:00,0.9997630806546042
2025-08-29T23:02:51.051000+00:00,0.9994176975404991
2025-08-30T00:02:53.671000+00:00,1.0001442000411929
2025-08-30T01:02:47.312000+00:00,1.0005469842773533
2025-08-30T02:02:37.305000+00:00,0.9982724502302709
2025-08-30T03:03:02.798000+00:00,0.9999588549384987
2025-08-30T04:02:39.814000+00:00,0.9995048939659419
2025-08-30T05:02:47.250000+00:00,0.9989605338084497
2025-08-30T06:02:51.769000+00:00,0.9990434246212414
2025-08-30T07:02:47.127000+00:00,0.9998380112025383
2025-08-30T08:02:46.558000+00:00,0.9989420925539012
2025-08-30T09:02:37.879000+00:00,1.0000769598619237
2025-08-30T10:02:49.209000+00:00,0.9999448693486874
2025-08-30T11:03:01.459000+00:00,0.9986171976367155
2025-08-30T12:02:52.364000+00:00,1.0001781645752172
2025-08-30T13:02:43.907000+00:00,0.9999200956431366
2025-08-30T14:02:44.820000+00:00,0.9988570067959082
2025-08-30T15:02:54.979000+00:00,1.000692269612245
2025-08-30T16:06:50.545000+00:00,0.9989090643873807
2025-08-30T17:05:31.075000+00:00,0.999936654676609
2025-08-30T18:02:41.598000+00:00,0.9994924206451988
2025-08-30T19:02:42.327000+00:00,0.9996595226107547
2025-08-30T20:02:43.296000+00:00,0.9983146238819004
2025-08-30T21:02:40.338000+00:00,1.0001492896901576
2025-08-30T22:02:38.373000+00:00,0.9995349349539314
2025-08-30T23:03:01.743000+00:00,1.0004247250586111
2025-08-31T00:02:47.035000+00:00,1.0004116776003131
2025-08-31T01:02:45.893000+00:00,1.0007902665872437
2025-08-31T02:02:38.745000+00:00,0.9999685139568358
2025-08-31T03:02:39.862000+00:00,0.9997132937046544
2025-08-31T04:02:45.989000+00:00,1.0013012066612912
2025-08-31T05:02:38.139000+00:00,0.9990375262576526
2025-08-31T06:02:44.055000+00:00,0.9997959303809361
2025-08-31T07:02:37.596000+00:00,0.9989867084864179
2025-08-31T08:02:36.429000+00:00,0.9992308160425374
2025-08-31T09:02:42.235000+00:00,1.0001078162176769
2025-08-31T10:02:39.822000+00:00,1.0004931235759662
2025-08-31T11:02:50.839000+00:00,0.9990307046651439
2025-08-31T12:03:25.110000+00:00,0.999466595797783
2025-08-31T13:02:41.503000+00:00,0.999849086073135
2025-08-31T14:05:36.754000+00:00,0.9998472432875477
2025-08-31T15:02:35.654000+00:00,1.000044822796885
2025-08-31T16:02:44.267000+00:00,0.9997996568398213
2025-08-31T17:02:35.892000+00:00,0.998733774400845
2025-08-31T18:02:11.710000+00:00,0.9995406372580818
2025-08-31T19:02:15.215000+00:00,0.9993083214871429
2025-08-31T20:02:13.442000+00:00,0.9996980794365098
2025-08-31T21:02:14.599000+00:00,0.9999511163868824
2025-08-31T22:02:11.948000+00:00,0.9990688073230126
2025-08-31T23:02:15.265000+00:00,0.9996284476083556
2025-09-01T00:02:21.050000+00:00,1.0001301839572034
2025-09-01T01:02:18.407000+00:00,0.9995624220080438
2025-09-01T02:02:13.792000+00:00,1.0006905832165334
2025-09-01T03:02:10.958000+00:00,0.999698304518272
2025-09-01T04:02:35.968000+00:00,1.0001783918735272
2025-09-01T05:02:08.766000+00:00,0.9999274625840217
2025-09-01T06:02:17.140000+00:00,0.9995901560301056
2025-09-01T07:02:09.824000+00:00,1.0003955122100132
2025-09-01T08:02:11.550000+00:00,1.0014795736181326
2025-09-01T09:02:11.857000+00:00,0.9999175239095236
2025-09-01T10:02:04.993000+00:00,0.9999667107706862
2025-09-01T11:02:18.461000+00:00,1.0002115055137877
2025-09-01T12:02:22.322000+00:00,0.9997823226599915
2025-09-01T13:02:11.166000+00:00,0.9995775567412676
2025-09-01T14:02:11.258000+00:00,0.9994802368410445
2025-09-01T15:02:12.134000+00:00,1.0000967782571517
2025-09-01T16:02:15.072000+00:00,0.9996441384394321
2025-09-01T17:02:11.075000+00:00,0.9996388786091309
2025-09-01T18:02:13.026000+00:00,0.9993307949139176
2025-09-01T19:02:13.991000+00:00,0.9992788049888095
2025-09-01T20:02:19.586000+00:00,0.9992684343192608
2025-09-01T21:02:12.696000+00:00,0.9985666834159832
2025-09-01T22:02:19.809000+00:00,1.0009581545156025
2025-09-01T23:02:10.157000+00:00,0.9993367957363561
2025-09-02T00:02:18.123000+00:00,1.0001334493959575
2025-09-02T01:02:17.479000+00:00,0.9996992011107417
2025-09-02T02:02:11.037000+00:00,0.9998359592245786
2025-09-02T03:02:18.865000+00:00,0.9991550315128851
2025-09-02T04:02:14.851000+00:00,0.9996939598481217
2025-09-02T05:02:09.686000+00:00,0.9994890443884581
2025-09-02T06:02:13.478000+00:00,1.0000821134281432
2025-09-02T07:02:14.264000+00:00,0.999989109627777
2025-09-02T08:02:03.037000+00:00,1.000587450754527
2025-09-02T09:01:57.177000+00:00,0.9993799326594996
2025-09-02T10:01:59.942000+00:00,0.9997539527493895
2025-09-02T11:01:56.802000+00:00,0.9991415691663533
2025-09-02T12:02:22.473000+00:00,0.9996439853288276
2025-09-02T13:02:13.771000+00:00,0.9995030448837804
2025-09-02T14:02:12.611000+00:00,0.9993193082401799
2025-09-02T15:02:27.343000+00:00,0.9990227282386102
2025-09-02T16:02:16.019000+00:00,0.999524269076764
2025-09-02T17:02:17.070000+00:00,0.9998922606536438
2025-09-02T18:02:14.546000+00:00,0.9994196573497596
2025-09-02T19:02:12.487000+00:00,1.000277998421384
2025-09-02T20:02:22.246000+00:00,0.9990227251337008
2025-09-02T21:02:13.730000+00:00,1.0000475756240188
2025-09-02T22:02:21.730000+00:00,0.9999194599299113
2025-09-02T23:06:20.505000+00:00,0.99961656743079
2025-09-03T00:03:03.233000+00:00,1.001035132905701
2025-09-03T01:03:12.599000+00:00,0.9997037091565578
2025-09-03T02:06:52.153000+00:00,1.0002263691825308
2025-09-03T03:02:58.082000+00:00,1.0000159594492257
2025-09-03T04:02:46.958000+00:00,0.9997641624851562
2025-09-03T05:02:52.193000+00:00,0.999327271809469
2025-09-03T06:02:50.396000+00:00,0.9994673260379525
2025-09-03T07:02:50.095000+00:00,0.998863642525504
2025-09-03T08:02:52.139000+00:00,1.0001232406119984
2025-09-03T09:06:03.961000+00:00,0.9996195892656196
2025-09-03T10:01:41.524000+00:00,1.0005204513236756
2025-09-03T11:01:43.235000+00:00,0.9997934088729978
2025-09-03T12:01:45.372000+00:00,0.9996920424407523
2025-09-03T13:01:44.010000+00:00,0.9997056509815307
2025-09-03T14:01:45.322000+00:00,0.9994051410931132
2025-09-03T15:01:46.604000+00:00,0.9993593697557206
2025-09-03T16:01:44.758000+00:00,0.9998948156361261
2025-09-03T17:01:49.473000+00:00,1.000139914117998
2025-09-03T18:02:11.735000+00:00,0.999787792387269
2025-09-03T19:02:05.601000+00:00,1.0005151690849112
2025-09-03T20:02:12.224000+00:00,1.0002427836261958
2025-09-03T21:02:11.815000+00:00,1.000060843254102
2025-09-03T22:02:09.205000+00:00,1.0000431004530246
2025-09-03T23:02:09.496000+00:00,0.9999390550565339
2025-09-04T00:02:12.158000+00:00,0.9998230894083152
2025-09-04T01:02:14.655000+00:00,0.9998530255470136
2025-09-04T02:02:13.746000+00:00,1.0000763246639874
2025-09-04T03:04:37.690000+00:00,0.999736721670893
2025-09-04T04:02:01.282000+00:00,0.9994328842915695
2025-09-04T05:02:11.736000+00:00,0.9991836638538059
2025-09-04T06:02:03.188000+00:00,0.9996777988309407
2025-09-04T07:02:24.857000+00:00,0.999353100211555
2025-09-04T08:02:03.199000+00:00,0.9990749980616164
2025-09-04T09:02:01.894000+00:00,0.999466474784466
2025-09-04T10:02:11.253000+00:00,0.9998569062554709
2025-09-04T11:02:07.820000+00:00,1.0000411412588424
2025-09-04T12:02:10.332000+00:00,0.9992519835638696
2025-09-04T13:02:14.428000+00:00,1.0000047919224426
2025-09-04T14:02:35.256000+00:00,0.9996216566187655
2025-09-04T15:02:17.820000+00:00,0.998861575770244
2025-09-04T16:02:19.391000+00:00,1.0000108944426702
2025-09-04T17:02:17.703000+00:00,0.9990982886078055
2025-09-04T18:02:20.974000+00:00,0.9989844500485864
2025-09-04T19:02:17.414000+00:00,0.9993000501029414
2025-09-04T20:02:21.291000+00:00,0.9995059769868668
2025-09-04T21:02:34.337000+00:00,0.9998160208668806
2025-09-04T22:02:16.837000+00:00,0.9997028294074752
2025-09-04T23:02:16.432000+00:00,1.001350470386589
2025-09-05T00:02:29.187000+00:00,0.998700163722229
2025-09-05T01:02:31.072000+00:00,0.9996546327741727
2025-09-05T02:02:24.753000+00:00,0.999884970253273
2025-09-05T03:02:21.400000+00:00,0.9995333172094338
2025-09-05T04:02:17.468000+00:00,1.0006974578331236
2025-09-05T05:02:23.610000+00:00,1.0001691235763566
2025-09-05T06:02:24.535000+00:00,1.0004768472020793
2025-09-05T07:02:18.562000+00:00,0.9998030420689661
2025-09-05T08:02:24.922000+00:00,0.9997892111389635
2025-09-05T09:02:20.226000+00:00,0.9995792291162974
2025-09-05T10:02:20.168000+00:00,1.0002596508648467
2025-09-05T11:02:19.437000+00:00,0.9997893090157505
2025-09-05T12:02:26.306000+00:00,0.9998613172755094
2025-09-05T13:02:19.791000+00:00,1.0014571881743966
2025-09-05T14:02:22.745000+00:00,0.9990820239713342
2025-09-05T15:02:16.470000+00:00,0.9995174285754753
2025-09-05T16:01:53.361000+00:00,0.9989229152885972
2025-09-05T17:01:53.923000+00:00,0.9997622790143416
2025-09-05T18:01:51.746000+00:00,1.0001749979804855
2025-09-05T19:01:48.201000+00:00,1.0005963079957858
2025-09-05T20:01:48.634000+00:00,0.999183112467533
2025-09-05T21:01:52.923000+00:00,0.9999167685072999
2025-09-05T22:01:48.290000+00:00,0.9983608331637885
2025-09-05T23:01:46.907000+00:00,1.0000156308626083
2025-09-06T00:01:51.982000+00:00,0.999089960494201
2025-09-06T01:01:55.207000+00:00,0.9996361842125879
2025-09-06T02:01:49.943000+00:00,0.9969943353617109
2025-09-06T03:01:49.757000+00:00,1.0000288841730236
2025-09-06T04:01:50.881000+00:00,1.0003727476545945
2025-09-06T05:02:52.445000+00:00,0.9992209623034521
2025-09-06T06:02:36.457000+00:00,0.9996612541035329
2025-09-06T07:02:22.183000+00:00,0.9989960077479582
2025-09-06T08:02:29.275000+00:00,0.9987931793851021
2025-09-06T09:02:31.581000+00:00,1.000481801561973
2025-09-06T10:05:21.774000+00:00,0.9993472509253878
2025-09-06T11:02:30.452000+00:00,0.9995462551270039
2025-09-06T12:02:47.922000+00:00,1.000439826562892
2025-09-06T13:02:39.439000+00:00,0.9995447354948327
2025-09-06T14:02:49.014000+00:00,1.0005459282795153
2025-09-06T15:02:52.199000+00:00,1.0005049111179372
2025-09-06T16:02:39.584000+00:00,0.9989228899859421
2025-09-06T17:02:48.787000+00:00,1.0004612216826914
2025-09-06T18:02:46.600000+00:00,0.9996905450293966
2025-09-06T19:02:36.668000+00:00,1.0001597900075636
2025-09-06T20:04:59.229000+00:00,1.0001393254921531
2025-09-06T21:03:24.603000+00:00,0.9996515726211821
2025-09-06T22:05:26.153000+00:00,0.9997126039235926
2025-09-06T23:06:25.222000+00:00,0.9999262242351744
2025-09-07T00:02:47.359000+00:00,1.00022206760922
2025-09-07T01:02:40.372000+00:00,0.9999810148426849
2025-09-07T02:02:37.551000+00:00,0.9996014279026537
2025-09-07T03:02:27.720000+00:00,1.0000547686886976
2025-09-07T04:02:31.457000+00:00,0.9992280593313438
2025-09-07T05:02:33.124000+00:00,0.9987652597809313
2025-09-07T06:02:39.806000+00:00,1.0006149929345776
2025-09-07T07:06:19.048000+00:00,0.9991912151410889
2025-09-07T08:02:29.459000+00:00,0.9996798547332301
2025-09-07T09:02:32.248000+00:00,0.9995414958480621
2025-09-07T10:06:29.629000+00:00,1.000534805325128
2025-09-07T11:02:47.098000+00:00,0.9990759830403206
2025-09-07T12:02:40.687000+00:00,0.9994770047437287
2025-09-07T13:02:32.114000+00:00,0.9985080705573467
2025-09-07T14:02:30.776000+00:00,0.9995342352919309
2025-09-07T15:02:49.163000+00:00,0.9988735721002238
2025-09-07T16:02:48.144000+00:00,1.0004044816085242
2025-09-07T17:02:34.934000+00:00,0.9996685429526165
2025-09-07T18:02:34.565000+00:00,1.000118036923506
2025-09-07T19:02:55.189000+00:00,1.0006924460159818
2025-09-07T20:02:39.380000+00:00,0.999012789454046
2025-09-07T21:02:37.887000+00:00,1.000411608807616
2025-09-07T22:05:59.421000+00:00,1.0002943237479005
2025-09-07T23:02:34.672000+00:00,0.9997529806754374
2025-09-08T00:02:42.978000+00:00,1.0004842282454833
2025-09-08T01:02:41.578000+00:00,0.999290466768471
2025-09-08T02:02:34.107000+00:00,1.000557177645471
2025-09-08T03:02:44.117000+00:00,1.0000349704011493
2025-09-08T04:00:00+00:00,0.9998927596109314
2025-09-08T05:02:22.689000+00:00,1.0004590084239127
2025-09-08T06:02:47.199000+00:00,0.9992000486693504
2025-09-08T07:02:33.342000+00:00,0.9997528235986598
2025-09-08T08:04:33.300000+00:00,0.9993017597073595
2025-09-08T09:02:33.365000+00:00,0.9999625852486123
2025-09-08T10:02:51.183000+00:00,0.9997579468656922
2025-09-08T11:02:39.206000+00:00,0.9997809571522268
2025-09-08T12:02:39.578000+00:00,1.0005769704797556
2025-09-08T13:02:37+00:00,0.9998890278117755
2025-09-08T14:02:39.501000+00:00,0.9992587824350946
2025-09-08T15:02:33.896000+00:00,1.000352487306392
2025-09-08T16:02:47.474000+00:00,0.9999685904908121
2025-09-08T17:02:36.105000+00:00,1.0005952700115421
2025-09-08T18:02:39.646000+00:00,1.000532669693321
2025-09-08T19:02:37.422000+00:00,0.9998069774944236
2025-09-08T20:04:53.405000+00:00,1.0003093454536427
2025-09-08T21:02:37.879000+00:00,1.000114179330024
2025-09-08T22:02:36.319000+00:00,0.9997860041536338
2025-09-08T23:02:38.403000+00:00,0.9999863258715248
2025-09-09T00:02:39.570000+00:00,0.9997865681207756
2025-09-09T01:02:42.707000+00:00,0.9996993673302806
2025-09-09T02:02:41.850000+00:00,1.000262717069625
2025-09-09T03:02:36.031000+00:00,0.9995032357551684
2025-09-09T04:02:34.182000+00:00,0.9997105148021757
2025-09-09T05:02:45.440000+00:00,1.0002079416304694
2025-09-09T06:02:36.740000+00:00,1.0005954588777104
2025-09-09T07:02:45.384000+00:00,0.9991423210909203
2025-09-09T08:02:30.478000+00:00,0.9993170103475872
2025-09-09T09:02:43.668000+00:00,0.9993137579117373
2025-09-09T10:02:15.624000+00:00,1.000683541144805
2025-09-09T11:02:17.627000+00:00,0.9999390246941596
2025-09-09T12:02:08.961000+00:00,1.0001664191532569
2025-09-09T13:02:12.829000+00:00,0.9996796074627734
2025-09-09T14:02:14.972000+00:00,0.998702130554698
2025-09-09T15:02:14.837000+00:00,0.9997601345680146
2025-09-09T16:03:17.906000+00:00,1.000681838791869
2025-09-09T17:02:10.829000+00:00,0.9996326104573215
2025-09-09T18:02:30.923000+00:00,1.0000399756472416
2025-09-09T19:02:16.137000+00:00,0.9991750639959571
2025-09-09T20:02:11.437000+00:00,1.000428621052152
2025-09-09T21:02:17.517000+00:00,0.998938612631357
2025-09-09T22:02:19.394000+00:00,0.9998030039970157
2025-09-09T23:02:15.043000+00:00,0.9988293503963597
2025-09-10T00:02:19.106000+00:00,0.9998425245222182
2025-09-10T01:02:12.485000+00:00,0.999746892102025
2025-09-10T02:02:21.504000+00:00,0.9993897343598682
2025-09-10T03:02:21.451000+00:00,0.9992774743461577
2025-09-10T04:02:13.180000+00:00,1.0004299364665659
2025-09-10T05:02:15.397000+00:00,0.9996410016978461
2025-09-10T06:02:15.921000+00:00,1.0001132843705351
2025-09-10T07:02:22.148000+00:00,0.9989105052389178
2025-09-10T08:02:07.973000+00:00,0.9995804343590077
2025-09-10T09:02:04.233000+00:00,1.0003583521565635
2025-09-10T10:02:16.310000+00:00,0.9995065069134771
2025-09-10T11:02:08.752000+00:00,1.0001885916459714
2025-09-10T12:02:09.839000+00:00,0.9995714275069296
2025-09-10T13:02:22.112000+00:00,0.9996725623715021
2025-09-10T14:02:16.495000+00:00,0.9998760041957673
2025-09-10T15:02:18.349000+00:00,0.9989692980952933
2025-09-10T16:02:21.677000+00:00,0.9997681867520052
2025-09-10T17:01:45.649000+00:00,1.000671677939997
2025-09-10T18:01:42.070000+00:00,1.0005742501072286
2025-09-10T19:01:43.957000+00:00,1.000279057751025
2025-09-10T20:01:51.232000+00:00,0.9993234490301051
2025-09-10T21:01:45.402000+00:00,0.9999608353334604
2025-09-10T22:01:52.808000+00:00,1.0000128684366774
2025-09-10T23:01:45.148000+00:00,0.9996095995362806
2025-09-11T00:01:51.387000+00:00,0.9996836678935417
2025-09-11T01:01:48.370000+00:00,0.9999496565974004
2025-09-11T02:01:45.985000+00:00,1.000289928206242
2025-09-11T03:01:52.289000+00:00,0.999741950057968
2025-09-11T04:01:45.845000+00:00,1.000428232359727
2025-09-11T05:01:45.671000+00:00,0.9992152424057199
2025-09-11T06:01:43.140000+00:00,0.9996152512078766
2025-09-11T07:01:42.136000+00:00,0.9998105755370482
2025-09-11T08:01:41.878000+00:00,0.9995101881541117
2025-09-11T09:01:45.275000+00:00,1.0002684613269768
2025-09-11T10:01:36.853000+00:00,1.0005035756972027
2025-09-11T11:01:39.926000+00:00,0.9998829876759948
2025-09-11T12:01:42.904000+00:00,1.0003161360267125
2025-09-11T13:01:38.677000+00:00,0.9995815077643756
2025-09-11T14:01:40.124000+00:00,1.0007274039616447
2025-09-11T15:01:41.892000+00:00,1.0004837495194248
2025-09-11T16:01:42.952000+00:00,0.9999817686534934
2025-09-11T17:01:42.959000+00:00,0.9997525650815914
2025-09-11T18:01:42.426000+00:00,1.0003154316856637
2025-09-11T19:01:38.706000+00:00,1.0002272210000207
2025-09-11T20:01:38.987000+00:00,1.0000829726025269
2025-09-11T21:01:44.660000+00:00,1.0004494990468862
2025-09-11T22:01:37.238000+00:00,1.0000523599697797
2025-09-11T23:01:43.496000+00:00,0.9996004453371907
2025-09-12T00:01:41.450000+00:00,0.9995893726658541
2025-09-12T01:01:44.584000+00:00,0.9997955426199981
2025-09-12T02:01:52.233000+00:00,0.9991599127466467
2025-09-12T03:01:49.931000+00:00,1.0005761809845732
2025-09-12T04:01:59.655000+00:00,0.9996109564096335
2025-09-12T05:01:52.930000+00:00,0.9996469758159163
2025-09-12T06:02:00.086000+00:00,1.001368983441445
2025-09-12T07:01:54.190000+00:00,0.9994362639199199
2025-09-12T08:02:00.316000+00:00,0.9997330272427196
2025-09-12T09:01:54.579000+00:00,0.9999782047914864
2025-09-12T10:01:48.391000+00:00,0.9998006323859816
2025-09-12T11:01:49.031000+00:00,1.000334225057773
2025-09-12T12:01:46.760000+00:00,0.9999694079494399
2025-09-12T13:01:46.756000+00:00,1.0004131129841174
2025-09-12T14:01:45.638000+00:00,1.0002673625723737
2025-09-12T15:01:56.520000+00:00,0.9999025453340199
2025-09-12T16:01:56.545000+00:00,1.0003775707154468
2025-09-12T17:01:47.632000+00:00,1.0002076915402118
2025-09-12T18:01:54.178000+00:00,0.9991774189614582
2025-09-12T19:01:52.618000+00:00,1.000432822755025
2025-09-12T20:01:57.693000+00:00,1.0006305503211335
2025-09-12T21:03:04.087000+00:00,0.9994475085699851
2025-09-12T22:02:52.405000+00:00,1.0000655932543654
2025-09-12T23:03:09.853000+00:00,0.9999692592448552
2025-09-13T00:03:07.419000+00:00,0.9998275454606663
2025-09-13T01:03:10.676000+00:00,1.000326668411394
2025-09-13T02:02:54.274000+00:00,0.9992142143996781
2025-09-13T03:03:01.772000+00:00,1.000306510741151
2025-09-13T04:03:35.750000+00:00,1.0000388627517531
2025-09-13T05:02:55.948000+00:00,1.000051837011499
2025-09-13T06:06:25.599000+00:00,1.0007274967075817
2025-09-13T07:03:08.977000+00:00,0.9998607118851517
2025-09-13T08:03:09.515000+00:00,0.999631403112286
2025-09-13T09:03:02.363000+00:00,0.9998443169375028
2025-09-13T10:03:07.988000+00:00,1.000499504122182
2025-09-13T11:03:19.931000+00:00,0.9997618673169727
2025-09-13T12:03:00.167000+00:00,0.9995723974253591
2025-09-13T13:03:12.445000+00:00,0.9994540674275629
2025-09-13T14:02:55.727000+00:00,0.9981387871283398
2025-09-13T15:03:30.049000+00:00,1.0001687471970935
2025-09-13T16:03:04.736000+00:00,0.9997077100646231
2025-09-13T17:03:45.779000+00:00,0.9992131414745337
2025-09-13T18:03:04.618000+00:00,0.999945154121025
2025-09-13T19:03:01.637000+00:00,1.0000144103284927
2025-09-13T20:03:01.235000+00:00,0.9998519436033334
2025-09-13T21:02:58.983000+00:00,0.9998712128085439
2025-09-13T22:03:06.594000+00:00,1.0006436457154249
2025-09-13T23:06:17.156000+00:00,1.0003109704711195
2025-09-14T00:02:53.881000+00:00,1.0002867312377717
2025-09-14T01:03:55.111000+00:00,1.0001776754534881
2025-09-14T02:03:05.352000+00:00,0.9993806479275797
2025-09-14T03:02:06.649000+00:00,0.9996836163832437
2025-09-14T04:02:10.961000+00:00,1.0004655460551473
2025-09-14T05:02:11.924000+00:00,0.9993108139388183
2025-09-14T06:02:12.196000+00:00,1.000396840709003
2025-09-14T07:02:10.880000+00:00,0.9996780485155939
2025-09-14T08:02:12.636000+00:00,1.000190043867777
2025-09-14T09:02:26.825000+00:00,0.9999937417897119
2025-09-14T10:02:10.176000+00:00,0.9995369463564072
2025-09-14T11:02:27.725000+00:00,0.9996211767721539
2025-09-14T12:02:15.803000+00:00,1.0003577927019633
2025-09-14T13:02:14.141000+00:00,0.9999304650999041
2025-09-14T14:02:12.130000+00:00,1.0000134901650533
2025-09-14T15:02:14.393000+00:00,1.0010697067380732
2025-09-14T16:02:19.949000+00:00,0.9998574830874761
2025-09-14T17:02:11.850000+00:00,1.0000883433330292
2025-09-14T18:02:11.479000+00:00,1.0006405655028057
2025-09-14T19:02:14.567000+00:00,0.9996186127211383
2025-09-14T20:02:09.296000+00:00,1.0001346678707244
2025-09-14T21:02:12.224000+00:00,1.0003408908972724
2025-09-14T22:02:12.825000+00:00,1.000101734346787
2025-09-14T23:02:16.673000+00:00,1.0004169362462818
2025-09-15T00:02:13.807000+00:00,0.9999940643523471
2025-09-15T01:02:11.287000+00:00,0.9999477682044905
2025-09-15T02:02:11.676000+00:00,0.9998923208729036
2025-09-15T03:02:07.811000+00:00,0.999936141217894
2025-09-15T04:02:25.297000+00:00,0.9999424245105114
2025-09-15T05:02:20.644000+00:00,1.0000152476600386
2025-09-15T06:02:16.547000+00:00,0.9995976380961613
2025-09-15T07:02:05.734000+00:00,1.0005912604652714
2025-09-15T08:02:10.710000+00:00,1.000383478872351
2025-09-15T09:02:20.079000+00:00,1.0005891265326161
2025-09-15T10:02:14.642000+00:00,0.9993236581009302
2025-09-15T11:00:23.025000+00:00,1.0004287991052787
2025-09-15T12:00:23.830000+00:00,1.0001126552545845
2025-09-15T13:00:23.242000+00:00,0.9991943345650112
2025-09-15T14:00:29.232000+00:00,0.9998416487393956
2025-09-15T15:00:25.346000+00:00,1.0005021626144237
2025-09-15T16:00:24.096000+00:00,1.0009352095474673
2025-09-15T17:01:39.359000+00:00,0.9992530550446601
2025-09-15T18:01:39.656000+00:00,1.0006151604960924
2025-09-15T19:01:35.287000+00:00,1.0000052884816857
2025-09-15T20:01:37.847000+00:00,1.0002171381480218
2025-09-15T21:01:38.834000+00:00,0.9998155337871677
2025-09-15T22:01:38.519000+00:00,1.0005115628260925
2025-09-15T23:01:34.019000+00:00,1.0003724554607658
2025-09-16T00:01:36.512000+00:00,0.9999689268203192
2025-09-16T01:01:42.106000+00:00,1.00012182353085
2025-09-16T02:01:35.363000+00:00,0.9991971359919373
2025-09-16T03:01:40.370000+00:00,0.9991128845597071
2025-09-16T04:01:33.858000+00:00,1.0004772601791718
2025-09-16T05:01:38.379000+00:00,1.0001719455823197
2025-09-16T06:01:41.528000+00:00,1.0000653845819767
2025-09-16T07:01:31.848000+00:00,1.000112641942431
2025-09-16T08:01:36.652000+00:00,0.99943260849125
2025-09-16T09:01:37.830000+00:00,1.0000964772764196
2025-09-16T10:01:37.577000+00:00,0.9999011688863205
2025-09-16T11:01:39.261000+00:00,0.9998510246573535
2025-09-16T12:01:44.463000+00:00,1.0001734863182277
2025-09-16T13:01:39.780000+00:00,1.000065689716026
2025-09-16T14:02:47.064000+00:00,1.0000068614506594
2025-09-16T15:02:57.394000+00:00,1.0002409293903824
2025-09-16T16:02:54.314000+00:00,1.000738031577685
2025-09-16T17:02:44.094000+00:00,1.0009077769059374
2025-09-16T18:06:33.263000+00:00,0.9999207383331533
2025-09-16T19:02:46.226000+00:00,0.9997885662936365
2025-09-16T20:03:09.268000+00:00,1.0003163991109116
2025-09-16T21:02:48.757000+00:00,1.0007286097368207
2025-09-16T22:02:37.906000+00:00,0.9994897696895223
2025-09-16T23:02:45.951000+00:00,0.9996267441582065
2025-09-17T00:02:37.769000+00:00,0.9999191264671156
2025-09-17T01:02:45.632000+00:00,1.0003831017993294
2025-09-17T02:02:53.755000+00:00,1.0005987077916652
2025-09-17T03:05:40.189000+00:00,0.9994647965638641
2025-09-17T04:02:37.093000+00:00,0.9993838240466235
2025-09-17T05:02:33.127000+00:00,1.0002815948644177
2025-09-17T06:02:56.425000+00:00,1.0005777663747812
2025-09-17T07:02:35.030000+00:00,1.0009076141715123
2025-09-17T08:02:37.802000+00:00,1.0004450799137148
2025-09-17T09:02:29.488000+00:00,0.999577477252507
2025-09-17T10:03:09.843000+00:00,0.9994339015912882
2025-09-17T11:02:53.922000+00:00,0.9999122785827639
2025-09-17T12:03:07.426000+00:00,0.9998819873006429
2025-09-17T13:02:56.441000+00:00,1.0001253291275447
2025-09-17T14:02:45.545000+00:00,0.9998513788889757
2025-09-17T15:02:41.593000+00:00,1.000023366687948
2025-09-17T16:02:44.478000+00:00,0.9996505152815427
2025-09-17T17:02:55.191000+00:00,0.9997515947717072
2025-09-17T18:02:44.637000+00:00,0.9994422169577128
2025-09-17T19:00:16.248000+00:00,0.9994623835275379
2025-09-17T20:02:25.681000+00:00,0.9998808208744745
2025-09-17T21:06:09.554000+00:00,1.000295467073716
2025-09-17T22:04:33.885000+00:00,0.9997433218751051
2025-09-17T23:02:38.580000+00:00,1.000913262632363
2025-09-18T00:02:32.542000+00:00,1.0002605491862329
2025-09-18T01:02:28.952000+00:00,1.0000769556582751
2025-09-18T02:02:37.829000+00:00,0.9995501493775513
2025-09-18T03:06:37.761000+00:00,1.0000976962660122
2025-09-18T04:02:20.111000+00:00,0.9999047171662708
2025-09-18T05:06:48.644000+00:00,0.999873510222331
2025-09-18T06:02:25.262000+00:00,0.9996808297183111
2025-09-18T07:01:49.724000+00:00,1.0001621844815565
2025-09-18T08:01:42.360000+00:00,0.9997791582144858
2025-09-18T09:01:48.279000+00:00,0.9999470582883565
2025-09-18T10:01:47.895000+00:00,0.9995393057562314
2025-09-18T11:01:50.172000+00:00,0.9998443247587347
2025-09-18T12:02:33.803000+00:00,1.0003815880400941
2025-09-18T13:02:25.837000+00:00,1.0012399244183479
2025-09-18T14:02:30.947000+00:00,1.0003092992819336
2025-09-18T15:02:46.460000+00:00,1.0005270996501203
2025-09-18T16:02:32.212000+00:00,1.0004146100920424
2025-09-18T17:02:52.223000+00:00,0.9998526175953352
2025-09-18T18:02:35.123000+00:00,0.9999360437236908
2025-09-18T19:02:42.285000+00:00,1.0008275152153099
2025-09-18T20:06:28.809000+00:00,1.0003473578246245
2025-09-18T21:03:29.533000+00:00,0.9998911160561561
2025-09-18T22:02:24.965000+00:00,0.9998043668218588
2025-09-18T23:02:23.907000+00:00,0.9995446699664005
2025-09-19T00:02:48.666000+00:00,1.0002034995704467
2025-09-19T01:02:41.276000+00:00,1.000251301260821
2025-09-19T02:02:35.616000+00:00,1.0006009149342903
2025-09-19T03:02:25.480000+00:00,0.9998893777140998
2025-09-19T04:02:43.410000+00:00,1.0005791624070852
2025-09-19T05:00:45.152000+00:00,0.9997874771647273
2025-09-19T06:00:42.376000+00:00,0.9999621404503054
2025-09-19T07:00:44.722000+00:00,1.0001151411517326
2025-09-19T08:00:47.688000+00:00,0.9999866438549124
2025-09-19T09:00:44.868000+00:00,1.0005136674095259
2025-09-19T10:00:53.348000+00:00,0.9997466286533256
2025-09-19T11:00:41.467000+00:00,1.0002140558154444
2025-09-19T12:00:49.446000+00:00,1.0009098468656104
2025-09-19T13:00:45.033000+00:00,0.9999287500098382
2025-09-19T14:00:43.287000+00:00,0.9999553374360354
2025-09-19T15:00:43.608000+00:00,0.9986877865252405
2025-09-19T16:00:42.443000+00:00,0.9994039611080753
2025-09-19T17:00:44.107000+00:00,0.9994497799537968
2025-09-19T18:00:44.461000+00:00,1.0002684071739236
2025-09-19T19:00:43.353000+00:00,0.9993536269675345
2025-09-19T20:00:44.478000+00:00,1.0003359141287917
2025-09-19T21:00:42.041000+00:00,0.9998469113745501
2025-09-19T22:00:47.950000+00:00,1.0002806733167227
2025-09-19T23:00:44.189000+00:00,1.0000283639645786
2025-09-20T00:00:39.907000+00:00,1.0000676231657648
2025-09-20T01:00:41.431000+00:00,1.0007396260854458
2025-09-20T02:00:40.928000+00:00,0.9998353180093461
2025-09-20T03:00:42.322000+00:00,0.9996139098698896
2025-09-20T04:00:40.476000+00:00,0.999876901885399
2025-09-20T05:00:42.271000+00:00,0.9995858875315047
2025-09-20T06:00:44.352000+00:00,0.999779026726112
2025-09-20T07:00:39.352000+00:00,0.9995821182516893
2025-09-20T08:00:38.580000+00:00,0.9998081723613351
2025-09-20T09:00:36.083000+00:00,0.9997553319520247
2025-09-20T10:00:43.411000+00:00,0.9998563606579977
2025-09-20T11:00:39.998000+00:00,0.9999013014310887
2025-09-20T12:00:39.013000+00:00,0.9997351362103587
2025-09-20T13:00:39.155000+00:00,1.000087536819923
2025-09-20T14:00:44.534000+00:00,0.9999183945651249
2025-09-20T15:00:44.070000+00:00,0.9999271303933
2025-09-20T16:00:41.342000+00:00,0.9994819795960652
2025-09-20T17:00:43.037000+00:00,0.9998942150352603
2025-09-20T18:00:42.213000+00:00,1.0005326951636042
2025-09-20T19:00:43.378000+00:00,1.000330078676647
2025-09-20T20:00:41.664000+00:00,1.0004244657027757
2025-09-20T21:00:38.333000+00:00,0.9998257436282739
2025-09-20T22:00:38.373000+00:00,0.999943796253349
2025-09-20T23:01:04.539000+00:00,0.999385089655865
2025-09-21T00:01:04.090000+00:00,1.0002661270220357
2025-09-21T01:01:10.403000+00:00,0.9998024702028709
2025-09-21T02:01:05.294000+00:00,1.0002860814148717
2025-09-21T03:01:03.001000+00:00,1.0001562467832243
2025-09-21T04:01:10.535000+00:00,0.999348666516894
2025-09-21T05:01:07.467000+00:00,0.9996152272992004
2025-09-21T06:01:05.565000+00:00,0.9996729253866851
2025-09-21T07:01:07.805000+00:00,0.9990968147371456
2025-09-21T08:01:06.352000+00:00,0.999902756704511
2025-09-21T09:01:15.377000+00:00,0.9998364858454211
2025-09-21T10:01:10.499000+00:00,1.0003877175232772
2025-09-21T11:01:05.090000+00:00,1.0004617569870211
2025-09-21T12:01:12.842000+00:00,1.0001445355780985
2025-09-21T13:01:07.735000+00:00,1.0001613971484555
2025-09-21T14:01:06.622000+00:00,0.999446339562586
2025-09-21T15:01:13.384000+00:00,0.9991314976701144
2025-09-21T16:01:00.546000+00:00,0.9999086365536817
2025-09-21T17:01:11.658000+00:00,0.9996064439244143
2025-09-21T18:01:14.371000+00:00,1.0010952388050747
2025-09-21T19:01:10.726000+00:00,0.9994443435171605
2025-09-21T20:01:08.691000+00:00,0.9994966855354676
2025-09-21T21:01:08.291000+00:00,0.9999100102689314
2025-09-21T22:01:12.760000+00:00,0.9995764501577477
2025-09-21T23:01:07.105000+00:00,0.9999226452026915
2025-09-22T00:01:16.114000+00:00,0.9995577116662163
2025-09-22T01:00:48.619000+00:00,0.9984171169142932
2025-09-22T02:01:12.677000+00:00,0.9984495071962042
2025-09-22T03:01:11.536000+00:00,0.999833396756161
2025-09-22T04:01:00.036000+00:00,0.9996840142110242
2025-09-22T05:01:05.363000+00:00,0.9993755990060743
2025-09-22T06:01:03.296000+00:00,0.9997618281854942
2025-09-22T07:01:11.413000+00:00,1.000426025030526
2025-09-22T08:01:00.993000+00:00,0.9988777938846165
2025-09-22T09:01:07.632000+00:00,0.9995407423293052
2025-09-22T10:01:05.151000+00:00,0.9997757478252859
2025-09-22T11:01:08.647000+00:00,1.0000726250878986
2025-09-22T12:01:12.975000+00:00,1.0001627285777606
2025-09-22T13:01:03.879000+00:00,0.9996722399508211
2025-09-22T14:01:10.086000+00:00,1.002003231157864
2025-09-22T15:01:08.759000+00:00,1.000491331633365
2025-09-22T16:01:00.625000+00:00,0.9997282127527302
2025-09-22T17:01:09.863000+00:00,0.9998322820921174
2025-09-22T18:01:12.783000+00:00,0.9997408919916984
2025-09-22T19:01:11.984000+00:00,1.0002505838019262
2025-09-22T20:01:08.559000+00:00,1.0004819565019263
2025-09-22T21:01:09.682000+00:00,0.9994108942639558
2025-09-22T22:01:11.357000+00:00,1.0003664028360748
2025-09-22T23:01:07.081000+00:00,1.0006333085498622
2025-09-23T00:01:15.808000+00:00,0.9994543066863096
2025-09-23T01:01:09.849000+00:00,0.9999170683766647
2025-09-23T02:01:14.033000+00:00,1.0001502705092111
2025-09-23T03:01:10.758000+00:00,1.0000307299140887
2025-09-23T04:01:04.672000+00:00,0.9998408418511897
2025-09-23T05:01:04.046000+00:00,1.000384841162047
2025-09-23T06:01:05.503000+00:00,0.9996189481173732
2025-09-23T07:01:06.351000+00:00,1.0001865413029387
2025-09-23T08:01:11.655000+00:00,0.9999087770159921
2025-09-23T09:01:10.360000+00:00,1.0004515852043203
2025-09-23T10:01:11.937000+00:00,1.0000498870370391
2025-09-23T11:01:04.757000+00:00,1.000574220684998
2025-09-23T12:01:13.254000+00:00,0.9998900839924411
2025-09-23T13:01:05.948000+00:00,0.9997382393467659
2025-09-23T14:01:12.260000+00:00,1.0002068763566923
2025-09-23T15:01:05.672000+00:00,1.0004864624835201
2025-09-23T16:01:07.853000+00:00,0.999854028543828
2025-09-23T17:01:10.117000+00:00,1.0014538904365196
2025-09-23T18:01:22.080000+00:00,1.0002739210225111
2025-09-23T19:01:10.240000+00:00,1.0007413210751501
2025-09-23T20:01:17.193000+00:00,0.9999200699499986
2025-09-23T21:01:12.499000+00:00,1.000995999972698
2025-09-23T22:01:16.307000+00:00,0.9996171287203831
2025-09-23T23:01:14.368000+00:00,0.99921686844492
2025-09-24T00:01:18.707000+00:00,0.9996537493925919
2025-09-24T01:01:11.702000+00:00,1.0001387041284844
2025-09-24T02:01:14.914000+00:00,0.9999215307866579
2025-09-24T03:04:08.064000+00:00,1.0004158143495923
2025-09-24T04:02:31.326000+00:00,1.0002906081208123
2025-09-24T05:02:23.086000+00:00,0.9998935550794552
2025-09-24T06:02:38.149000+00:00,1.0006952169003696
2025-09-24T07:02:21.298000+00:00,0.99942540724879
2025-09-24T08:02:27.278000+00:00,0.9994961190027543
2025-09-24T09:02:25.893000+00:00,0.9995275378597007
2025-09-24T10:02:27.785000+00:00,0.9994753005537319
2025-09-24T11:02:38.279000+00:00,0.9999239539522534
2025-09-24T12:02:27.529000+00:00,1.0002110815090628
2025-09-24T13:02:28.990000+00:00,1.000389660073994
2025-09-24T14:02:24.648000+00:00,0.9993069258365574
2025-09-24T15:02:29.387000+00:00,1.0002169990676155
2025-09-24T16:01:52.826000+00:00,0.999446288002418
2025-09-24T17:01:03.582000+00:00,1.0000557853663554
2025-09-24T18:01:01.190000+00:00,1.0004272131908112
2025-09-24T19:01:01.007000+00:00,0.9992827678477767
2025-09-24T20:00:58.703000+00:00,1.0000324494540866
2025-09-24T21:02:40.031000+00:00,0.9998585005036915
2025-09-24T22:02:28.348000+00:00,1.0017969301974208
2025-09-24T23:02:32.960000+00:00,1.0000182680830936
2025-09-25T00:02:43.187000+00:00,1.0007461110985294
2025-09-25T01:02:47.873000+00:00,1.000606504736991
2025-09-25T02:02:33.716000+00:00,1.0006102282484695
2025-09-25T03:02:41.059000+00:00,0.9991010078657344
2025-09-25T04:02:34.898000+00:00,0.9996603533756382
2025-09-25T05:06:35.281000+00:00,1.0000874423365655
2025-09-25T06:02:33.761000+00:00,0.9993351244825066
2025-09-25T07:06:27.012000+00:00,1.0002572752796783
2025-09-25T08:02:45.517000+00:00,1.00033000077092
2025-09-25T09:02:43.416000+00:00,1.0000038988899682
2025-09-25T10:01:59.447000+00:00,0.9997800141013841
2025-09-25T11:01:54.544000+00:00,0.9996009161408905
2025-09-25T12:02:06.253000+00:00,1.0005718101727963
2025-09-25T13:01:58.385000+00:00,0.999069593333135
2025-09-25T14:01:47.004000+00:00,0.9995178657247087
2025-09-25T15:01:42.622000+00:00,0.9998530118863538
2025-09-25T16:01:38.181000+00:00,1.0002729023238859
2025-09-25T17:01:42.083000+00:00,0.9980030032268687
2025-09-25T18:01:44.878000+00:00,0.999818880529031
2025-09-25T19:01:51.066000+00:00,1.0008944251696819
2025-09-25T20:01:46.531000+00:00,0.9994372713138515
2025-09-25T21:01:54.527000+00:00,0.9994110077178372
2025-09-25T22:02:00.612000+00:00,0.9995976578979517
2025-09-25T23:01:58.151000+00:00,1.0001312765440937
2025-09-26T00:02:00.857000+00:00,1.000147168045139
2025-09-26T01:01:56.715000+00:00,1.0040983932947352
2025-09-26T02:02:35.666000+00:00,0.9992908346096818
2025-09-26T03:02:22.487000+00:00,1.0007623954990532
2025-09-26T04:03:36.069000+00:00,1.00073913264495
2025-09-26T05:02:34.610000+00:00,0.9998140370709269
2025-09-26T06:02:57.547000+00:00,0.998766081921374
2025-09-26T07:02:48.700000+00:00,0.9993662913138088
2025-09-26T08:02:51.035000+00:00,1.0011935280769493
2025-09-26T09:02:49.231000+00:00,0.9994569875046175
2025-09-26T10:02:46.469000+00:00,1.0000899406308539
2025-09-26T11:05:30.570000+00:00,1.00067623472312
2025-09-26T12:02:41.632000+00:00,1.0003255507757263
2025-09-26T13:02:50.828000+00:00,1.000571612581036
2025-09-26T14:02:49.735000+00:00,1.0015369476800953
2025-09-26T15:02:52.323000+00:00,0.9997348178581704
2025-09-26T16:02:54.364000+00:00,0.999138543966292
2025-09-26T17:02:47.090000+00:00,1.000444915286556
2025-09-26T18:03:05.422000+00:00,0.9997894569739177
2025-09-26T19:03:00.255000+00:00,0.9996143166932461
2025-09-26T20:01:57.716000+00:00,1.0010721019049857
2025-09-26T21:01:54.959000+00:00,0.999347636780841
2025-09-26T22:01:50.624000+00:00,0.9992878474075308
2025-09-26T23:01:51.862000+00:00,1.0003047203237252
2025-09-27T00:01:58.649000+00:00,1.000039582566384
2025-09-27T01:01:58.694000+00:00,0.9997816188250896
2025-09-27T02:01:46.211000+00:00,0.9986690085021133
2025-09-27T03:01:48.526000+00:00,0.9995579285923436
2025-09-27T04:01:48.848000+00:00,1.0001041464711442
2025-09-27T05:01:47.883000+00:00,0.999245042952174
2025-09-27T06:01:47.704000+00:00,0.999814972177051
2025-09-27T07:01:50.853000+00:00,1.0000536165485545
2025-09-27T08:01:49.459000+00:00,0.9995635135145994
2025-09-27T09:01:40.484000+00:00,1.0003562470004572
2025-09-27T10:01:46.970000+00:00,0.9994943300054688
2025-09-27T11:01:50.325000+00:00,0.999756706400145
2025-09-27T12:01:47.400000+00:00,0.9993335583386944
2025-09-27T13:01:48.065000+00:00,1.000321819096144
2025-09-27T14:01:46.648000+00:00,0.9999475120564543
2025-09-27T15:01:47.509000+00:00,0.9997381379159225
2025-09-27T16:01:46.178000+00:00,1.000280372899174
2025-09-27T17:01:50.245000+00:00,1.000394632336482
2025-09-27T18:01:54.412000+00:00,0.9998143915346044
2025-09-27T19:01:42.720000+00:00,0.9999530429337111
2025-09-27T20:01:48.903000+00:00,1.0003153035729484
2025-09-27T21:01:48.119000+00:00,0.9994697251757799
2025-09-27T22:01:51.081000+00:00,0.9997391503384864
2025-09-27T23:01:43.296000+00:00,0.9992474448792333
2025-09-28T00:01:44.446000+00:00,1.000247687674635
2025-09-28T01:01:48.515000+00:00,0.9996689917814079
2025-09-28T02:01:49.569000+00:00,1.0000903486031196
2025-09-28T03:01:55.933000+00:00,1.0006465668748685
2025-09-28T04:01:46.100000+00:00,0.9997786914975757
2025-09-28T05:01:43.991000+00:00,0.9994776576117912
2025-09-28T06:01:47.559000+00:00,1.000225445028638
2025-09-28T07:01:49.443000+00:00,0.9992864290888491
2025-09-28T08:01:40.120000+00:00,1.0001343956684157
2025-09-28T09:01:42.383000+00:00,0.9996966691762107
2025-09-28T10:01:48.715000+00:00,1.0000519766249352
2025-09-28T11:01:48.039000+00:00,0.9994205905988254
2025-09-28T12:01:42.634000+00:00,0.9996593241748687
2025-09-28T13:01:47.896000+00:00,0.9994429341894264
2025-09-28T14:01:45.590000+00:00,0.9998207770755633
2025-09-28T15:01:42.529000+00:00,0.999624762359241
2025-09-28T16:01:42.688000+00:00,0.9992183305122136
2025-09-28T17:01:49.836000+00:00,1.000226036649759
2025-09-28T18:02:26.686000+00:00,1.0001334386192449
2025-09-28T19:02:25.191000+00:00,0.9999798934215622
2025-09-28T20:02:24.564000+00:00,1.0000459795865015
2025-09-28T21:02:23.055000+00:00,0.9992899925941842
2025-09-28T22:02:27.846000+00:00,1.0006877673971248
2025-09-28T23:02:28.744000+00:00,0.99960288969853
2025-09-29T00:02:22.597000+00:00,0.9994124177261405
2025-09-29T01:02:29.602000+00:00,0.9999696050571591
2025-09-29T02:02:24.966000+00:00,0.9981253829558003
2025-09-29T03:02:26.558000+00:00,1.0001558904405503
2025-09-29T04:02:11.054000+00:00,1.000460123683585
2025-09-29T05:02:35.624000+00:00,0.9995500239724284
2025-09-29T06:02:13.694000+00:00,0.9996020285857484
2025-09-29T07:02:12.573000+00:00,1.0004540853214996
2025-09-29T08:01:58.968000+00:00,0.9989320209920739
2025-09-29T09:02:00.644000+00:00,0.9998770326162552
2025-09-29T10:01:58.072000+00:00,1.000864269679158
2025-09-29T11:02:14.712000+00:00,0.999821299419454
2025-09-29T12:02:12.785000+00:00,1.0001809676419093
2025-09-29T13:02:13.202000+00:00,1.000673505973741
2025-09-29T14:02:02.799000+00:00,1.001262034997269
2025-09-29T15:03:09.540000+00:00,1.0023009857997478
2025-09-29T16:02:30.286000+00:00,1.0004162340716654
2025-09-29T17:02:47.301000+00:00,0.9996214934919871
2025-09-29T18:02:34.599000+00:00,0.9994008796705838
2025-09-29T19:02:34.775000+00:00,0.999297111079987
2025-09-29T20:02:22.835000+00:00,0.9992447945678042
2025-09-29T21:02:56.121000+00:00,0.9989362921937808
2025-09-29T22:02:40.879000+00:00,0.9999198167959804
2025-09-29T23:02:33.847000+00:00,1.0004618734391126
2025-09-30T00:02:38.214000+00:00,1.000012914770578
2025-09-30T01:02:37.995000+00:00,0.9974623194163721
2025-09-30T02:02:37.472000+00:00,0.999548584388925
2025-09-30T03:02:55.395000+00:00,1.000285032061907
2025-09-30T04:02:15.888000+00:00,0.9993541574893322
2025-09-30T05:06:04.591000+00:00,0.9998285261859888
2025-09-30T06:02:36.803000+00:00,0.9993812596470464
2025-09-30T07:02:29.383000+00:00,0.9995126675947131
2025-09-30T08:02:49.551000+00:00,1.0002678380189738
2025-09-30T09:02:50.986000+00:00,0.9997283789285206
2025-09-30T10:02:52.585000+00:00,0.9984364277251339
2025-09-30T11:02:36.229000+00:00,0.9997385837201067
2025-09-30T12:02:31.507000+00:00,0.9994789519668177
2025-09-30T13:02:32.680000+00:00,0.9995469391531437
2025-09-30T14:02:28.866000+00:00,0.9994350823501992
2025-09-30T15:02:27.425000+00:00,1.0001892244188042
2025-09-30T16:02:32.173000+00:00,0.9997787979886448
2025-09-30T17:02:30.671000+00:00,1.0000827470830564
2025-09-30T18:02:34.891000+00:00,1.000068553564609
2025-09-30T19:02:35.139000+00:00,0.9999754306428097
2025-09-30T20:02:36.587000+00:00,1.0010360372573868
2025-09-30T21:02:36.719000+00:00,1.0016077938678665
2025-09-30T22:02:31.939000+00:00,0.9996786063849364
2025-09-30T23:02:51.873000+00:00,0.9990948403761976
2025-10-01T00:02:49.375000+00:00,0.9999152064556299
2025-10-01T01:02:47.923000+00:00,1.000751711503514
2025-10-01T02:02:35.604000+00:00,0.9999308822311211
2025-10-01T03:02:51.608000+00:00,1.0002696800383073
2025-10-01T04:02:21.211000+00:00,1.0001570726750073
2025-10-01T05:02:36.576000+00:00,0.9995715498590637
2025-10-01T06:02:30.708000+00:00,0.99995796161958
2025-10-01T07:06:54.295000+00:00,1.0007198465578113
2025-10-01T08:02:17.056000+00:00,0.9990002047465326
2025-10-01T09:02:23.794000+00:00,0.9793838171663586
2025-10-01T10:02:32.422000+00:00,1.0012424388706345
2025-10-01T11:02:36.589000+00:00,1.0000654287539095
2025-10-01T12:02:29.583000+00:00,0.999633845074951
2025-10-01T13:02:28.920000+00:00,0.9989164908225678
2025-10-01T14:02:36.778000+00:00,1.0001254466692613
2025-10-01T15:02:32.449000+00:00,1.0000998671816403
2025-10-01T16:02:34.270000+00:00,0.9993418140052998
2025-10-01T17:02:43.703000+00:00,0.9995868312754991
2025-10-01T18:02:35.845000+00:00,1.000235376367465
2025-10-01T19:02:37.825000+00:00,0.9995478279408079
2025-10-01T20:02:42.741000+00:00,0.9997507910638312
2025-10-01T21:06:33.395000+00:00,0.9996954663013322
2025-10-01T22:02:27.298000+00:00,0.9996303568534136
2025-10-01T23:02:46.197000+00:00,0.9994139322368839
2025-10-02T00:02:26.463000+00:00,0.9998481883259025
2025-10-02T01:02:48.451000+00:00,0.9997536480901638
2025-10-02T02:02:35.208000+00:00,1.0016326521955494
2025-10-02T03:06:36.017000+00:00,0.9995246870872656
2025-10-02T04:02:46.187000+00:00,0.9996440060794235
2025-10-02T05:02:36.117000+00:00,0.9993958830181605
2025-10-02T06:02:32.046000+00:00,0.9999279241360675
2025-10-02T07:02:24.127000+00:00,0.9998465659823824
2025-10-02T08:02:24.409000+00:00,0.9999312395047375
2025-10-02T09:02:48.552000+00:00,1.0001817786011307
2025-10-02T10:06:53.224000+00:00,0.9996329780788521
2025-10-02T11:02:40.839000+00:00,0.999531808594962
2025-10-02T12:02:37.639000+00:00,1.0001557836571726
2025-10-02T13:02:27.380000+00:00,1.0009181981510658
2025-10-02T14:06:55.758000+00:00,0.999368430387233
2025-10-02T15:06:28.079000+00:00,0.9996498757879461
2025-10-02T16:02:35.678000+00:00,1.0015849791704163
2025-10-02T17:02:33.698000+00:00,0.999805364775775
2025-10-02T18:02:29.849000+00:00,1.0002641197120976
2025-10-02T19:02:33.908000+00:00,0.9999847655044694
2025-10-02T20:01:55.388000+00:00,0.9998515005595812
2025-10-02T21:01:55.263000+00:00,0.9997146624202874
2025-10-02T22:01:51.223000+00:00,0.9988243469394398
2025-10-02T23:01:49.651000+00:00,1.0001119069169009
2025-10-03T00:01:46.235000+00:00,0.9994675578024387
2025-10-03T01:03:52.008000+00:00,0.9996545098747106
2025-10-03T02:05:31.703000+00:00,0.9994606773355261
2025-10-03T03:01:44.886000+00:00,1.0011599092128054
2025-10-03T04:01:45.709000+00:00,0.999425099151932
2025-10-03T05:01:46.766000+00:00,0.9994831064567252
2025-10-03T06:01:51.271000+00:00,1.0005819583039925
2025-10-03T07:01:46.933000+00:00,0.9997699755812364
2025-10-03T08:01:46.602000+00:00,0.9989617714518967
2025-10-03T09:01:49.148000+00:00,0.9995559368399195
2025-10-03T10:06:00.095000+00:00,1.0005994045070383
2025-10-03T11:01:42.859000+00:00,0.9999290023173645
2025-10-03T12:01:42.558000+00:00,1.0004625624121986
2025-10-03T13:01:49.173000+00:00,0.9993452637207394
2025-10-03T14:01:46.250000+00:00,0.998610703765453
2025-10-03T15:01:43.749000+00:00,0.9997480730783826
2025-10-03T16:01:45.567000+00:00,1.0021449067658488
2025-10-03T17:01:40.805000+00:00,0.9990328980911518
2025-10-03T18:01:58.048000+00:00,0.9981375560116331
2025-10-03T19:01:49.178000+00:00,0.9990604143181664
2025-10-03T20:01:57.304000+00:00,0.9995315242073771
2025-10-03T21:01:58.465000+00:00,1.0005529044672319
2025-10-03T22:01:54.888000+00:00,0.9999249053245471
2025-10-03T23:01:53.475000+00:00,0.9992821023124052
2025-10-04T00:01:54.052000+00:00,1.0003021776000078
2025-10-04T01:05:38.487000+00:00,0.9991086430080436
2025-10-04T02:06:03.118000+00:00,1.0002032617714762
2025-10-04T03:01:52.803000+00:00,0.9993686051898114
2025-10-04T04:02:30.777000+00:00,1.000213907332993
2025-10-04T05:02:24.344000+00:00,0.9994594133979401
2025-10-04T06:02:37.899000+00:00,1.000362336801532
2025-10-04T07:02:32.463000+00:00,0.9997198449868993
2025-10-04T08:05:02.256000+00:00,1.000152545212207
2025-10-04T09:02:42.078000+00:00,1.000386729023531
2025-10-04T10:03:06.958000+00:00,0.9992795607943498
2025-10-04T11:02:30.782000+00:00,0.9995623214666605
2025-10-04T12:02:25.063000+00:00,0.9992859800405324
2025-10-04T13:02:37.248000+00:00,1.0005889759457447
2025-10-04T14:02:30.802000+00:00,0.9999427214827137
2025-10-04T15:04:14.045000+00:00,1.0005659449995068
2025-10-04T16:00:54.191000+00:00,0.9997531937391466
2025-10-04T17:00:56.301000+00:00,1.0001273164377231
2025-10-04T18:00:55.210000+00:00,0.9997744939421903
2025-10-04T19:00:56.493000+00:00,0.999029665494203
2025-10-04T20:00:57.902000+00:00,1.0000312154822928
2025-10-04T21:00:57.246000+00:00,0.9993283097173479
2025-10-04T22:00:55.677000+00:00,0.9995211676565727
2025-10-04T23:00:54.995000+00:00,0.9997050521148431
2025-10-05T00:00:59.007000+00:00,1.0001033906551065
2025-10-05T01:00:54.176000+00:00,0.9996374471901662
2025-10-05T02:00:58.263000+00:00,0.9996898333650623
2025-10-05T03:00:46.453000+00:00,1.0007409572347499
2025-10-05T04:00:42.647000+00:00,0.9991005086021927
2025-10-05T05:00:43.703000+00:00,0.9994851636615004
2025-10-05T06:00:47.852000+00:00,0.9993779205258955
2025-10-05T07:01:54.947000+00:00,0.9996095775573157
2025-10-05T08:01:51.652000+00:00,1.0018961740197359
2025-10-05T09:01:54.759000+00:00,0.9988820320877105
2025-10-05T10:02:05.979000+00:00,0.9990585179994432
2025-10-05T11:01:59.813000+00:00,0.9996507718863255
2025-10-05T12:01:57.705000+00:00,0.9992510828689668
2025-10-05T13:01:54.018000+00:00,0.9996602535697524
2025-10-05T14:01:58.575000+00:00,0.9999681529710176
2025-10-05T15:02:08.548000+00:00,1.0003406249956412
2025-10-05T16:02:02.326000+00:00,1.0003155309215588
2025-10-05T17:01:57.522000+00:00,1.0001424334109519
2025-10-05T18:02:14.527000+00:00,0.9996626962074779
2025-10-05T19:02:00.053000+00:00,0.9995344033764405
2025-10-05T20:01:59.450000+00:00,0.9993073400051361
2025-10-05T21:02:14.598000+00:00,0.9991556599301206
2025-10-05T22:02:09.937000+00:00,0.999726440832022
2025-10-05T23:02:02.021000+00:00,1.0003640847256883
2025-10-06T00:01:34.128000+00:00,0.9999636016930479
2025-10-06T01:01:32.533000+00:00,0.9993449860102303
2025-10-06T02:01:32.548000+00:00,0.9994092712382182
2025-10-06T03:01:20.342000+00:00,1.0001990498024866
2025-10-06T04:01:18.198000+00:00,0.9997231796002685
2025-10-06T05:07:03.799000+00:00,0.9991993210210169
2025-10-06T06:02:33.568000+00:00,0.999550374820479
2025-10-06T07:01:41.765000+00:00,1.0001414317429533
2025-10-06T08:01:40.030000+00:00,0.9995468546396776
2025-10-06T09:01:40.045000+00:00,0.9995694119937238
2025-10-06T10:01:42.152000+00:00,1.0001279135302836
2025-10-06T11:01:47.424000+00:00,0.9999652217645467
2025-10-06T12:01:41.856000+00:00,0.9998853127657062
2025-10-06T13:01:18.691000+00:00,1.0002667159241545
2025-10-06T14:01:17.648000+00:00,1.0011934370414304
2025-10-06T15:01:21.179000+00:00,0.9991552161724281
2025-10-06T16:01:17.967000+00:00,0.9992205428759598
2025-10-06T17:01:18.607000+00:00,0.9995981128227589
2025-10-06T18:01:18.021000+00:00,0.9996494846209274
2025-10-06T19:01:18.639000+00:00,1.000017200652709
2025-10-06T20:01:16.833000+00:00,0.9999346190015459
2025-10-06T21:01:22.937000+00:00,0.9989640323741313
2025-10-06T22:01:15.294000+00:00,1.000519361813168
2025-10-06T23:01:25.213000+00:00,0.9990109971772294
2025-10-07T00:01:13.387000+00:00,0.9999162128227579
2025-10-07T01:01:20.428000+00:00,0.9997206542609208
2025-10-07T02:01:16.909000+00:00,1.0000434712129416
2025-10-07T03:01:16.207000+00:00,1.0004738099349273
2025-10-07T04:01:15.359000+00:00,0.9999324329398401
2025-10-07T05:01:17.967000+00:00,0.9994458335663284
2025-10-07T06:01:17.399000+00:00,1.0000028649274468
2025-10-07T07:01:18.256000+00:00,0.9988310923535969
2025-10-07T08:02:16.290000+00:00,1.0002741967166442
2025-10-07T09:02:18.139000+00:00,1.0001328038765525
2025-10-07T10:02:12.403000+00:00,0.9995653262816436
2025-10-07T11:04:47.927000+00:00,1.0005680877646954
2025-10-07T12:02:16.878000+00:00,1.0011094162483414
2025-10-07T13:05:54.279000+00:00,1.0003948581694735
2025-10-07T14:02:16.462000+00:00,1.001267833103936
2025-10-07T15:02:08.459000+00:00,1.0002837173391497
2025-10-07T16:06:10.030000+00:00,0.998954319768353
2025-10-07T17:02:16.186000+00:00,0.9985877850763177
2025-10-07T18:02:17.917000+00:00,0.9989116085879507
2025-10-07T19:02:21.250000+00:00,0.999285982352644
2025-10-07T20:02:13.421000+00:00,0.9994253880728983
2025-10-07T21:01:21.146000+00:00,1.0000983735067595
2025-10-07T22:01:18.402000+00:00,0.998699364116388
2025-10-07T23:01:38.453000+00:00,0.9993951374513662
2025-10-08T00:01:40.540000+00:00,0.9995201215253566
2025-10-08T01:01:43.129000+00:00,0.9998881502836996
2025-10-08T02:05:59.315000+00:00,0.9996391859551712
2025-10-08T03:01:47.297000+00:00,0.9998245326480631
2025-10-08T04:01:48.561000+00:00,1.0001209290955808
2025-10-08T05:01:45.523000+00:00,0.9999451410712745
2025-10-08T06:01:46.379000+00:00,1.0001849570129995
2025-10-08T07:03:32.204000+00:00,0.9998213168138187
2025-10-08T08:06:12.234000+00:00,1.000096830230056
2025-10-08T09:01:47.535000+00:00,0.999479616900305
2025-10-08T10:01:48.257000+00:00,0.9998390117602711
2025-10-08T11:01:49.591000+00:00,0.9998849714370218
2025-10-08T12:01:48.828000+00:00,0.9998868022162786
2025-10-08T13:01:49.503000+00:00,0.9992108718353664
2025-10-08T14:01:52.220000+00:00,1.0003507268878622
2025-10-08T15:01:50.677000+00:00,0.9996091217527823
2025-10-08T16:01:55.524000+00:00,1.0001508449941
2025-10-08T17:01:58.625000+00:00,1.0009536372053955
2025-10-08T18:03:21.264000+00:00,1.0000455630947256
2025-10-08T19:01:54.395000+00:00,0.9998582447481711
2025-10-08T20:02:01.519000+00:00,1.0003265672687929
2025-10-08T21:01:49.555000+00:00,0.999805497609543
2025-10-08T22:01:50.197000+00:00,0.9998959700894893
2025-10-08T23:02:51.079000+00:00,0.9994517864499407
2025-10-09T00:01:50.578000+00:00,1.0001416179453169
2025-10-09T01:02:04.474000+00:00,1.0000134558083305
2025-10-09T02:01:47.187000+00:00,1.0004528119111
2025-10-09T03:01:46.161000+00:00,0.9983707997655035
2025-10-09T04:01:44.126000+00:00,1.0003030826659254
2025-10-09T05:00:58.756000+00:00,0.9998522655224095
2025-10-09T06:00:55.683000+00:00,0.999649815732246
2025-10-09T07:00:59.085000+00:00,0.9993829752258343
2025-10-09T08:00:52.517000+00:00,1.0033036972154623
2025-10-09T09:01:00.715000+00:00,0.991067890545075
2025-10-09T10:00:59.984000+00:00,0.9993005095600892
2025-10-09T11:00:56.105000+00:00,1.0001851146896032
2025-10-09T12:00:59.767000+00:00,0.9995705619494635
2025-10-09T13:01:00.518000+00:00,1.0013835200984682
2025-10-09T14:00:59.004000+00:00,0.9975489310314571
2025-10-09T15:00:59.415000+00:00,0.9998761948497689
2025-10-09T16:00:53.357000+00:00,0.999507681710423
2025-10-09T17:00:56.304000+00:00,0.9993435901790879
2025-10-09T18:00:56.497000+00:00,0.9997547865480719
2025-10-09T19:00:59.187000+00:00,1.0001673781623295
2025-10-09T20:00:58.421000+00:00,0.9996792521215646
2025-10-09T21:00:56.348000+00:00,0.9999368766180914
2025-10-09T22:01:00.315000+00:00,0.9994516534385854
2025-10-09T23:00:55.535000+00:00,0.9999137493354902
2025-10-10T00:00:53.803000+00:00,0.999606848166782
2025-10-10T01:00:58.045000+00:00,0.9998678146037445
2025-10-10T02:00:56.675000+00:00,1.0002965873134981
2025-10-10T03:00:58.952000+00:00,0.9993018065687278
2025-10-10T04:00:53.497000+00:00,1.000256158134772
2025-10-10T05:00:55.133000+00:00,0.9996304776641234
2025-10-10T06:02:24.326000+00:00,1.0003670505667936
2025-10-10T07:02:27.991000+00:00,0.9990180573534274
2025-10-10T08:02:10.602000+00:00,1.0000167079625266
2025-10-10T09:02:27.467000+00:00,1.0005430185996713
2025-10-10T10:02:26.210000+00:00,0.9996934478673759
2025-10-10T11:02:27.244000+00:00,1.0011896959610513
2025-10-10T12:02:24.990000+00:00,0.9989435626132245
2025-10-10T13:01:37.326000+00:00,0.9999748335612919
2025-10-10T14:01:40.174000+00:00,1.0000374755979105
2025-10-10T15:01:40.207000+00:00,0.9988980820900976
2025-10-10T16:02:18.112000+00:00,0.9993312440376984
2025-10-10T17:01:41.137000+00:00,1.0003094494942661
2025-10-10T18:01:40.705000+00:00,0.999306535749371
2025-10-10T19:01:30.781000+00:00,0.9993876803071468
2025-10-10T20:01:40.732000+00:00,0.99814714109408
2025-10-10T21:05:58.640000+00:00,0.9863826984650781
2025-10-10T22:01:39.582000+00:00,1.0354869644961262
2025-10-10T23:01:41.304000+00:00,1.0082685975135592
2025-10-11T00:01:47.473000+00:00,0.9976607104322572
2025-10-11T01:01:52.116000+00:00,1.0032822889954736
2025-10-11T02:05:16.103000+00:00,0.9966847975380968
2025-10-11T03:01:52.772000+00:00,0.999522518675136
2025-10-11T04:01:49.846000+00:00,1.0008938313336262
2025-10-11T05:02:50.484000+00:00,0.9997199203978474
2025-10-11T06:01:54.511000+00:00,0.9989240116661426
2025-10-11T07:01:51.951000+00:00,0.9999405048497533
2025-10-11T08:01:44.789000+00:00,0.9999455255781783
2025-10-11T09:01:50.964000+00:00,0.9997721624901148
2025-10-11T10:01:50.809000+00:00,0.9993700465438324
2025-10-11T11:01:38.553000+00:00,1.0012412685427703
2025-10-11T12:00:07.338000+00:00,1.0007869850280764
2025-10-11T13:00:05.255000+00:00,0.9996646541134049
2025-10-11T14:00:09.262000+00:00,1.0011080304295785
2025-10-11T15:00:08.655000+00:00,1.0004355641938447
2025-10-11T16:00:05.109000+00:00,1.0006326044731482
2025-10-11T17:00:08.063000+00:00,1.0000524434838205
2025-10-11T18:02:06.511000+00:00,0.999298695405614
2025-10-11T19:03:25.753000+00:00,1.0001074098331735
2025-10-11T20:02:21.086000+00:00,0.9996468538703546
2025-10-11T21:03:00.791000+00:00,0.9998444766608174
2025-10-11T22:02:15.500000+00:00,0.9999578745959665
2025-10-11T23:02:10.721000+00:00,1.0002468618294613
2025-10-12T00:02:47.098000+00:00,1.0001546703847413
2025-10-12T01:02:07.694000+00:00,1.0000921796203448
2025-10-12T02:02:33.234000+00:00,0.9998328598257659
2025-10-12T03:02:07.794000+00:00,1.0002388725164384
2025-10-12T04:02:30.064000+00:00,1.0007307767140956
2025-10-12T05:02:30.365000+00:00,1.0002532625072913
2025-10-12T06:03:01.848000+00:00,1.000248676562613
2025-10-12T07:02:24.835000+00:00,0.9997233175332136
2025-10-12T08:06:43.011000+00:00,0.9997819627804385
2025-10-12T09:01:57.196000+00:00,1.0002985365466683
2025-10-12T10:02:25.761000+00:00,1.0002171263869784
2025-10-12T11:01:23.483000+00:00,0.9994632713657432
2025-10-12T12:01:22.610000+00:00,0.9997521255219692
2025-10-12T13:01:24.260000+00:00,0.9997273257498623
2025-10-12T14:01:35.387000+00:00,1.001145220294433
2025-10-12T15:01:27.333000+00:00,1.0125414297868183
2025-10-12T16:02:08.324000+00:00,1.001124323201132
2025-10-12T17:01:20.495000+00:00,1.000196841184673
2025-10-12T18:01:29.296000+00:00,1.000769016102539
2025-10-12T19:01:26.291000+00:00,0.9996540853581573
2025-10-12T20:01:13.805000+00:00,1.0007295104789578
2025-10-12T21:01:23.036000+00:00,0.9988411179196471
2025-10-12T22:01:22.525000+00:00,1.0001620093633827
2025-10-12T23:00:55.096000+00:00,0.9998912881621153
2025-10-13T00:01:18.195000+00:00,0.9993252662222676
2025-10-13T01:01:22.314000+00:00,0.9994236225735965
2025-10-13T02:01:04.693000+00:00,1.0006741681352223
2025-10-13T03:01:23.623000+00:00,0.9994697999034785
2025-10-13T04:01:50.151000+00:00,0.9999887486551166
2025-10-13T05:01:48.772000+00:00,1.0000214889528236
2025-10-13T06:01:48.907000+00:00,0.9995865475699109
2025-10-13T07:01:48.159000+00:00,1.0005015478300003
2025-10-13T08:01:41.344000+00:00,1.0008934791679927
2025-10-13T09:01:50.286000+00:00,1.0001685463765082
2025-10-13T10:01:47.742000+00:00,1.0001214802128469
2025-10-13T11:01:51.685000+00:00,0.9998012520067071
2025-10-13T12:01:47.851000+00:00,0.9996261865206457
2025-10-13T13:02:31.979000+00:00,0.9994846739807536
2025-10-13T14:01:53.161000+00:00,1.0035474922646745
2025-10-13T15:01:52.871000+00:00,1.0000906072419977
2025-10-13T16:01:43.800000+00:00,1.0002268254441085
2025-10-13T17:01:47.012000+00:00,1.0007179463730385
2025-10-13T18:04:04.957000+00:00,1.0021675327433959
2025-10-13T19:01:53.919000+00:00,1.0002695198157667
2025-10-13T20:01:50.028000+00:00,1.0001704142075185
2025-10-13T21:01:53.503000+00:00,0.9997448430971546
2025-10-13T22:01:49.712000+00:00,1.0006249659540376
2025-10-13T23:01:49.372000+00:00,1.000507467666731
2025-10-14T00:01:50.229000+00:00,1.000433906112203
2025-10-14T01:01:54.156000+00:00,1.0007349560338719
2025-10-14T02:01:48.882000+00:00,1.0004496677833457
2025-10-14T03:01:34.080000+00:00,0.999432867321532
2025-10-14T04:01:45.067000+00:00,1.0001916377259132
2025-10-14T05:01:25.737000+00:00,0.9999640106521538
2025-10-14T06:02:31.699000+00:00,0.9998273000291211
2025-10-14T07:05:58.444000+00:00,1.0031827477900221
2025-10-14T08:06:23.866000+00:00,1.000647638553444
2025-10-14T09:02:39.360000+00:00,0.9992791470758544
2025-10-14T10:02:45.980000+00:00,0.9987722596833746
2025-10-14T11:02:54.959000+00:00,1.0015018769572315
2025-10-14T12:02:32.372000+00:00,0.9999925227597496
2025-10-14T13:02:29.841000+00:00,1.0001101728720403
2025-10-14T14:02:31.045000+00:00,1.000448202827279
2025-10-14T15:06:08.781000+00:00,1.0005264580898112
2025-10-14T16:02:31.294000+00:00,1.0026981261726386
2025-10-14T17:02:33.917000+00:00,1.0002171945809493
2025-10-14T18:02:38.313000+00:00,1.0004035564914682
2025-10-14T19:02:39.538000+00:00,1.0003360840160402
2025-10-14T20:02:32.086000+00:00,1.0004074180710252
2025-10-14T21:04:21.936000+00:00,1.0000602837938473
2025-10-14T22:07:59.564000+00:00,1.0003702661847003
2025-10-14T23:03:05.519000+00:00,1.000279694391202
2025-10-15T00:02:35.920000+00:00,0.9993933751807268
2025-10-15T01:03:06.178000+00:00,1.0001672748974613
2025-10-15T02:02:46.768000+00:00,1.0007533885435262
2025-10-15T03:02:37.309000+00:00,0.9995347863540911
2025-10-15T04:02:38.399000+00:00,1.00058048154103
2025-10-15T05:02:34.805000+00:00,1.000095452008437
2025-10-15T06:01:36.128000+00:00,1.0007151447927085
2025-10-15T07:01:36.882000+00:00,0.999022347272282
2025-10-15T08:01:28.460000+00:00,1.0001196307327807
2025-10-15T09:01:34.484000+00:00,0.9999033164846773
2025-10-15T10:01:35.634000+00:00,1.0018778492198217
2025-10-15T11:01:36.837000+00:00,0.9998956182718264
2025-10-15T12:04:08.383000+00:00,0.9998744860596299
2025-10-15T13:01:36.841000+00:00,0.9997290388638511
2025-10-15T14:01:36.805000+00:00,1.0011575565208968
2025-10-15T15:01:35.675000+00:00,1.002405779248345
2025-10-15T16:01:31.061000+00:00,1.000545030623509
2025-10-15T17:01:38.064000+00:00,0.9997469510112672
2025-10-15T18:01:37.899000+00:00,0.9995147423640841
2025-10-15T19:01:37.163000+00:00,1.000449728696351
2025-10-15T20:01:36.045000+00:00,1.000819830354774
2025-10-15T21:01:39.267000+00:00,0.999103501220699
2025-10-15T22:01:39.448000+00:00,1.0000281138336298
2025-10-15T23:01:36.374000+00:00,0.9996306944189773
2025-10-16T00:01:29.562000+00:00,1.0000469982979256
2025-10-16T01:01:37.041000+00:00,0.9997072022627363
2025-10-16T02:01:30.722000+00:00,0.9998262529896013
2025-10-16T03:01:34.731000+00:00,1.0003486947965572
2025-10-16T04:01:32.215000+00:00,0.9998660739209254
2025-10-16T05:01:37.556000+00:00,0.9996662168339562
2025-10-16T06:01:35.554000+00:00,0.9977662807671492
2025-10-16T07:01:33.696000+00:00,1.000914990711531
2025-10-16T08:01:27.132000+00:00,1.0005766692737916
2025-10-16T09:01:36.087000+00:00,1.0002387942387316
2025-10-16T10:01:36.051000+00:00,0.9998382044220997
2025-10-16T11:01:37.705000+00:00,0.9989350901122239
2025-10-16T12:01:35.936000+00:00,1.000188745752258
2025-10-16T13:01:34.391000+00:00,1.000361148638139
2025-10-16T14:01:34.282000+00:00,0.9999447295513068
2025-10-16T15:05:43.521000+00:00,0.9990246333984832
2025-10-16T16:01:41.682000+00:00,0.9989738843993664
2025-10-16T17:01:44.818000+00:00,1.0021376450474726
2025-10-16T18:01:46.835000+00:00,0.9985920448065174
2025-10-16T19:01:45.417000+00:00,0.9998199703030862
2025-10-16T20:01:45.885000+00:00,0.9987397318723498
2025-10-16T21:01:47.529000+00:00,1.0010897254820423
2025-10-16T22:01:44.299000+00:00,1.0008728965131544
2025-10-16T23:01:42.453000+00:00,0.9995249774541864
2025-10-17T00:01:39.273000+00:00,0.9998473824326901
2025-10-17T01:01:43.759000+00:00,1.0002172124477404
2025-10-17T02:01:41.372000+00:00,0.9996488290982968
2025-10-17T03:01:44.403000+00:00,1.0007626272957009
2025-10-17T04:01:39.069000+00:00,1.000173861900967
2025-10-17T05:01:42.261000+00:00,0.9997266535214211
2025-10-17T06:01:45.501000+00:00,0.9988582198170985
2025-10-17T07:01:39.937000+00:00,0.9989418479504548
2025-10-17T08:01:37.981000+00:00,0.999939846318484
2025-10-17T09:00:30.787000+00:00,0.9984409211439647
2025-10-17T10:00:30.136000+00:00,0.9985761114445215
2025-10-17T11:00:32.850000+00:00,0.9994087930305212
2025-10-17T12:00:31.217000+00:00,0.999482582609322
2025-10-17T13:00:32.483000+00:00,0.9995518900835894
2025-10-17T14:00:33.032000+00:00,1.000811405612737
2025-10-17T15:00:32.304000+00:00,0.9994981833647298
2025-10-17T16:00:30.352000+00:00,1.001612466927119
2025-10-17T17:00:33.298000+00:00,0.9981728492479319
2025-10-17T18:00:31.376000+00:00,0.9998529360232258
2025-10-17T19:00:32.170000+00:00,0.9987895736030318
2025-10-17T20:00:33.188000+00:00,0.9996680213862665
2025-10-17T21:00:28.634000+00:00,0.9998535109497958
2025-10-17T22:00:29.648000+00:00,1.0003678131128706
2025-10-17T23:00:30.642000+00:00,1.0005992308269471
2025-10-18T00:00:46.302000+00:00,0.99992775245201
2025-10-18T01:00:30.817000+00:00,1.0001519889187795
2025-10-18T02:00:29.884000+00:00,1.000367674487296
2025-10-18T03:00:28.467000+00:00,0.9998142715206704
2025-10-18T04:00:21.812000+00:00,1.0000257002751365
2025-10-18T05:00:23.284000+00:00,1.0004501197209703
2025-10-18T06:00:10.668000+00:00,0.9996932094166232
2025-10-18T07:00:49.140000+00:00,0.9996096863313133
2025-10-18T08:00:27.004000+00:00,1.0000804073842926
2025-10-18T09:00:26.873000+00:00,0.9993183207305552
2025-10-18T10:00:24.200000+00:00,0.9996710974671881
2025-10-18T11:00:16.513000+00:00,0.9998860995110196
2025-10-18T12:00:29.003000+00:00,0.9997349536667753
2025-10-18T13:00:19.091000+00:00,0.9997691831157507
2025-10-18T14:00:18.599000+00:00,0.9996073926060812
2025-10-18T15:00:28.118000+00:00,0.9996002078546342
2025-10-18T16:00:19.423000+00:00,0.9999116090527569
2025-10-18T17:00:25.015000+00:00,0.9996417781518465
2025-10-18T18:00:36.481000+00:00,1.0007585059428183
2025-10-18T19:00:22.474000+00:00,1.0003627694465917
2025-10-18T20:01:07.783000+00:00,0.9997229943894923
2025-10-18T21:00:55.568000+00:00,1.0001465542621082
2025-10-18T22:00:18.414000+00:00,0.9995608189516959
2025-10-18T23:00:24.403000+00:00,0.9999614986823826
2025-10-19T00:00:31.404000+00:00,0.9997360529724023
2025-10-19T01:00:41.232000+00:00,0.9997503876457183
2025-10-19T02:00:30.343000+00:00,1.001500482286203
2025-10-19T03:00:45.270000+00:00,1.000258795504693
2025-10-19T04:00:24.788000+00:00,0.9996612635150156
2025-10-19T05:00:21.848000+00:00,0.9995232118398366
2025-10-19T06:00:26.176000+00:00,1.0003712548288284
2025-10-19T07:00:24.856000+00:00,1.0006797473779536
2025-10-19T08:00:22.591000+00:00,0.9999719681608426
2025-10-19T09:00:24.176000+00:00,1.0004558441902918
2025-10-19T10:00:27.831000+00:00,1.0007966477608174
2025-10-19T11:00:24.875000+00:00,0.9998220440487715
2025-10-19T12:00:25.698000+00:00,1.0000237651903228
2025-10-19T13:00:24.314000+00:00,1.000300981457958
2025-10-19T14:00:23.993000+00:00,1.003031375179071
2025-10-19T15:00:24.409000+00:00,0.9996051267390471
2025-10-19T16:00:22.834000+00:00,0.9999795780785812
2025-10-19T17:00:24.998000+00:00,1.0003842630336404
2025-10-19T18:00:25.872000+00:00,1.0001312636959991
2025-10-19T19:00:25.059000+00:00,0.9991250776729739
2025-10-19T20:00:24.577000+00:00,0.9997265728004938
2025-10-19T21:00:24.818000+00:00,1.0016374688743597
2025-10-19T22:00:21.585000+00:00,1.0010221032964142
2025-10-19T23:00:24.260000+00:00,0.9993861879842543
2025-10-20T00:00:22.988000+00:00,1.000261161890042
2025-10-20T01:00:24.583000+00:00,0.9994433676549421
2025-10-20T02:00:24.577000+00:00,1.0002097162912802
2025-10-20T03:00:23.584000+00:00,1.0004297418454502
2025-10-20T04:01:09.181000+00:00,1.0015490292787415
2025-10-20T05:01:12.546000+00:00,1.0005943954823366
2025-10-20T06:01:11.260000+00:00,0.9996012424834853
2025-10-20T07:01:11.304000+00:00,1.0012721798424986
2025-10-20T08:01:02.302000+00:00,0.9965774923792372
2025-10-20T09:01:08.083000+00:00,0.9996634455913946
2025-10-20T10:01:09.516000+00:00,0.9999243719814734
2025-10-20T11:01:10.023000+00:00,1.000820195354582
2025-10-20T12:01:10.043000+00:00,0.9997565652440104
2025-10-20T13:01:09.228000+00:00,0.9997313150077074
2025-10-20T14:01:13.007000+00:00,1.0000571113529688
2025-10-20T15:01:12.948000+00:00,0.9999683964837875
2025-10-20T16:00:58.041000+00:00,0.9984366455214924
2025-10-20T17:01:03.932000+00:00,1.0009344796785873
2025-10-20T18:01:02.708000+00:00,1.0002210356146088
2025-10-20T19:01:23.679000+00:00,1.0006576886930065
2025-10-20T20:01:25.203000+00:00,0.999919993819268
2025-10-20T21:01:27.168000+00:00,0.9996332200477737
2025-10-20T22:01:12.061000+00:00,0.9998099677627912
2025-10-20T23:01:22.744000+00:00,0.9999776881890896
2025-10-21T00:01:22.778000+00:00,1.0002305526724475
2025-10-21T01:01:26.532000+00:00,1.000975331682911
2025-10-21T02:01:45.887000+00:00,1.0001273464506446
2025-10-21T03:01:43.185000+00:00,1.000815916786042
2025-10-21T04:01:40.619000+00:00,1.0007046988524255
2025-10-21T05:01:40.164000+00:00,0.9992612686977846
2025-10-21T06:01:52.263000+00:00,1.0005195543324301
2025-10-21T07:01:46.467000+00:00,0.9996430624126381
2025-10-21T08:01:39.793000+00:00,1.0001254584527217
2025-10-21T09:01:53.079000+00:00,1.0015179405098256
2025-10-21T10:06:00.333000+00:00,1.0000557742242657
2025-10-21T11:01:39.281000+00:00,1.0002468471321655
2025-10-21T12:01:52.991000+00:00,0.9998298901975271
2025-10-21T13:01:41.201000+00:00,0.9997866595478491
2025-10-21T14:01:39.317000+00:00,0.9998233443206209
2025-10-21T15:01:45.512000+00:00,1.0014884208684045
2025-10-21T16:01:40.831000+00:00,0.9983141244131964
2025-10-21T17:01:47.890000+00:00,0.9982991545671298
2025-10-21T18:01:43.913000+00:00,0.9996072552897158
2025-10-21T19:06:06.954000+00:00,1.0001765775714018
2025-10-21T20:01:51.124000+00:00,0.9996029458845865
2025-10-21T21:01:41.624000+00:00,0.9989727709566814
2025-10-21T22:01:36.882000+00:00,1.0002893820878225
2025-10-21T23:04:14.544000+00:00,0.9992727476371541
2025-10-22T00:01:31.421000+00:00,0.999815722933465
2025-10-22T01:01:37.311000+00:00,1.0000925955715656
2025-10-22T02:01:34.143000+00:00,1.0005979444970778
2025-10-22T03:01:34.569000+00:00,0.9994743581420805
2025-10-22T04:01:32.877000+00:00,1.0001255029298208
2025-10-22T05:06:08.756000+00:00,1.0019069914390468
2025-10-22T06:01:35.315000+00:00,0.9999977971596306
2025-10-22T07:01:32.897000+00:00,0.9992285109495235
2025-10-22T08:01:27.364000+00:00,0.9993306927465165
2025-10-22T09:01:30.625000+00:00,1.0000755409577704
2025-10-22T10:01:35.114000+00:00,0.9999313505098356
2025-10-22T11:01:31.507000+00:00,0.9998323657413848
2025-10-22T12:01:35.858000+00:00,1.0009387785276627
2025-10-22T13:01:32.419000+00:00,1.0001330238039667
2025-10-22T14:01:33.786000+00:00,1.000578401901827
2025-10-22T15:01:34.174000+00:00,0.9997748054835974
2025-10-22T16:01:27.905000+00:00,1.0000133120163084
2025-10-22T17:01:38.768000+00:00,0.9996829323236673
2025-10-22T18:05:52.620000+00:00,1.0006600667992072
2025-10-22T19:01:26.903000+00:00,1.0004867941038724
2025-10-22T20:01:31.631000+00:00,1.0002569356010995
2025-10-22T21:01:35.063000+00:00,0.999901589894197
2025-10-22T22:01:39.093000+00:00,0.99912304327222
2025-10-22T23:01:36.497000+00:00,0.9995902878240205
2025-10-23T00:00:04.583000+00:00,1.0000641911001762
2025-10-23T01:00:02.766000+00:00,0.9997124963272513
2025-10-23T02:00:02.346000+00:00,0.999489835873788
2025-10-23T03:00:03.201000+00:00,1.000120091323562
2025-10-23T04:00:01.154000+00:00,1.000646906964201
2025-10-23T05:00:02.004000+00:00,1.000281193151722
2025-10-23T06:00:04.818000+00:00,1.000170978456416
2025-10-23T07:01:56.282000+00:00,1.0004224178479366
2025-10-23T08:01:51.239000+00:00,1.0004416240769187
2025-10-23T09:02:14.101000+00:00,0.9996706463506241
2025-10-23T10:02:07.835000+00:00,1.0006491561905881
2025-10-23T11:02:00.033000+00:00,0.9997155523454057
2025-10-23T12:02:10.763000+00:00,1.0001120576077165
2025-10-23T13:02:05.364000+00:00,1.0000736517919038
2025-10-23T14:02:16.924000+00:00,1.0003008278489933
2025-10-23T15:02:19.607000+00:00,0.9993330543213881
2025-10-23T16:01:52.158000+00:00,0.9995332112751149
2025-10-23T17:01:58.122000+00:00,1.001295023825017
2025-10-23T18:02:12.227000+00:00,0.9995063526924357
2025-10-23T19:02:21.009000+00:00,1.0009536217286918
2025-10-23T20:02:14.847000+00:00,0.9990737705641993
2025-10-23T21:02:02.410000+00:00,0.9996926996671615
2025-10-23T22:06:13.326000+00:00,0.999979697533624
2025-10-23T23:02:02.793000+00:00,0.9999795133383672
2025-10-24T00:02:03.535000+00:00,1.0003497785579214
2025-10-24T01:02:16.469000+00:00,1.000208849144948
2025-10-24T02:31:12.273000+00:00,1.0019100531669698
2025-10-24T03:05:38.387000+00:00,0.9997887824770203
2025-10-24T04:02:00.193000+00:00,1.000879692790581
2025-10-24T05:01:57.522000+00:00,1.0009825171760802
2025-10-24T06:02:06.164000+00:00,0.999811945993421
2025-10-24T07:01:58.845000+00:00,1.0003657918553917
2025-10-24T08:01:51.094000+00:00,0.9991647530228401
2025-10-24T09:02:12.411000+00:00,1.0000595545707398
2025-10-24T10:02:06.454000+00:00,0.9992063509032956
2025-10-24T11:02:02.329000+00:00,0.9999708226254134
2025-10-24T12:01:57.951000+00:00,0.9997496351196282
2025-10-24T13:02:13.895000+00:00,1.0001388046321684
2025-10-24T14:01:58.032000+00:00,0.9994771039803177
2025-10-24T15:02:10.491000+00:00,0.9999720022029961
2025-10-24T16:01:53.778000+00:00,0.9997332924755843
2025-10-24T17:02:10.416000+00:00,0.9997009625101491
2025-10-24T18:02:01.154000+00:00,1.0000119414652924
2025-10-24T19:01:59.366000+00:00,0.9999570247029801
2025-10-24T20:02:11.885000+00:00,0.9995557907253111
2025-10-24T21:01:59.083000+00:00,0.9998794003846071
2025-10-24T22:02:13.708000+00:00,1.000673247561643
2025-10-24T23:02:03.121000+00:00,1.0005989652951506
2025-10-25T00:02:07.862000+00:00,1.0003146675124182
2025-10-25T01:02:09.680000+00:00,0.9993130649114988
2025-10-25T02:06:23.516000+00:00,0.9999382317930785
2025-10-25T03:02:02.164000+00:00,1.0002133971079148
2025-10-25T04:02:10.386000+00:00,0.9998723405798255
2025-10-25T05:01:56.919000+00:00,1.0002498888658107
2025-10-25T06:00:28.193000+00:00,0.999646801511214
2025-10-25T07:00:25.843000+00:00,0.9998392623964842
2025-10-25T08:00:22.864000+00:00,1.000503979035416
2025-10-25T09:00:27.760000+00:00,0.9998486217948365
2025-10-25T10:01:19.695000+00:00,0.9998536902434529
2025-10-25T11:01:20.323000+00:00,1.0002183977638133
2025-10-25T12:01:20.601000+00:00,1.0002934201250593
2025-10-25T13:01:22.318000+00:00,1.0003867656377137
2025-10-25T14:01:25.443000+00:00,1.000589326138878
2025-10-25T15:01:29.608000+00:00,1.0002095917916558
2025-10-25T16:01:22.896000+00:00,0.9995764442006142
2025-10-25T17:01:31.275000+00:00,0.9991872386527959
2025-10-25T18:01:32.973000+00:00,0.9982322656542449
2025-10-25T19:01:25.845000+00:00,0.9952173840759821
2025-10-25T20:01:42.784000+00:00,0.9943644483772411
2025-10-25T21:01:30.626000+00:00,0.9940626772682226
2025-10-25T22:01:27.585000+00:00,1.000500658667847
2025-10-25T23:01:27.180000+00:00,1.0006328547708512
2025-10-26T00:01:21.806000+00:00,1.0000709144070539
2025-10-26T01:01:30.089000+00:00,1.000162729396641
2025-10-26T02:01:27.288000+00:00,1.0006211886594445
2025-10-26T03:01:24.108000+00:00,1.0001455915711144
2025-10-26T04:01:28.236000+00:00,1.0007868271816638
2025-10-26T05:01:28.342000+00:00,1.0003327171462597
2025-10-26T06:01:28.093000+00:00,0.9996610285458638
2025-10-26T07:01:31.191000+00:00,1.0003350270998954
2025-10-26T08:01:20.727000+00:00,1.0003488657858344
2025-10-26T09:01:31.381000+00:00,1.0009189209253568
2025-10-26T10:01:29.701000+00:00,0.9998445940073443
2025-10-26T11:01:31.504000+00:00,0.9997203381982879
2025-10-26T12:01:31.405000+00:00,0.9995041433953921
2025-10-26T13:01:30.198000+00:00,0.9995743879654786
2025-10-26T14:01:32.239000+00:00,1.000076304871395
2025-10-26T15:01:30.288000+00:00,1.0002681841851941
2025-10-26T16:01:27.149000+00:00,1.0007843315769018
2025-10-26T17:06:09.565000+00:00,1.000695514097076
2025-10-26T18:01:33.927000+00:00,0.9994334387111976
2025-10-26T19:01:35.173000+00:00,1.0010336546412015
2025-10-26T20:06:31.566000+00:00,1.0000716903962108
2025-10-26T21:01:28.276000+00:00,1.0000812899799592
2025-10-26T22:01:26.643000+00:00,0.9997742127859465
2025-10-26T23:01:39.594000+00:00,1.0004652861163938
2025-10-27T00:01:24.346000+00:00,0.9990102146417776
2025-10-27T01:01:30.149000+00:00,1.0013549419751244
2025-10-27T02:01:35.669000+00:00,0.9998023912759793
2025-10-27T03:01:25.143000+00:00,1.0006269758939608
2025-10-27T04:01:27.590000+00:00,0.999807225056309
2025-10-27T05:01:27.241000+00:00,1.0005529749349298
2025-10-27T06:01:31.925000+00:00,1.0005031860684257
2025-10-27T07:01:29.754000+00:00,0.9999185754825026
2025-10-27T08:01:22.716000+00:00,0.9993149492111745
2025-10-27T09:01:30.138000+00:00,1.0001722571369684
2025-10-27T10:05:55.025000+00:00,1.0004789801384162
2025-10-27T11:01:32.539000+00:00,1.0000760081014057
2025-10-27T12:01:31.741000+00:00,1.0001546828566992
2025-10-27T13:01:32.906000+00:00,1.0000324846069653
2025-10-27T14:01:32.773000+00:00,1.0024714351836934
2025-10-27T15:01:47.666000+00:00,0.999989499079942
2025-10-27T16:01:26.840000+00:00,0.9997152883007311
2025-10-27T17:01:31.019000+00:00,1.000893654841501
2025-10-27T18:01:30.362000+00:00,0.9999932606274021
2025-10-27T19:01:40.510000+00:00,1.000278572165783
2025-10-27T20:01:31.568000+00:00,0.9995480016938549
2025-10-27T21:01:42.953000+00:00,0.9990404956120807
2025-10-27T22:01:37.128000+00:00,0.9998430292655932
2025-10-27T23:03:16.236000+00:00,0.9995485665809877
2025-10-28T00:01:29.203000+00:00,1.0009967015078267
2025-10-28T01:04:36.629000+00:00,1.0000528402023363
2025-10-28T02:01:37.634000+00:00,1.0002141334140238
2025-10-28T03:01:36.256000+00:00,0.9997425563221674
2025-10-28T04:01:39.565000+00:00,1.000517097152765
2025-10-28T05:01:34.382000+00:00,1.0005586542954947
2025-10-28T06:01:37.464000+00:00,1.0000512855899426
2025-10-28T07:01:45.133000+00:00,1.000534712992818
2025-10-28T08:01:26.700000+00:00,0.9999117036792693
2025-10-28T09:01:37.614000+00:00,1.0002868436147534
2025-10-28T10:01:33.321000+00:00,1.0000373971534036
2025-10-28T11:01:34.847000+00:00,1.0008174854712122
2025-10-28T12:01:36.347000+00:00,0.9993787968704299
2025-10-28T13:05:57.153000+00:00,1.0000739765896152
2025-10-28T14:01:10.236000+00:00,0.999870099120386
2025-10-28T15:01:08.494000+00:00,0.9992976853352445
2025-10-28T16:01:02.476000+00:00,0.9998526104546712
2025-10-28T17:01:39.351000+00:00,1.0011264248827079
2025-10-28T18:01:33.353000+00:00,1.0003398347319437
2025-10-28T19:01:33.708000+00:00,1.0001175604886803
2025-10-28T20:01:11.442000+00:00,0.9991802941879078
2025-10-28T21:01:12.658000+00:00,0.9991462320277077
2025-10-28T22:02:45.862000+00:00,1.000954954718231
2025-10-28T23:01:12.307000+00:00,0.9998871871434583
2025-10-29T00:01:08.794000+00:00,1.0000835932920202
2025-10-29T01:03:51.675000+00:00,1.0003895596213501
2025-10-29T02:01:10.858000+00:00,0.9999028339072626
2025-10-29T03:01:10.121000+00:00,1.0004469762816879
2025-10-29T04:01:11.049000+00:00,1.0001091642364375
2025-10-29T05:01:11.337000+00:00,1.0002073846414383
2025-10-29T06:01:10.196000+00:00,1.000169582051873
2025-10-29T07:01:10.500000+00:00,1.000608054229225
2025-10-29T08:01:05.941000+00:00,0.9997660907537692
2025-10-29T09:01:09.488000+00:00,1.000157620972736
2025-10-29T10:01:10.434000+00:00,0.9999217644112016
2025-10-29T11:01:08.701000+00:00,1.000143281743384
2025-10-29T12:01:14.074000+00:00,0.9998885772078839
2025-10-29T13:01:09.862000+00:00,1.0004373398183057
2025-10-29T14:01:08.735000+00:00,0.9988164760925369
2025-10-29T15:01:10.126000+00:00,1.0006793465664328
2025-10-29T16:01:08.750000+00:00,0.9996026002736642
2025-10-29T17:01:11.585000+00:00,1.0002078376447017
2025-10-29T18:01:11.986000+00:00,1.0001453361132997
2025-10-29T19:01:09.071000+00:00,1.0097760432606975
2025-10-29T20:01:14.891000+00:00,1.0004677294034263
2025-10-29T21:01:11.863000+00:00,1.0000946319594728
2025-10-29T22:01:09.038000+00:00,0.9998222688286728
2025-10-29T23:01:10.888000+00:00,1.0002598917467251
2025-10-30T00:01:11.231000+00:00,1.0006206106837774
2025-10-30T01:05:46.202000+00:00,1.0004046246616414
2025-10-30T02:01:12.220000+00:00,1.0009370053961304
2025-10-30T03:01:07.623000+00:00,0.9998047268829007
2025-10-30T04:01:10.030000+00:00,0.9999461286312675
2025-10-30T05:01:19.272000+00:00,0.9993264483478783
2025-10-30T06:01:14.351000+00:00,1.0002067973561615
2025-10-30T07:01:11.055000+00:00,1.000165329138299
2025-10-30T08:01:05.062000+00:00,0.9996778089589273
2025-10-30T09:01:09.230000+00:00,1.0001472961504627
2025-10-30T10:01:10.069000+00:00,0.9994019917388549
2025-10-30T11:01:11.869000+00:00,0.999731853437032
2025-10-30T12:01:13.888000+00:00,1.0007759322343714
2025-10-30T13:01:12.271000+00:00,0.9996277766261273
