datetime_utc,price_usd
2025-08-01T14:03:30.473000+00:00,4328.210574553063
2025-08-01T15:08:08.946000+00:00,4390.160591220845
2025-08-01T16:03:47.279000+00:00,4359.215643892948
2025-08-01T17:09:26.951000+00:00,4316.199672091657
2025-08-01T18:04:12.376000+00:00,4316.692277094777
2025-08-01T19:09:21.663000+00:00,4287.762947951529
2025-08-01T20:09:31.348000+00:00,4254.946199949092
2025-08-01T21:08:45.365000+00:00,4241.130607192813
2025-08-01T22:04:24.428000+00:00,4274.7382947064725
2025-08-01T23:01:57.937000+00:00,4176.486838808596
2025-08-02T00:08:25.375000+00:00,4210.461112984624
2025-08-02T01:08:56.577000+00:00,4244.731838091255
2025-08-02T02:01:30.895000+00:00,4238.450157977142
2025-08-02T03:03:57.581000+00:00,4251.063823948493
2025-08-02T04:03:41.400000+00:00,4257.805261980215
2025-08-02T05:03:04.947000+00:00,4261.590014152711
2025-08-02T06:08:50.326000+00:00,4249.689507654908
2025-08-02T07:02:07.520000+00:00,4194.543114577391
2025-08-02T08:08:47.827000+00:00,4249.95774483737
2025-08-02T09:07:55.625000+00:00,4221.126577108907
2025-08-02T10:03:47.581000+00:00,4211.958059768144
2025-08-02T11:03:49.682000+00:00,4207.081460926957
2025-08-02T12:09:16.288000+00:00,4202.975699936383
2025-08-02T13:08:39.067000+00:00,4232.483080634652
2025-08-02T14:08:40.014000+00:00,4230.717569335419
2025-08-02T15:01:59.760000+00:00,4191.761576308861
2025-08-02T16:04:58.601000+00:00,4172.2825282002495
2025-08-02T17:04:43.224000+00:00,4173.009821663443
2025-08-02T18:08:50.929000+00:00,4127.299575428851
2025-08-02T19:04:21.375000+00:00,4077.8762315503727
2025-08-02T20:03:05.004000+00:00,4095.1595888977267
2025-08-02T21:07:56.286000+00:00,4127.13825482522
2025-08-02T22:04:12.815000+00:00,4139.6057220211615
2025-08-02T23:09:37.364000+00:00,4117.03322279269
2025-08-03T00:08:47.029000+00:00,4116.3687203498785
2025-08-03T01:08:04.174000+00:00,4106.1176553949535
2025-08-03T02:08:08.194000+00:00,4119.376876892956
2025-08-03T03:07:46.906000+00:00,4151.2361158402655
2025-08-03T04:04:02.339000+00:00,4161.7669239962925
2025-08-03T05:03:57.748000+00:00,4157.503959940037
2025-08-03T06:08:47.979000+00:00,4159.410948245026
2025-08-03T07:04:51.493000+00:00,4153.703661035146
2025-08-03T08:04:47.524000+00:00,4168.454723666039
2025-08-03T09:07:40.599000+00:00,4174.9441968304745
2025-08-03T10:08:46.691000+00:00,4184.890399406595
2025-08-03T11:09:03.711000+00:00,4205.563746163933
2025-08-03T12:09:44.232000+00:00,4207.447277139206
2025-08-03T13:08:34.580000+00:00,4221.644727485656
2025-08-03T14:09:36.338000+00:00,4217.044897702758
2025-08-03T15:06:15.027000+00:00,4191.294859802312
2025-08-03T16:09:21.427000+00:00,4199.7752104361225
2025-08-03T17:09:17.502000+00:00,4220.894804258677
2025-08-03T18:09:26.471000+00:00,4213.293136382523
2025-08-03T19:08:50.473000+00:00,4221.218920066713
2025-08-03T20:09:24.295000+00:00,4214.828089779211
2025-08-03T21:04:11.681000+00:00,4220.988337102989
2025-08-03T22:04:13.766000+00:00,4229.59129892276
2025-08-03T23:09:12.556000+00:00,4232.64098227336
2025-08-04T00:07:23.479000+00:00,4224.316055236025
2025-08-04T01:04:29.171000+00:00,4279.241459112645
2025-08-04T02:08:53.037000+00:00,4272.029002527989
2025-08-04T03:04:33.673000+00:00,4304.285115481366
2025-08-04T04:04:47.559000+00:00,4298.864786763112
2025-08-04T05:09:01.429000+00:00,4271.08732909299
2025-08-04T06:07:44.621000+00:00,4266.939142932361
2025-08-04T07:05:14.057000+00:00,4273.470390138556
2025-08-04T08:08:57.001000+00:00,4294.920564686767
2025-08-04T09:04:30.080000+00:00,4291.303613026946
2025-08-04T10:09:25.053000+00:00,4287.863063317792
2025-08-04T11:03:53.601000+00:00,4299.078154013719
2025-08-04T12:09:39.943000+00:00,4296.1214814565255
2025-08-04T13:07:06.708000+00:00,4309.822705221803
2025-08-04T14:03:09.487000+00:00,4355.581631804126
2025-08-04T15:09:17.476000+00:00,4398.358633846409
2025-08-04T16:03:09.114000+00:00,4405.133992201941
2025-08-04T17:09:08.769000+00:00,4456.4577330335305
2025-08-04T18:06:50.362000+00:00,4469.021029535623
2025-08-04T19:09:54.858000+00:00,4449.946308709332
2025-08-04T20:08:52.720000+00:00,4456.7997235923685
2025-08-04T21:08:51.232000+00:00,4473.775228587864
2025-08-04T22:09:11.693000+00:00,4471.85116860321
2025-08-04T23:04:51.218000+00:00,4499.795830425005
2025-08-05T00:01:11.203000+00:00,4473.886549960914
2025-08-05T01:08:33.068000+00:00,4459.3471571384935
2025-08-05T02:04:51.683000+00:00,4445.133807733471
2025-08-05T03:09:16.920000+00:00,4440.676473181431
2025-08-05T04:03:36.938000+00:00,4413.657077434708
2025-08-05T05:03:00.888000+00:00,4408.366457271113
2025-08-05T06:03:55.990000+00:00,4419.829962017063
2025-08-05T07:08:18.255000+00:00,4404.903679897853
2025-08-05T08:02:41.109000+00:00,4371.062468355706
2025-08-05T09:09:34.600000+00:00,4385.310319198175
2025-08-05T10:02:05.650000+00:00,4423.931637680456
2025-08-05T11:09:33.488000+00:00,4434.4980337636525
2025-08-05T12:08:55.685000+00:00,4438.701166890114
2025-08-05T13:10:29.436000+00:00,4382.929892203609
2025-08-05T14:00:49.284000+00:00,4403.931382994254
2025-08-05T15:09:48.825000+00:00,4314.86779932245
2025-08-05T16:09:09.108000+00:00,4309.779145886878
2025-08-05T17:04:22.380000+00:00,4325.084454445742
2025-08-05T18:09:20.859000+00:00,4356.2610854797085
2025-08-05T19:09:54.513000+00:00,4331.45111349375
2025-08-05T20:08:11.118000+00:00,4311.317886429376
2025-08-05T21:06:17.358000+00:00,4325.329020795341
2025-08-05T22:04:55.049000+00:00,4320.34722406406
2025-08-05T23:04:04.701000+00:00,4344.033284935215
2025-08-06T00:04:01.360000+00:00,4372.760176704056
2025-08-06T01:04:24.803000+00:00,4318.389518247312
2025-08-06T02:08:59.810000+00:00,4341.952026056271
2025-08-06T03:04:33.943000+00:00,4342.714129688529
2025-08-06T04:04:51.396000+00:00,4331.071455964738
2025-08-06T05:09:31.837000+00:00,4320.423179960718
2025-08-06T06:08:59.564000+00:00,4399.35391677755
2025-08-06T07:04:49.648000+00:00,4392.1966863882
2025-08-06T08:09:02.934000+00:00,4391.311814348812
2025-08-06T09:09:58.982000+00:00,4375.2493162138135
2025-08-06T10:06:55.420000+00:00,4383.10499484226
2025-08-06T11:02:01.400000+00:00,4375.006618471023
2025-08-06T12:02:07.457000+00:00,4374.429667497233
2025-08-06T13:04:57.460000+00:00,4335.70505634968
2025-08-06T14:04:48.259000+00:00,4341.846815206684
2025-08-06T15:09:31.773000+00:00,4375.45558871905
2025-08-06T16:04:52.395000+00:00,4412.6581697652855
2025-08-06T17:08:49.650000+00:00,4410.121574672878
2025-08-06T18:08:02.906000+00:00,4448.838111312613
2025-08-06T19:04:39.036000+00:00,4448.913363125228
2025-08-06T20:02:54.896000+00:00,4443.706537410053
2025-08-06T21:09:02.802000+00:00,4442.451693074674
2025-08-06T22:04:53.028000+00:00,4438.452342702696
2025-08-06T23:09:02.262000+00:00,4450.127603649865
2025-08-07T00:07:29.620000+00:00,4453.301710991577
2025-08-07T01:02:14.692000+00:00,4443.764525216236
2025-08-07T02:09:36.779000+00:00,4430.359378931761
2025-08-07T03:03:41.967000+00:00,4419.6551081577445
2025-08-07T04:07:04.928000+00:00,4418.189315844177
2025-08-07T05:03:57.609000+00:00,4418.424018928352
2025-08-07T06:05:38.986000+00:00,4445.275993813725
2025-08-07T07:07:05.573000+00:00,4473.876841791187
2025-08-07T08:06:36.524000+00:00,4473.9985430491415
2025-08-07T09:08:30.687000+00:00,4500.9915582776775
2025-08-07T10:09:09.556000+00:00,4512.059349673861
2025-08-07T11:02:45.622000+00:00,4607.363244544706
2025-08-07T12:05:47.174000+00:00,4635.187449647045
2025-08-07T13:04:12.168000+00:00,4646.396817757411
2025-08-07T14:09:41.073000+00:00,4657.755460437217
2025-08-07T15:05:13.764000+00:00,4613.247599543626
2025-08-07T16:04:07.447000+00:00,4629.652655755612
2025-08-07T17:08:46.187000+00:00,4616.077699486157
2025-08-07T18:04:28.626000+00:00,4626.366202881857
2025-08-07T19:09:13.969000+00:00,4620.036447593993
2025-08-07T20:08:56.268000+00:00,4662.3929708816695
2025-08-07T21:04:30.464000+00:00,4677.12613847987
2025-08-07T22:09:07.504000+00:00,4677.037944782019
2025-08-07T23:08:58.938000+00:00,4725.798792580828
2025-08-08T00:03:01.832000+00:00,4730.585476632732
2025-08-08T01:07:42.745000+00:00,4716.270810492577
2025-08-08T02:08:53.966000+00:00,4697.386109782631
2025-08-08T03:07:40.761000+00:00,4707.650233320853
2025-08-08T04:06:39.689000+00:00,4756.337056043851
2025-08-08T05:04:03.614000+00:00,4740.34932849976
2025-08-08T06:08:47.736000+00:00,4718.692505718389
2025-08-08T07:04:51.022000+00:00,4731.62313092624
2025-08-08T08:09:05.652000+00:00,4733.561401512957
2025-08-08T09:03:59.587000+00:00,4706.582446644479
2025-08-08T10:04:37.035000+00:00,4711.5621842614355
2025-08-08T11:03:16.981000+00:00,4708.006113063487
2025-08-08T12:10:17.941000+00:00,4735.088257062549
2025-08-08T13:09:39.310000+00:00,4722.666279128862
2025-08-08T14:02:41.858000+00:00,4789.822548220239
2025-08-08T15:04:51.262000+00:00,4806.059867627051
2025-08-08T16:04:15.735000+00:00,4775.618296977616
2025-08-08T17:04:46.368000+00:00,4795.555602355315
2025-08-08T18:01:11.465000+00:00,4825.327500507137
2025-08-08T19:01:08.871000+00:00,4890.402303608123
2025-08-08T20:04:56.671000+00:00,4905.617963739099
2025-08-08T21:09:42.105000+00:00,4903.292535053315
2025-08-08T22:04:33.045000+00:00,4878.502661560561
2025-08-08T23:04:57.506000+00:00,4865.695954747761
2025-08-09T00:04:40.938000+00:00,4756.676131522273
2025-08-09T01:07:57.498000+00:00,4855.409784202466
2025-08-09T02:08:45.479000+00:00,4870.336638580298
2025-08-09T03:04:33.736000+00:00,4874.183132490182
2025-08-09T04:08:50.731000+00:00,4891.793825021623
2025-08-09T05:09:05.239000+00:00,4928.961552762924
2025-08-09T06:08:12.617000+00:00,5044.058032668817
2025-08-09T07:09:25.906000+00:00,5046.439894298354
2025-08-09T08:04:11.082000+00:00,5032.931836166766
2025-08-09T09:05:42.387000+00:00,5062.450528975552
2025-08-09T10:04:31.477000+00:00,5095.74132028625
2025-08-09T11:04:19.451000+00:00,5095.33051216845
2025-08-09T12:07:30.108000+00:00,5063.334865414905
2025-08-09T13:09:27.722000+00:00,5102.325969528951
2025-08-09T14:04:04.848000+00:00,5055.941877024977
2025-08-09T15:04:11.968000+00:00,5066.295803722628
2025-08-09T16:05:25.287000+00:00,5086.933702691121
2025-08-09T17:05:50.210000+00:00,5083.269294598742
2025-08-09T18:04:34.648000+00:00,5108.296764385441
2025-08-09T19:08:45.491000+00:00,5122.612413246847
2025-08-09T20:04:21.863000+00:00,5142.547024121445
2025-08-09T21:09:18.629000+00:00,5171.177480399876
2025-08-09T22:08:58.267000+00:00,5178.352272941529
2025-08-09T23:08:48.323000+00:00,5155.891012410136
2025-08-10T00:09:13.452000+00:00,5165.0499016255435
2025-08-10T01:05:55.983000+00:00,5205.975905390471
2025-08-10T02:04:30.727000+00:00,5186.932356311235
2025-08-10T03:00:35.349000+00:00,5139.458234893462
2025-08-10T04:04:13.473000+00:00,5119.674149569401
2025-08-10T05:03:04.667000+00:00,5143.012768974916
2025-08-10T06:04:48.396000+00:00,5106.892652712744
2025-08-10T07:07:41.765000+00:00,5108.71998369065
2025-08-10T08:09:39.053000+00:00,5054.114589766655
2025-08-10T09:02:21.588000+00:00,5096.28922646485
2025-08-10T10:04:50.696000+00:00,5107.079068739739
2025-08-10T11:08:30.874000+00:00,5077.181845752046
2025-08-10T12:08:57.542000+00:00,5056.989371099739
2025-08-10T13:03:47.541000+00:00,5070.870975319664
2025-08-10T14:02:58.542000+00:00,5053.016632123892
2025-08-10T15:04:02.413000+00:00,5093.0443826691635
2025-08-10T16:03:50.885000+00:00,5098.429452503625
2025-08-10T17:07:52.279000+00:00,5116.611007093004
2025-08-10T18:09:31.536000+00:00,5111.591591606363
2025-08-10T19:09:26.410000+00:00,5111.6445597462225
2025-08-10T20:04:14.629000+00:00,5135.697775823746
2025-08-10T21:07:48.908000+00:00,5095.742742089989
2025-08-10T22:09:35.359000+00:00,5082.861813036744
2025-08-10T23:09:45.686000+00:00,5130.365988431409
2025-08-11T00:04:55.728000+00:00,5140.855185619258
2025-08-11T01:04:49.345000+00:00,5157.486789225299
2025-08-11T02:08:56.287000+00:00,5220.03075059142
2025-08-11T03:04:56.296000+00:00,5217.921937719628
2025-08-11T04:04:39.121000+00:00,5204.176519194805
2025-08-11T05:08:17.098000+00:00,5219.945008130866
2025-08-11T06:09:56.021000+00:00,5206.344012412569
2025-08-11T07:09:33.648000+00:00,5193.669871568324
2025-08-11T08:04:20.785000+00:00,5160.207156137341
2025-08-11T09:13:00.605000+00:00,5160.779920965808
2025-08-11T10:11:42.945000+00:00,5165.903662250863
2025-08-11T11:04:49.686000+00:00,5122.856501732151
2025-08-11T12:07:08.513000+00:00,5048.964702243093
2025-08-11T13:08:17.036000+00:00,5048.128140863491
2025-08-11T14:09:40.953000+00:00,5189.027505148298
2025-08-11T15:04:48.450000+00:00,5175.68968813516
2025-08-11T16:09:04.001000+00:00,5213.791087209965
2025-08-11T17:09:22.736000+00:00,5205.2304495625895
2025-08-11T18:04:59.197000+00:00,5188.821746288081
2025-08-11T19:09:43.010000+00:00,5186.498064333752
2025-08-11T20:03:58.842000+00:00,5138.89670639238
2025-08-11T21:09:14.105000+00:00,5133.248643170252
2025-08-11T22:04:52.299000+00:00,5085.778584824749
2025-08-11T23:09:14.223000+00:00,5104.972209859877
2025-08-12T00:03:50.563000+00:00,5110.892101247946
2025-08-12T01:01:42.412000+00:00,5139.738367800213
2025-08-12T02:14:18.864000+00:00,5177.451365240178
2025-08-12T03:04:37.504000+00:00,5192.106914942229
2025-08-12T04:01:53.399000+00:00,5182.043443385045
2025-08-12T05:03:36.456000+00:00,5214.312093719572
2025-08-12T06:04:28.372000+00:00,5180.999321369019
2025-08-12T07:06:27.290000+00:00,5190.89854020423
2025-08-12T08:03:42.558000+00:00,5213.672217784993
2025-08-12T09:04:26.325000+00:00,5214.320762469743
2025-08-12T10:08:48.022000+00:00,5187.713926878134
2025-08-12T11:09:34.222000+00:00,5174.440810963476
2025-08-12T12:09:01.398000+00:00,5184.151820465105
2025-08-12T13:10:27.054000+00:00,5329.172972484714
2025-08-12T14:05:43.822000+00:00,5299.998612992391
2025-08-12T15:09:14.321000+00:00,5332.7654349415025
2025-08-12T16:10:57.503000+00:00,5404.1890554395395
2025-08-12T17:04:14.903000+00:00,5389.566523231328
2025-08-12T18:09:35.423000+00:00,5396.017526243421
2025-08-12T19:09:28.542000+00:00,5434.805880253808
2025-08-12T20:04:05.530000+00:00,5450.390184384714
2025-08-12T21:08:43.101000+00:00,5559.418023594262
2025-08-12T22:04:31.608000+00:00,5544.910111607961
2025-08-12T23:08:56.633000+00:00,5527.667670788748
2025-08-13T00:09:33.876000+00:00,5541.310443540349
2025-08-13T01:07:52.690000+00:00,5576.6045726886305
2025-08-13T02:09:33.280000+00:00,5523.155688043777
2025-08-13T03:09:44.133000+00:00,5585.143936031159
2025-08-13T04:10:55.135000+00:00,5610.872973003942
2025-08-13T05:11:04.101000+00:00,5638.787122139366
2025-08-13T06:13:16.755000+00:00,5596.592599877696
2025-08-13T07:01:26.525000+00:00,5565.828748472701
2025-08-13T08:04:54.521000+00:00,5586.3683852503245
2025-08-13T09:06:04.702000+00:00,5581.031654672909
2025-08-13T10:03:40.736000+00:00,5658.478326403938
2025-08-13T11:04:29.165000+00:00,5671.4005356014395
2025-08-13T12:08:05.540000+00:00,5661.009956557292
2025-08-13T13:09:22.548000+00:00,5670.349489439206
2025-08-13T14:08:45.937000+00:00,5670.633320418023
2025-08-13T15:05:38.895000+00:00,5623.407168079985
2025-08-13T16:08:57.454000+00:00,5634.742934757543
2025-08-13T17:08:40.216000+00:00,5669.022211499235
2025-08-13T18:08:45.301000+00:00,5719.30319911363
2025-08-13T19:08:45.343000+00:00,5696.750502676908
2025-08-13T20:01:33.514000+00:00,5726.178296457271
2025-08-13T21:04:55.105000+00:00,5701.66049834193
2025-08-13T22:01:32.802000+00:00,5724.087178209828
2025-08-13T23:02:37.204000+00:00,5766.234115709627
2025-08-14T00:04:03.286000+00:00,5752.277140244362
2025-08-14T01:09:16.661000+00:00,5716.647311855117
2025-08-14T02:21:56.777000+00:00,5716.604341508605
2025-08-14T03:14:52.253000+00:00,5748.935780449635
2025-08-14T03:28:53.646000+00:00,5751.799741994728
2025-08-14T04:13:05.593000+00:00,5766.679798466366
2025-08-14T05:04:00.218000+00:00,5768.5214272634485
2025-08-14T06:04:45.140000+00:00,5712.798733744148
2025-08-14T07:08:11.471000+00:00,5768.894782077583
2025-08-14T08:05:16.514000+00:00,5730.483450301102
2025-08-14T09:04:45.082000+00:00,5713.7520270898
2025-08-14T10:09:25.274000+00:00,5752.315442516964
2025-08-14T11:09:38.838000+00:00,5677.8877037775865
2025-08-14T12:04:14.479000+00:00,5695.901430128738
2025-08-14T13:02:28.050000+00:00,5550.153087500849
2025-08-14T14:04:27.063000+00:00,5574.881163722146
2025-08-14T15:04:33.785000+00:00,5661.213561517466
2025-08-14T16:01:43.691000+00:00,5591.241125659786
2025-08-14T17:00:44.653000+00:00,5503.170966361884
2025-08-14T18:02:38.805000+00:00,5495.074795908606
2025-08-14T19:02:48.020000+00:00,5497.581364435245
2025-08-14T20:03:19.361000+00:00,5505.451890662686
2025-08-14T21:03:07.757000+00:00,5469.704352266245
2025-08-14T22:03:25.170000+00:00,5396.982830143682
2025-08-14T23:02:33.119000+00:00,5469.505765552844
2025-08-15T00:02:55.064000+00:00,5520.29980330192
2025-08-15T01:03:04.070000+00:00,5520.297984529716
2025-08-15T02:00:44.312000+00:00,5565.5716809785845
2025-08-15T03:00:40.266000+00:00,5601.704249131321
2025-08-15T04:02:45.034000+00:00,5603.909353369815
2025-08-15T05:02:50.900000+00:00,5586.792781091167
2025-08-15T06:03:23.451000+00:00,5575.305187417225
2025-08-15T07:01:41.488000+00:00,5618.445101436823
2025-08-15T08:03:06.889000+00:00,5598.295866841699
2025-08-15T09:02:35.183000+00:00,5612.172804958429
2025-08-15T10:03:17.028000+00:00,5593.099240701628
2025-08-15T11:03:26.040000+00:00,5606.283446146109
2025-08-15T12:03:29.362000+00:00,5603.203927601398
2025-08-15T13:02:23.464000+00:00,5604.341305528125
2025-08-15T14:03:21.139000+00:00,5515.821447033771
2025-08-15T15:02:24.873000+00:00,5428.101122983596
2025-08-15T16:03:17.527000+00:00,5359.410252123501
2025-08-15T17:01:38.568000+00:00,5316.08993531312
2025-08-15T18:03:02.185000+00:00,5324.644410386545
2025-08-15T19:02:30.739000+00:00,5323.901207638322
2025-08-15T20:02:37.234000+00:00,5302.115984512742
2025-08-15T21:02:38.566000+00:00,5337.322392324877
2025-08-15T22:02:59.834000+00:00,5334.034319239815
2025-08-15T23:02:30.347000+00:00,5402.958002229724
2025-08-16T00:03:11.424000+00:00,5360.809774402449
2025-08-16T01:03:07.248000+00:00,5405.754203600738
2025-08-16T02:02:46.186000+00:00,5420.374554126636
2025-08-16T03:02:42.392000+00:00,5378.899915732213
2025-08-16T04:02:02.821000+00:00,5367.601314097105
2025-08-16T05:02:54.418000+00:00,5385.94499028887
2025-08-16T06:02:34.407000+00:00,5357.9811204198895
2025-08-16T07:06:24.636000+00:00,5346.817246098376
2025-08-16T08:02:10.270000+00:00,5353.883959286583
2025-08-16T09:03:26.387000+00:00,5367.661189503537
2025-08-16T10:03:01.957000+00:00,5354.71824081686
2025-08-16T11:03:06.753000+00:00,5324.506499693603
2025-08-16T12:02:32.238000+00:00,5314.0784199293
2025-08-16T13:02:58.315000+00:00,5318.549688999081
2025-08-16T14:03:22.173000+00:00,5316.370147121508
2025-08-16T15:02:54.267000+00:00,5332.5295922276555
2025-08-16T16:01:35.758000+00:00,5314.8409166190295
2025-08-16T17:02:54.121000+00:00,5328.037635906863
2025-08-16T18:04:42.509000+00:00,5322.138983084164
2025-08-16T19:02:31.259000+00:00,5329.169309534523
2025-08-16T20:02:32.687000+00:00,5321.773505444491
2025-08-16T21:01:32.363000+00:00,5348.854703708802
2025-08-16T22:02:33.970000+00:00,5335.802854676501
2025-08-16T23:07:27.868000+00:00,5346.35556851767
2025-08-17T00:01:29.368000+00:00,5347.211959035906
2025-08-17T01:02:38.576000+00:00,5341.2278286183655
2025-08-17T02:02:55.223000+00:00,5331.961420201976
2025-08-17T03:03:32.443000+00:00,5354.694592176
2025-08-17T04:03:29.661000+00:00,5381.838240484303
2025-08-17T05:03:30.389000+00:00,5424.105713109738
2025-08-17T06:03:27.359000+00:00,5409.036598310539
2025-08-17T07:00:23.779000+00:00,5398.97306073956
2025-08-17T08:04:05.618000+00:00,5400.808205336241
2025-08-17T09:00:10.500000+00:00,5450.250130459414
2025-08-17T10:02:50.896000+00:00,5488.998041124609
2025-08-17T11:02:53.710000+00:00,5500.543211119773
2025-08-17T12:02:57.728000+00:00,5504.93321761202
2025-08-17T13:00:32.296000+00:00,5490.99051150299
2025-08-17T14:01:34.259000+00:00,5485.555812630264
2025-08-17T15:02:17.069000+00:00,5494.622899066817
2025-08-17T16:00:46.915000+00:00,5503.881106949514
2025-08-17T17:03:34.122000+00:00,5481.364332724356
2025-08-17T18:02:37.495000+00:00,5476.3825420935655
2025-08-17T19:03:29.584000+00:00,5411.332539306914
2025-08-17T20:02:20.157000+00:00,5392.059234017505
2025-08-17T21:00:49.824000+00:00,5411.835786299626
2025-08-17T22:02:53.329000+00:00,5417.430945278026
2025-08-17T23:02:33.163000+00:00,5451.8281938532455
2025-08-18T00:03:15.717000+00:00,5413.043752900656
2025-08-18T01:02:51.172000+00:00,5375.147018512862
2025-08-18T02:00:22.042000+00:00,5383.042953737415
2025-08-18T03:00:50.396000+00:00,5292.6983331131305
2025-08-18T04:02:45.884000+00:00,5221.129542301114
2025-08-18T05:02:14.014000+00:00,5249.789868971124
2025-08-18T06:03:17.481000+00:00,5194.722892752414
2025-08-18T07:02:41.992000+00:00,5126.440875282198
2025-08-18T08:02:51.045000+00:00,5126.41696541633
2025-08-18T09:02:09.232000+00:00,5146.867689344651
2025-08-18T10:02:38.785000+00:00,5209.16563246204
2025-08-18T11:02:40.496000+00:00,5165.491892815296
2025-08-18T12:03:40.796000+00:00,5164.243702572154
2025-08-18T13:03:28.745000+00:00,5243.314657564851
2025-08-18T14:01:59.002000+00:00,5226.330697702408
2025-08-18T15:00:31.856000+00:00,5202.588684756569
2025-08-18T16:03:18.703000+00:00,5218.8248406189905
2025-08-18T17:02:44.456000+00:00,5210.804832972718
2025-08-18T18:03:21.279000+00:00,5248.002502726224
2025-08-18T19:02:33.711000+00:00,5275.030565574721
2025-08-18T20:00:46.731000+00:00,5271.709425741032
2025-08-18T21:06:52.012000+00:00,5243.603556135245
2025-08-18T22:02:27.722000+00:00,5255.997694675222
2025-08-18T23:02:36.615000+00:00,5255.409358975244
2025-08-19T00:07:30.793000+00:00,5218.85513834467
2025-08-19T01:02:10.889000+00:00,5213.385170906365
2025-08-19T02:02:20.642000+00:00,5177.560368083457
2025-08-19T03:02:15.354000+00:00,5189.603957959467
2025-08-19T04:03:02.197000+00:00,5105.61591880957
2025-08-19T05:02:32.714000+00:00,5103.470183043561
2025-08-19T06:01:38.886000+00:00,5087.86175488407
2025-08-19T07:02:31.690000+00:00,5123.970726906213
2025-08-19T08:01:25.934000+00:00,5115.044088837923
2025-08-19T09:00:58.311000+00:00,5153.517124515581
2025-08-19T10:01:25.413000+00:00,5174.444290742426
2025-08-19T11:02:01.460000+00:00,5194.443910076746
2025-08-19T12:01:45.209000+00:00,5208.361058746459
2025-08-19T13:00:23.790000+00:00,5193.67191800126
2025-08-19T14:00:39.740000+00:00,5203.11173396876
2025-08-19T15:01:52.194000+00:00,5084.369347052555
2025-08-19T16:01:47.830000+00:00,5061.902374302359
2025-08-19T17:01:55.159000+00:00,5033.7251944681175
2025-08-19T18:01:55.281000+00:00,5036.619123028715
2025-08-19T19:05:08.285000+00:00,4999.187683933858
2025-08-19T20:01:43.561000+00:00,4996.937185843016
2025-08-19T21:01:35.008000+00:00,4988.717802631117
2025-08-19T22:01:32.996000+00:00,4989.293801535458
2025-08-19T23:00:08.913000+00:00,4999.709407748382
2025-08-20T00:02:51.878000+00:00,4928.584103823084
2025-08-20T01:01:57.905000+00:00,4934.20268797094
2025-08-20T02:01:13.305000+00:00,4944.380625088337
2025-08-20T03:02:47.396000+00:00,4990.604150013887
2025-08-20T04:01:42.680000+00:00,5005.814914764022
2025-08-20T05:01:50.780000+00:00,5039.893343675599
2025-08-20T06:01:26.904000+00:00,5047.097915996019
2025-08-20T07:02:03.090000+00:00,5050.769123969281
2025-08-20T08:02:15.480000+00:00,5067.114308485725
2025-08-20T09:01:45.107000+00:00,5112.777129912715
2025-08-20T10:02:38.415000+00:00,5120.413394686503
2025-08-20T11:01:41.065000+00:00,5111.251578456526
2025-08-20T12:02:08.892000+00:00,5036.5587266154
2025-08-20T13:02:34.247000+00:00,5082.738849827316
2025-08-20T14:02:43.508000+00:00,5001.531797268988
2025-08-20T15:02:05.033000+00:00,5081.809405610451
2025-08-20T16:02:11.367000+00:00,5172.374001029746
2025-08-20T17:00:22.192000+00:00,5203.386689322187
2025-08-20T18:00:35.955000+00:00,5255.277497858436
2025-08-20T19:00:44.085000+00:00,5191.524026886635
2025-08-20T20:02:28.186000+00:00,5238.283093007115
2025-08-20T21:02:24.821000+00:00,5267.698655426544
2025-08-20T22:01:52.822000+00:00,5265.161109322262
2025-08-20T23:01:46.237000+00:00,5279.400086807352
2025-08-21T00:02:02.227000+00:00,5244.206384257485
2025-08-21T01:01:48.551000+00:00,5231.241933267089
2025-08-21T02:02:24.716000+00:00,5230.42036295836
2025-08-21T03:02:44.860000+00:00,5174.672514459628
2025-08-21T04:01:44.385000+00:00,5197.753502142313
2025-08-21T05:01:46.296000+00:00,5194.15341750474
2025-08-21T06:02:18.375000+00:00,5213.027426656624
2025-08-21T07:02:52.259000+00:00,5180.525708755741
2025-08-21T08:02:04.232000+00:00,5203.960921751915
2025-08-21T09:02:19.711000+00:00,5177.19160540299
2025-08-21T10:01:54.641000+00:00,5168.83428549693
2025-08-21T11:02:16.148000+00:00,5183.618481888314
2025-08-21T12:00:28.337000+00:00,5196.5959273832395
2025-08-21T13:01:51.965000+00:00,5133.416220834638
2025-08-21T14:02:46.035000+00:00,5174.622362772901
2025-08-21T15:02:59.969000+00:00,5167.766960603932
2025-08-21T16:02:44.360000+00:00,5137.54061513819
2025-08-21T17:01:58.960000+00:00,5106.321588347748
2025-08-21T18:02:12.906000+00:00,5115.42660887053
2025-08-21T19:01:56.947000+00:00,5151.684653713871
2025-08-21T20:01:57.749000+00:00,5108.752340545409
2025-08-21T21:02:47.482000+00:00,5107.190930728212
2025-08-21T22:00:17.802000+00:00,5122.782323702804
2025-08-21T23:01:36.679000+00:00,5139.073971203622
2025-08-22T00:02:53.114000+00:00,5106.670586944838
2025-08-22T01:02:28.957000+00:00,5126.279583734145
2025-08-22T02:01:12.862000+00:00,5148.211423050432
2025-08-22T03:00:47.774000+00:00,5192.804460210529
2025-08-22T04:02:07.806000+00:00,5163.044693561824
2025-08-22T05:00:33.809000+00:00,5170.509070319039
2025-08-22T06:02:41.889000+00:00,5182.42764965206
2025-08-22T07:01:47.624000+00:00,5187.12661933683
2025-08-22T08:02:15.596000+00:00,5234.371206092185
2025-08-22T09:01:45.496000+00:00,5236.778931093945
2025-08-22T10:01:31.347000+00:00,5227.56863600354
2025-08-22T11:00:46.173000+00:00,5194.5157022636295
2025-08-22T12:01:33.164000+00:00,5173.325643742465
2025-08-22T13:00:55.359000+00:00,5098.064599048855
2025-08-22T14:02:36.660000+00:00,5205.608088326688
2025-08-22T15:01:45.180000+00:00,5583.104190834923
2025-08-22T16:00:46.242000+00:00,5615.835953496699
2025-08-22T17:02:37.153000+00:00,5711.397683966293
2025-08-22T18:02:21.200000+00:00,5815.9302479682565
2025-08-22T19:02:47.249000+00:00,5812.620740822084
2025-08-22T20:02:48.351000+00:00,5838.136971020217
2025-08-22T21:01:46.360000+00:00,5824.8856890500165
2025-08-22T22:02:01.125000+00:00,5853.105397600667
2025-08-22T23:02:51.848000+00:00,5808.4613165092205
2025-08-23T00:02:03.018000+00:00,5834.522961420096
2025-08-23T01:02:35.216000+00:00,5815.846847426805
2025-08-23T02:02:12.448000+00:00,5771.00236396958
2025-08-23T03:02:18.098000+00:00,5682.853299886403
2025-08-23T04:02:15.974000+00:00,5671.633734083212
2025-08-23T05:02:57.692000+00:00,5715.895097435851
2025-08-23T06:00:42.906000+00:00,5740.685632259967
2025-08-23T07:02:03.404000+00:00,5727.080589123679
2025-08-23T08:02:08.554000+00:00,5687.299036136168
2025-08-23T09:02:07.225000+00:00,5669.060707333771
2025-08-23T10:03:00.483000+00:00,5711.053789617628
2025-08-23T11:02:29.288000+00:00,5697.464046068099
2025-08-23T12:02:15.443000+00:00,5689.041929514788
2025-08-23T13:01:38.300000+00:00,5691.389977370397
2025-08-23T14:01:33.392000+00:00,5704.50568359355
2025-08-23T15:02:52.257000+00:00,5683.728290237552
2025-08-23T16:00:44.043000+00:00,5744.552881932845
2025-08-23T17:01:46.684000+00:00,5733.255894963489
2025-08-23T18:01:48.395000+00:00,5737.98097843983
2025-08-23T19:01:57.392000+00:00,5736.528492142846
2025-08-23T20:02:33.285000+00:00,5744.119647058897
2025-08-23T21:00:29.390000+00:00,5734.529428363988
2025-08-23T22:02:28.550000+00:00,5736.947447608431
2025-08-23T23:02:16.733000+00:00,5761.001067068916
2025-08-24T00:02:31.938000+00:00,5689.577874753895
2025-08-24T01:01:54.713000+00:00,5799.219291185785
2025-08-24T02:01:46.311000+00:00,5782.340910056398
2025-08-24T03:00:38.789000+00:00,5783.000913463077
2025-08-24T04:02:33.569000+00:00,5792.8665007285545
2025-08-24T05:01:46.624000+00:00,5788.043525627294
2025-08-24T06:02:48.593000+00:00,5783.1744750833695
2025-08-24T07:01:39.247000+00:00,5762.144243851551
2025-08-24T08:01:50.426000+00:00,5758.562271130601
2025-08-24T09:02:52.789000+00:00,5768.657376455661
2025-08-24T10:02:28.551000+00:00,5778.2064169476225
2025-08-24T11:00:20.168000+00:00,5728.248528449504
2025-08-24T12:02:30.022000+00:00,5737.702634824212
2025-08-24T13:01:44.997000+00:00,5746.150857734879
2025-08-24T14:02:15.073000+00:00,5765.41619675434
2025-08-24T15:02:11.010000+00:00,5785.891941716718
2025-08-24T16:02:00.015000+00:00,5804.068609399377
2025-08-24T17:02:19.039000+00:00,5838.958140680083
2025-08-24T18:00:52.334000+00:00,5931.711688963989
2025-08-24T19:02:08.774000+00:00,5953.1021061338015
2025-08-24T20:03:22.296000+00:00,5790.762042925483
2025-08-24T21:01:42.181000+00:00,5790.260303547261
2025-08-24T22:02:01.731000+00:00,5808.7721139532905
2025-08-24T23:02:15.988000+00:00,5764.2569464888775
2025-08-25T00:02:02.454000+00:00,5778.109710486993
2025-08-25T01:01:42.736000+00:00,5683.930456964232
2025-08-25T02:01:26.557000+00:00,5722.362159436888
2025-08-25T03:00:16.892000+00:00,5764.4963793046445
2025-08-25T04:02:19.226000+00:00,5745.787719696044
2025-08-25T05:02:57.612000+00:00,5702.189735937615
2025-08-25T06:01:16.401000+00:00,5701.416796161781
2025-08-25T07:02:47.195000+00:00,5591.339679819525
2025-08-25T08:02:03.836000+00:00,5544.246959395379
2025-08-25T09:03:10.151000+00:00,5561.749035327554
2025-08-25T10:02:21.651000+00:00,5561.49814880558
2025-08-25T11:02:34.566000+00:00,5490.247340193326
2025-08-25T12:02:31.588000+00:00,5549.631150749125
2025-08-25T13:02:15.427000+00:00,5593.261049837159
2025-08-25T14:02:49.693000+00:00,5585.699653847064
2025-08-25T15:02:48.099000+00:00,5629.0191399440255
2025-08-25T16:00:50.120000+00:00,5580.547936087498
2025-08-25T17:02:21.758000+00:00,5566.450963135725
2025-08-25T18:01:53.256000+00:00,5530.704003401734
2025-08-25T19:01:41.379000+00:00,5530.244643016625
2025-08-25T20:02:20.079000+00:00,5386.75437269499
2025-08-25T21:02:12.255000+00:00,5286.575511251954
2025-08-25T22:02:44.921000+00:00,5282.462895239282
2025-08-25T23:03:20.223000+00:00,5324.543426971533
2025-08-26T00:02:41.034000+00:00,5293.39625534235
2025-08-26T01:01:57.113000+00:00,5258.420857509964
2025-08-26T02:02:02.519000+00:00,5332.731785754035
2025-08-26T03:02:30.976000+00:00,5331.798891612242
2025-08-26T04:01:46.500000+00:00,5317.274037841825
2025-08-26T05:00:53.382000+00:00,5304.557973603109
2025-08-26T06:02:32.361000+00:00,5361.921844003086
2025-08-26T07:00:23.059000+00:00,5331.42844895844
2025-08-26T08:00:47.655000+00:00,5353.061290404252
2025-08-26T09:02:05.815000+00:00,5347.9415545855145
2025-08-26T10:02:27.747000+00:00,5343.041664214555
2025-08-26T11:02:06.615000+00:00,5370.510117268941
2025-08-26T12:02:09.630000+00:00,5344.015403038268
2025-08-26T13:03:23.559000+00:00,5421.509096060272
2025-08-26T14:02:23.182000+00:00,5380.444431624277
2025-08-26T15:02:01.380000+00:00,5490.69326595555
2025-08-26T16:02:14.685000+00:00,5465.522269714892
2025-08-26T17:02:22.924000+00:00,5485.757672389231
2025-08-26T18:02:13.247000+00:00,5461.470379611988
2025-08-26T19:02:22.221000+00:00,5493.824869291638
2025-08-26T20:02:07.412000+00:00,5541.589271270985
2025-08-26T21:02:07.047000+00:00,5542.885973003842
2025-08-26T22:01:55.215000+00:00,5567.51233984305
2025-08-26T23:05:53.677000+00:00,5549.30313412622
2025-08-27T00:02:02.083000+00:00,5560.396431773835
2025-08-27T01:01:40.607000+00:00,5533.787078618193
2025-08-27T02:00:53.045000+00:00,5494.258563264201
2025-08-27T03:02:17.899000+00:00,5540.304954282263
2025-08-27T04:02:47.032000+00:00,5567.408359968616
2025-08-27T05:02:18.247000+00:00,5598.075330749862
2025-08-27T06:02:10.770000+00:00,5601.047954685297
2025-08-27T07:00:19.244000+00:00,5542.000393566039
2025-08-27T08:01:11.703000+00:00,5531.361602956599
2025-08-27T09:01:00.970000+00:00,5528.346827315672
2025-08-27T10:06:20.478000+00:00,5551.045300638737
2025-08-27T11:02:40.349000+00:00,5533.4766394589715
2025-08-27T12:02:44.086000+00:00,5564.45087180296
2025-08-27T13:02:33.470000+00:00,5557.0777939219
2025-08-27T14:02:26.710000+00:00,5585.366349261658
2025-08-27T15:02:33.939000+00:00,5588.077890948891
2025-08-27T16:02:57.230000+00:00,5620.848436044579
2025-08-27T17:00:44.646000+00:00,5606.413464311149
2025-08-27T18:02:54.738000+00:00,5611.020427867013
2025-08-27T19:02:56.189000+00:00,5581.6018216193215
2025-08-27T20:00:45.126000+00:00,5526.535550500822
2025-08-27T21:02:17.098000+00:00,5548.100670476911
2025-08-27T22:02:13.610000+00:00,5477.928130828685
2025-08-27T23:01:04.692000+00:00,5472.816280394332
2025-08-28T00:00:47.374000+00:00,5443.575800860796
2025-08-28T01:01:43.877000+00:00,5425.912947447542
2025-08-28T02:01:55.842000+00:00,5456.8562884968105
2025-08-28T03:02:04.199000+00:00,5451.351793952764
2025-08-28T04:01:50.688000+00:00,5494.259277588963
2025-08-28T05:02:10.199000+00:00,5529.951498246246
2025-08-28T06:01:48.968000+00:00,5517.62863990414
2025-08-28T07:01:42.539000+00:00,5543.95730764642
2025-08-28T08:01:48.076000+00:00,5544.69823748877
2025-08-28T09:02:23.052000+00:00,5568.947295644762
2025-08-28T10:02:21.571000+00:00,5554.624739907317
2025-08-28T11:02:23.395000+00:00,5569.649526789952
2025-08-28T12:02:04.958000+00:00,5545.205267206093
2025-08-28T13:00:50.527000+00:00,5565.565202533647
2025-08-28T14:02:30.131000+00:00,5529.697517843292
2025-08-28T15:01:46.823000+00:00,5529.955028919813
2025-08-28T16:02:29.738000+00:00,5433.5471979435015
2025-08-28T17:01:11.563000+00:00,5444.102883443585
2025-08-28T18:01:52.972000+00:00,5427.60188804703
2025-08-28T19:01:53.304000+00:00,5431.199915301243
2025-08-28T20:02:36.798000+00:00,5384.57457896727
2025-08-28T21:01:05.481000+00:00,5390.781744348848
2025-08-28T22:02:40.999000+00:00,5411.009394528717
2025-08-28T23:02:30.001000+00:00,5454.497540728859
2025-08-29T00:02:20.143000+00:00,5456.887616310372
2025-08-29T01:02:03.437000+00:00,5420.674239326025
2025-08-29T02:02:37.954000+00:00,5392.058275814319
2025-08-29T03:01:36.764000+00:00,5389.989759469039
2025-08-29T04:02:35.386000+00:00,5428.9177483378335
2025-08-29T05:02:01.453000+00:00,5385.687734109582
2025-08-29T06:00:13.824000+00:00,5410.2992164317275
2025-08-29T07:01:49.296000+00:00,5390.319498852997
2025-08-29T08:01:45.775000+00:00,5306.736021781985
2025-08-29T09:02:20.043000+00:00,5231.631516805143
2025-08-29T10:02:35.929000+00:00,5238.824284274029
2025-08-29T11:02:57.463000+00:00,5247.534408950916
2025-08-29T12:03:00.624000+00:00,5251.178028899021
2025-08-29T13:02:44.743000+00:00,5328.411316666254
2025-08-29T14:02:10.314000+00:00,5234.9852355017365
2025-08-29T15:02:46.923000+00:00,5183.525577818006
2025-08-29T16:02:55.370000+00:00,5231.405011852769
2025-08-29T17:01:56.184000+00:00,5228.974777803047
2025-08-29T18:02:36.220000+00:00,5238.450638929738
2025-08-29T19:00:59.523000+00:00,5173.764861777537
2025-08-29T20:01:42.031000+00:00,5244.577661899617
2025-08-29T21:02:26.578000+00:00,5172.8387718158865
2025-08-29T22:02:48.226000+00:00,5269.286725076862
2025-08-29T23:01:52.886000+00:00,5247.222854199732
2025-08-30T00:01:35.173000+00:00,5257.331801985794
2025-08-30T01:02:22.777000+00:00,5236.788655900783
2025-08-30T02:02:18.528000+00:00,5208.109592418641
2025-08-30T03:03:12.633000+00:00,5210.187264380089
2025-08-30T04:01:57.885000+00:00,5277.331712160117
2025-08-30T05:02:42.389000+00:00,5277.133251678601
2025-08-30T06:02:28.614000+00:00,5301.249875638264
2025-08-30T07:02:23.343000+00:00,5316.2780966466735
2025-08-30T08:02:31.646000+00:00,5326.292555196322
2025-08-30T09:02:17.329000+00:00,5328.977594211835
2025-08-30T10:02:54.269000+00:00,5311.560151121486
2025-08-30T11:02:42.059000+00:00,5305.7889630959635
2025-08-30T12:01:42.918000+00:00,5311.665309501057
2025-08-30T13:02:28.846000+00:00,5277.903838018684
2025-08-30T14:02:13.219000+00:00,5263.523564476005
2025-08-30T15:02:26.696000+00:00,5274.964640500687
2025-08-30T16:02:29.701000+00:00,5287.729294570524
2025-08-30T17:06:05.704000+00:00,5275.116616022525
2025-08-30T18:01:57.206000+00:00,5271.145452834194
2025-08-30T19:02:10.241000+00:00,5282.4411841643505
2025-08-30T20:02:09.638000+00:00,5264.909935856712
2025-08-30T21:02:20.608000+00:00,5252.008978796927
2025-08-30T22:01:10.316000+00:00,5260.076360290984
2025-08-30T23:02:41.072000+00:00,5266.999087307742
2025-08-31T00:02:27.028000+00:00,5288.236685719832
2025-08-31T01:00:19.370000+00:00,5356.46217061121
2025-08-31T02:02:12.277000+00:00,5391.7620569770625
2025-08-31T03:02:20.950000+00:00,5381.693787609907
2025-08-31T04:01:47.781000+00:00,5410.216536069962
2025-08-31T05:01:37.739000+00:00,5397.358102262084
2025-08-31T06:00:05.220000+00:00,5385.94344013349
2025-08-31T07:02:47.816000+00:00,5370.851879407391
2025-08-31T08:02:32.749000+00:00,5399.417554339583
2025-08-31T09:02:37.173000+00:00,5416.420412957477
2025-08-31T10:01:55.171000+00:00,5400.908696619763
2025-08-31T11:02:43.832000+00:00,5386.496197049968
2025-08-31T12:01:58.442000+00:00,5412.251186846495
2025-08-31T13:02:20.044000+00:00,5414.416301361718
2025-08-31T14:02:24.395000+00:00,5405.900099901929
2025-08-31T15:02:15.696000+00:00,5393.501318460448
2025-08-31T16:02:51.665000+00:00,5427.168446161669
2025-08-31T17:01:50.913000+00:00,5415.396951685614
2025-08-31T18:02:44.530000+00:00,5422.784449819283
2025-08-31T19:02:29.629000+00:00,5424.63459767552
2025-08-31T20:02:21.235000+00:00,5397.766631407488
2025-08-31T21:01:17.053000+00:00,5388.834440537174
2025-08-31T22:02:52.400000+00:00,5406.636358422916
2025-08-31T23:00:22.805000+00:00,5381.994260626599
2025-09-01T00:02:30.641000+00:00,5310.287915833882
2025-09-01T01:01:39.250000+00:00,5323.984416402028
2025-09-01T02:02:48.724000+00:00,5340.534673929567
2025-09-01T03:02:39.369000+00:00,5291.89436300077
2025-09-01T04:03:20.561000+00:00,5299.014928728975
2025-09-01T05:00:12.206000+00:00,5296.43660975779
2025-09-01T06:02:37.618000+00:00,5324.628124172571
2025-09-01T07:02:30.359000+00:00,5325.934701540841
2025-09-01T08:01:57.798000+00:00,5388.961998710736
2025-09-01T09:01:43.068000+00:00,5418.049887349996
2025-09-01T10:02:05.967000+00:00,5383.211254085667
2025-09-01T11:01:37.989000+00:00,5325.227258806756
2025-09-01T12:01:52.702000+00:00,5312.5610836370715
2025-09-01T13:01:38.206000+00:00,5324.049255784975
2025-09-01T14:02:40.931000+00:00,5338.155186578599
2025-09-01T15:01:29.876000+00:00,5345.989209577664
2025-09-01T16:00:43.499000+00:00,5286.604923423992
2025-09-01T17:02:52.607000+00:00,5277.701653457884
2025-09-01T18:02:54.139000+00:00,5233.823672778133
2025-09-01T19:02:05.621000+00:00,5234.811750959348
2025-09-01T20:02:35.704000+00:00,5238.62944466749
2025-09-01T21:00:22.930000+00:00,5191.007097286501
2025-09-01T22:02:03.771000+00:00,5143.771880289799
2025-09-01T23:03:02.792000+00:00,5177.526513306229
2025-09-02T00:00:41.512000+00:00,5215.8274797115955
2025-09-02T01:02:29.774000+00:00,5215.67276649152
2025-09-02T02:02:47.907000+00:00,5243.077882729492
2025-09-02T03:02:53.688000+00:00,5256.619982062428
2025-09-02T04:02:37.839000+00:00,5290.583270200055
2025-09-02T05:02:26.030000+00:00,5318.943459240061
2025-09-02T06:02:32.523000+00:00,5308.611598097885
2025-09-02T07:02:09.686000+00:00,5340.018685828799
2025-09-02T08:00:25.515000+00:00,5296.117893740375
2025-09-02T09:03:02.416000+00:00,5321.937573490175
2025-09-02T10:01:41.838000+00:00,5322.0677888445325
2025-09-02T11:02:28.379000+00:00,5315.5020557452135
2025-09-02T12:02:25.501000+00:00,5264.596036214873
2025-09-02T13:02:11.702000+00:00,5178.626004571871
2025-09-02T14:01:59.270000+00:00,5290.2161563885975
2025-09-02T15:02:37.076000+00:00,5258.871725421602
2025-09-02T16:02:27.924000+00:00,5196.128281990821
2025-09-02T17:02:42.621000+00:00,5197.860279235471
2025-09-02T18:01:56.166000+00:00,5230.040304475095
2025-09-02T19:02:35.500000+00:00,5213.690771022224
2025-09-02T20:02:39.280000+00:00,5174.862896428886
2025-09-02T21:03:00.525000+00:00,5220.061578869714
2025-09-02T22:02:07.631000+00:00,5237.439741573126
2025-09-02T23:02:12.147000+00:00,5237.891598702138
2025-09-03T00:02:05.617000+00:00,5229.744249616184
2025-09-03T01:01:25.282000+00:00,5213.476411766372
2025-09-03T02:00:02.238000+00:00,5198.405310188254
2025-09-03T03:00:53.124000+00:00,5262.529305438757
2025-09-03T04:00:41.760000+00:00,5244.900101089647
2025-09-03T05:02:00.123000+00:00,5252.569413994606
2025-09-03T06:02:02.522000+00:00,5222.474115281821
2025-09-03T07:01:00.277000+00:00,5218.722565791208
2025-09-03T08:02:54.965000+00:00,5216.450085755845
2025-09-03T09:01:51.093000+00:00,5226.00198635908
2025-09-03T10:01:58.462000+00:00,5256.813678018372
2025-09-03T11:01:58.634000+00:00,5287.959835532183
2025-09-03T12:01:09.964000+00:00,5295.854347735996
2025-09-03T13:05:36.701000+00:00,5266.087785234283
2025-09-03T14:02:22.995000+00:00,5345.087038071871
2025-09-03T15:02:13.629000+00:00,5411.26738950718
2025-09-03T16:02:29.672000+00:00,5423.957822688419
2025-09-03T17:03:06.027000+00:00,5400.496964741865
2025-09-03T18:01:11.719000+00:00,5428.267952673313
2025-09-03T19:01:13.135000+00:00,5407.502534431211
2025-09-03T20:01:56.796000+00:00,5417.376645641729
2025-09-03T21:02:40.985000+00:00,5406.071178042223
2025-09-03T22:02:32.988000+00:00,5403.897532472227
2025-09-03T23:02:36.080000+00:00,5409.013023062219
2025-09-04T00:02:36.877000+00:00,5386.799395403887
2025-09-04T01:01:51.147000+00:00,5412.45467247087
2025-09-04T02:01:53.128000+00:00,5405.765170846583
2025-09-04T03:05:08.464000+00:00,5353.366742114061
2025-09-04T04:02:49.065000+00:00,5319.691074022013
2025-09-04T05:01:48.117000+00:00,5320.787407779839
2025-09-04T06:02:17.263000+00:00,5286.633602788626
2025-09-04T07:01:55.120000+00:00,5281.890300519939
2025-09-04T08:00:48.115000+00:00,5292.897536576984
2025-09-04T09:01:51.223000+00:00,5289.290871436766
2025-09-04T10:01:48.725000+00:00,5316.600207476826
2025-09-04T11:02:25.234000+00:00,5348.832393885638
2025-09-04T12:00:15.665000+00:00,5342.573481469162
2025-09-04T13:02:41.830000+00:00,5337.000322824174
2025-09-04T14:01:47.915000+00:00,5304.478982738148
2025-09-04T15:01:00.345000+00:00,5264.798336731047
2025-09-04T16:02:14.914000+00:00,5221.778059437446
2025-09-04T17:02:45.773000+00:00,5211.410050372138
2025-09-04T18:02:16.934000+00:00,5216.193586948049
2025-09-04T19:01:44.419000+00:00,5185.607069324013
2025-09-04T20:02:00.965000+00:00,5180.29724839758
2025-09-04T21:02:05.683000+00:00,5214.94976927739
2025-09-04T22:01:35.865000+00:00,5229.498113940419
2025-09-04T23:02:08.025000+00:00,5258.864516643776
2025-09-05T00:02:23.093000+00:00,5204.986656037044
2025-09-05T01:02:27.492000+00:00,5202.126202014225
2025-09-05T02:01:55.806000+00:00,5237.8577629262345
2025-09-05T03:02:29.737000+00:00,5234.956979046111
2025-09-05T04:03:02.232000+00:00,5240.667753900752
2025-09-05T05:02:07.673000+00:00,5247.23284196547
2025-09-05T06:02:14.188000+00:00,5254.768853763545
2025-09-05T07:02:20.942000+00:00,5245.401819960897
2025-09-05T08:02:39.209000+00:00,5355.174674257942
2025-09-05T09:01:56.382000+00:00,5333.562898810794
2025-09-05T10:02:39.698000+00:00,5320.727894683336
2025-09-05T11:02:36.352000+00:00,5350.471529612148
2025-09-05T12:00:20.483000+00:00,5349.596780705049
2025-09-05T13:02:14.205000+00:00,5402.222870432511
2025-09-05T14:02:52.875000+00:00,5392.865464869584
2025-09-05T15:02:41.495000+00:00,5207.389485264316
2025-09-05T16:02:46.123000+00:00,5186.336634915636
2025-09-05T17:02:00.706000+00:00,5196.0077556913475
2025-09-05T18:02:55.370000+00:00,5193.26878295369
2025-09-05T19:02:00.130000+00:00,5223.013390427745
2025-09-05T20:02:18.618000+00:00,5233.491809707985
2025-09-05T21:03:08.237000+00:00,5252.841567923345
2025-09-05T22:02:42.463000+00:00,5198.18558481528
2025-09-05T23:01:38.836000+00:00,5219.727692578656
2025-09-06T00:01:20.221000+00:00,5215.049333913287
2025-09-06T01:01:26.387000+00:00,5231.135029958347
2025-09-06T02:01:50.636000+00:00,5227.39130203035
2025-09-06T03:02:22.488000+00:00,5233.397362487895
2025-09-06T04:02:25.092000+00:00,5224.673488874423
2025-09-06T05:01:43.764000+00:00,5218.17758087876
2025-09-06T06:00:53.038000+00:00,5200.982969861514
2025-09-06T07:02:24.930000+00:00,5208.305240675665
2025-09-06T08:01:53.912000+00:00,5213.933643618032
2025-09-06T09:01:58.867000+00:00,5219.824725678843
2025-09-06T10:03:07.284000+00:00,5203.296944877628
2025-09-06T11:02:20.523000+00:00,5204.7866269684055
2025-09-06T12:02:03.779000+00:00,5205.705911462799
2025-09-06T13:00:10.084000+00:00,5206.667575122272
2025-09-06T14:00:30.227000+00:00,5197.168782743669
2025-09-06T15:01:33.806000+00:00,5205.229459388228
2025-09-06T16:02:35.888000+00:00,5172.408590300986
2025-09-06T17:01:57.382000+00:00,5194.129558506163
2025-09-06T18:02:48.619000+00:00,5173.850473508048
2025-09-06T19:02:09.835000+00:00,5186.011574677722
2025-09-06T20:01:40.097000+00:00,5155.663479634493
2025-09-06T21:02:25.641000+00:00,5180.925266310705
2025-09-06T22:02:04.389000+00:00,5187.556526087074
2025-09-06T23:01:45.420000+00:00,5180.989725700101
2025-09-07T00:02:36.144000+00:00,5176.42410224721
2025-09-07T01:01:41.365000+00:00,5190.071488808464
2025-09-07T02:02:20.959000+00:00,5206.985096818255
2025-09-07T03:02:18.254000+00:00,5208.550518451623
2025-09-07T04:02:38.050000+00:00,5199.764278896311
2025-09-07T05:02:29.033000+00:00,5205.2518164424155
2025-09-07T06:02:28.841000+00:00,5202.9060100065235
2025-09-07T07:01:33.769000+00:00,5190.734341751498
2025-09-07T08:01:55.682000+00:00,5201.590247137123
2025-09-07T09:02:10.315000+00:00,5214.465488324776
2025-09-07T10:05:57.199000+00:00,5209.730737961974
2025-09-07T11:01:52.731000+00:00,5213.725076387967
2025-09-07T12:03:05.068000+00:00,5217.94996614499
2025-09-07T13:02:34.104000+00:00,5204.285856258304
2025-09-07T14:01:50.993000+00:00,5211.47341580792
2025-09-07T15:00:47.225000+00:00,5208.518609459607
2025-09-07T16:01:18.553000+00:00,5209.407737407304
2025-09-07T17:02:42.333000+00:00,5192.79570227036
2025-09-07T18:02:19.908000+00:00,5180.270154650256
2025-09-07T19:00:26.880000+00:00,5182.370178988117
2025-09-07T20:02:27.400000+00:00,5192.949689524272
2025-09-07T21:01:45.094000+00:00,5201.884266457305
2025-09-07T22:05:38.258000+00:00,5196.936483623607
2025-09-07T23:01:48.373000+00:00,5218.183839503716
2025-09-08T00:01:52.347000+00:00,5213.737853708921
2025-09-08T01:00:29.611000+00:00,5209.623367265105
2025-09-08T02:01:46.764000+00:00,5202.317624544195
2025-09-08T03:02:39.998000+00:00,5213.443420901688
2025-09-08T04:00:00+00:00,5227.92920162392
2025-09-08T05:02:14.881000+00:00,5211.727178030498
2025-09-08T06:01:48.580000+00:00,5203.158485560587
2025-09-08T07:01:54.211000+00:00,5202.114521793404
2025-09-08T08:03:12.332000+00:00,5196.431816629261
2025-09-08T09:01:38.127000+00:00,5207.6636522813515
2025-09-08T10:02:19.268000+00:00,5225.160647396381
2025-09-08T11:01:46.559000+00:00,5242.314064494486
2025-09-08T12:02:39+00:00,5229.86227115958
2025-09-08T13:01:29.336000+00:00,5231.175472408737
2025-09-08T14:02:13.176000+00:00,5245.884132352912
2025-09-08T15:02:41.153000+00:00,5261.770692918558
2025-09-08T16:02:27.089000+00:00,5292.931463384139
2025-09-08T17:02:15.088000+00:00,5257.257486271314
2025-09-08T18:02:24.409000+00:00,5222.401428491211
2025-09-08T19:02:18.751000+00:00,5246.3753856099
2025-09-08T20:02:05.734000+00:00,5197.406394568769
2025-09-08T21:01:51.354000+00:00,5205.738063608175
2025-09-08T22:02:52.586000+00:00,5228.9833854806075
2025-09-08T23:01:53.747000+00:00,5220.222901468799
2025-09-09T00:02:17.622000+00:00,5213.885007312313
2025-09-09T01:01:47.337000+00:00,5209.285300635804
2025-09-09T02:02:41.213000+00:00,5194.189747368995
2025-09-09T03:02:54.768000+00:00,5191.681921129316
2025-09-09T04:02:35.885000+00:00,5216.667353853549
2025-09-09T05:02:46.820000+00:00,5227.397331139363
2025-09-09T06:02:53.970000+00:00,5225.677955162143
2025-09-09T07:02:52.996000+00:00,5298.199936064732
2025-09-09T08:02:11.613000+00:00,5282.566535394572
2025-09-09T09:01:54.366000+00:00,5281.007182705664
2025-09-09T10:02:05.119000+00:00,5283.520185220202
2025-09-09T11:06:43.144000+00:00,5269.435260414898
2025-09-09T12:02:18.752000+00:00,5269.878541754184
2025-09-09T13:02:54.045000+00:00,5271.768633665156
2025-09-09T14:01:47.348000+00:00,5266.056628007711
2025-09-09T15:02:04.975000+00:00,5213.4047875733995
2025-09-09T16:03:35.179000+00:00,5202.690706083632
2025-09-09T17:01:03.932000+00:00,5190.911776432392
2025-09-09T18:03:24.681000+00:00,5189.437553467603
2025-09-09T19:06:39.402000+00:00,5193.830250429023
2025-09-09T20:02:30.649000+00:00,5202.869698385003
2025-09-09T21:01:45.761000+00:00,5205.933922428009
2025-09-09T22:03:05.730000+00:00,5210.709527782728
2025-09-09T23:02:35.057000+00:00,5227.672545204087
2025-09-10T00:02:19.388000+00:00,5219.782057920126
2025-09-10T01:02:37.879000+00:00,5195.753089770877
2025-09-10T02:03:04.302000+00:00,5219.477243324076
2025-09-10T03:01:42.702000+00:00,5229.102065862303
2025-09-10T04:02:20.497000+00:00,5231.6692785915
2025-09-10T05:00:48.329000+00:00,5223.0233320512325
2025-09-10T06:01:57.821000+00:00,5211.940273117992
2025-09-10T07:00:00+00:00,5229.153028753428
2025-09-10T08:01:51.064000+00:00,5242.1623526308285
2025-09-10T09:01:14.124000+00:00,5248.261932281375
2025-09-10T10:01:45.014000+00:00,5240.165257779745
2025-09-10T11:00:34.293000+00:00,5242.500506444939
2025-09-10T12:02:00.824000+00:00,5244.619947449659
2025-09-10T13:02:42.312000+00:00,5288.765986414633
2025-09-10T14:00:11.828000+00:00,5350.834126516237
2025-09-10T15:02:14.291000+00:00,5330.8458715666175
2025-09-10T16:02:40.553000+00:00,5335.32692491773
2025-09-10T17:02:28.497000+00:00,5307.418826000128
2025-09-10T18:02:14.032000+00:00,5284.815815650452
2025-09-10T19:02:27.321000+00:00,5262.539999971496
2025-09-10T20:02:11.320000+00:00,5231.555466612489
2025-09-10T21:02:35.920000+00:00,5243.259875197455
2025-09-10T22:02:26.895000+00:00,5269.694506202598
2025-09-10T23:01:40.539000+00:00,5266.560161089837
2025-09-11T00:02:05.604000+00:00,5268.426572872622
2025-09-11T01:02:33.267000+00:00,5279.603772957445
2025-09-11T02:01:48.987000+00:00,5288.7558485723575
2025-09-11T03:02:30.509000+00:00,5306.666744506411
2025-09-11T04:03:00.441000+00:00,5327.927669334946
2025-09-11T05:02:16.872000+00:00,5346.092431190406
2025-09-11T06:02:52.130000+00:00,5355.951185884394
2025-09-11T07:02:38.392000+00:00,5373.813860240732
2025-09-11T08:02:43.650000+00:00,5379.304256413964
2025-09-11T09:02:21.235000+00:00,5375.765859868714
2025-09-11T10:02:02.066000+00:00,5353.786386460788
2025-09-11T11:02:38.707000+00:00,5357.063576725734
2025-09-11T12:02:47.465000+00:00,5362.361334833108
2025-09-11T13:00:09.455000+00:00,5369.651938388631
2025-09-11T14:01:44.011000+00:00,5361.308518328055
2025-09-11T15:01:34.404000+00:00,5360.063222319963
2025-09-11T16:02:52.293000+00:00,5337.577477570075
2025-09-11T17:02:35.987000+00:00,5345.875791708633
2025-09-11T18:00:18.700000+00:00,5368.962547247629
2025-09-11T19:00:37.339000+00:00,5353.433775164319
2025-09-11T20:02:08.250000+00:00,5360.137108224529
2025-09-11T21:02:02.626000+00:00,5354.017178282579
2025-09-11T22:02:11.350000+00:00,5369.430990651115
2025-09-11T23:01:44.254000+00:00,5403.28689492121
2025-09-12T00:02:25.118000+00:00,5405.037147351297
2025-09-12T01:02:23.137000+00:00,5481.049758911387
2025-09-12T02:02:30.304000+00:00,5457.85289287234
2025-09-12T03:02:22.133000+00:00,5462.770622419605
2025-09-12T04:01:47.878000+00:00,5455.831094257971
2025-09-12T05:02:30.510000+00:00,5480.554814472473
2025-09-12T06:02:51.881000+00:00,5511.697212287766
2025-09-12T07:02:32.462000+00:00,5501.104693499483
2025-09-12T08:02:08.669000+00:00,5483.206664431521
2025-09-12T09:03:12.954000+00:00,5472.102487016076
2025-09-12T10:02:16.914000+00:00,5465.882264609183
2025-09-12T11:02:15.814000+00:00,5473.351338227532
2025-09-12T12:02:10.318000+00:00,5479.928180781969
2025-09-12T13:02:43.810000+00:00,5486.065665201475
2025-09-12T14:01:51.363000+00:00,5499.127819809369
2025-09-12T15:02:22.742000+00:00,5513.148675720111
2025-09-12T16:02:42.022000+00:00,5508.339755784109
2025-09-12T17:02:32.159000+00:00,5537.463124513506
2025-09-12T18:01:59.720000+00:00,5591.501024474631
2025-09-12T19:02:15.169000+00:00,5600.799314169998
2025-09-12T20:01:03.222000+00:00,5653.118177389701
2025-09-12T21:02:28.519000+00:00,5671.847902774727
2025-09-12T22:02:28.841000+00:00,5640.503077401735
2025-09-12T23:02:23.111000+00:00,5698.616418133913
2025-09-13T00:02:14.577000+00:00,5710.361070795535
2025-09-13T01:02:23.257000+00:00,5705.380110160664
2025-09-13T02:02:47.455000+00:00,5699.10002706414
2025-09-13T03:03:03.666000+00:00,5700.64713872988
2025-09-13T04:03:41.561000+00:00,5767.8288353070975
2025-09-13T05:02:11.254000+00:00,5754.678330649101
2025-09-13T06:02:19.893000+00:00,5724.701033770997
2025-09-13T07:01:54.235000+00:00,5709.317685109784
2025-09-13T08:01:26.952000+00:00,5709.507758165149
2025-09-13T09:01:58.352000+00:00,5730.169316608899
2025-09-13T10:02:49.912000+00:00,5727.855426512595
2025-09-13T11:02:27.005000+00:00,5717.5355259254075
2025-09-13T12:02:06.360000+00:00,5719.592694879626
2025-09-13T13:03:08.626000+00:00,5721.310384773403
2025-09-13T14:02:25.707000+00:00,5675.483574190178
2025-09-13T15:02:41.624000+00:00,5684.948315166303
2025-09-13T16:01:54.997000+00:00,5640.567916998269
2025-09-13T17:02:37.532000+00:00,5602.592397829165
2025-09-13T18:01:49.713000+00:00,5620.390059157388
2025-09-13T19:02:04.127000+00:00,5628.223866948042
2025-09-13T20:01:58.048000+00:00,5623.451639356161
2025-09-13T21:02:37.843000+00:00,5644.370673939706
2025-09-13T22:02:13.349000+00:00,5650.235522724555
2025-09-13T23:00:01.662000+00:00,5640.9108833795035
2025-09-14T00:02:55.548000+00:00,5653.7686447946635
2025-09-14T01:03:46.953000+00:00,5649.8193097332405
2025-09-14T02:02:05.754000+00:00,5661.614334029608
2025-09-14T03:01:51.836000+00:00,5673.721832237557
2025-09-14T04:02:13.999000+00:00,5663.593809695231
2025-09-14T05:01:58.323000+00:00,5644.923708654469
2025-09-14T06:02:36.575000+00:00,5666.715240500335
2025-09-14T07:02:39.383000+00:00,5650.854420970687
2025-09-14T08:02:15.101000+00:00,5634.17658117158
2025-09-14T09:02:27.610000+00:00,5637.456546003024
2025-09-14T10:00:08.167000+00:00,5652.4048860858675
2025-09-14T11:02:31.062000+00:00,5648.1327098368965
2025-09-14T12:02:22.819000+00:00,5613.32053400097
2025-09-14T13:02:31.976000+00:00,5615.11037166658
2025-09-14T14:02:36.488000+00:00,5591.246312927946
2025-09-14T15:02:46.479000+00:00,5571.630722106557
2025-09-14T16:02:40.846000+00:00,5550.753449386887
2025-09-14T17:02:20.993000+00:00,5566.7963544177655
2025-09-14T18:02:33.612000+00:00,5599.100591505136
2025-09-14T19:01:45.504000+00:00,5578.71601898112
2025-09-14T20:01:48.275000+00:00,5592.538889725518
2025-09-14T21:01:38.321000+00:00,5597.400677745375
2025-09-14T22:01:55.400000+00:00,5609.315443608107
2025-09-14T23:03:11.529000+00:00,5614.59976265736
2025-09-15T00:02:27.443000+00:00,5583.077837473521
2025-09-15T01:02:47.931000+00:00,5583.83131067331
2025-09-15T02:02:24.119000+00:00,5599.099266700528
2025-09-15T03:01:53.315000+00:00,5603.620705588524
2025-09-15T04:02:56.732000+00:00,5618.976125300411
2025-09-15T05:02:30.878000+00:00,5628.56391890324
2025-09-15T06:02:26.304000+00:00,5649.767159886332
2025-09-15T07:02:50.963000+00:00,5612.239178280019
2025-09-15T08:02:02.767000+00:00,5576.5867328859385
2025-09-15T09:01:44.725000+00:00,5475.414125671197
2025-09-15T10:02:24.623000+00:00,5484.739606968441
2025-09-15T11:02:35.117000+00:00,5493.350133720974
2025-09-15T12:03:14.906000+00:00,5494.745653725197
2025-09-15T13:01:54.674000+00:00,5472.741235698221
2025-09-15T14:01:52.839000+00:00,5477.735145735129
2025-09-15T15:02:25.353000+00:00,5481.334212724131
2025-09-15T16:03:06.656000+00:00,5452.753457898221
2025-09-15T17:01:05.328000+00:00,5448.896300374971
2025-09-15T18:02:53.024000+00:00,5460.208681087171
2025-09-15T19:02:46.215000+00:00,5455.577825067526
2025-09-15T20:02:34.400000+00:00,5450.105442115898
2025-09-15T21:01:41.540000+00:00,5466.318916140424
2025-09-15T22:00:26.868000+00:00,5482.488164530026
2025-09-15T23:01:35.614000+00:00,5475.068059927424
2025-09-16T00:01:15.305000+00:00,5488.377202834951
2025-09-16T01:01:09.893000+00:00,5470.120776637686
2025-09-16T02:02:51.564000+00:00,5482.207180672032
2025-09-16T03:02:32.041000+00:00,5473.702535856085
2025-09-16T04:01:48.586000+00:00,5485.348288039592
2025-09-16T05:03:42.413000+00:00,5474.567009882507
2025-09-16T06:02:37.203000+00:00,5493.122476996936
2025-09-16T07:01:54.996000+00:00,5465.741753943407
2025-09-16T08:01:38.702000+00:00,5470.479984811147
2025-09-16T09:01:53.200000+00:00,5467.021009901811
2025-09-16T10:01:51.976000+00:00,5475.50731910216
2025-09-16T11:06:34.642000+00:00,5464.659436923326
2025-09-16T12:01:56.297000+00:00,5455.9395334969395
2025-09-16T13:03:24.972000+00:00,5454.913408250336
2025-09-16T14:01:41.484000+00:00,5391.573190013269
2025-09-16T15:01:58.988000+00:00,5396.277582358273
2025-09-16T16:01:43.411000+00:00,5414.863399345332
2025-09-16T17:02:06.502000+00:00,5409.845976466007
2025-09-16T18:06:33.260000+00:00,5441.255827471369
2025-09-16T19:01:29.163000+00:00,5430.021909858599
2025-09-16T20:02:19.682000+00:00,5445.397450534501
2025-09-16T21:02:01.649000+00:00,5450.93245001091
2025-09-16T22:02:57.792000+00:00,5464.961846674381
2025-09-16T23:02:07.669000+00:00,5481.78137277163
2025-09-17T00:01:25.667000+00:00,5461.680129502312
2025-09-17T01:02:14.596000+00:00,5472.886855300445
2025-09-17T02:01:52.353000+00:00,5471.492470251366
2025-09-17T03:06:21.484000+00:00,5492.967297240855
2025-09-17T04:02:08.861000+00:00,5454.770584436994
2025-09-17T05:02:29.171000+00:00,5424.213166629824
2025-09-17T06:02:03.918000+00:00,5474.642501316098
2025-09-17T07:03:24.255000+00:00,5511.121079555942
2025-09-17T08:02:45.052000+00:00,5511.00167006103
2025-09-17T09:02:11.380000+00:00,5472.020481201553
2025-09-17T10:02:28.518000+00:00,5453.4566858023945
2025-09-17T11:02:40.327000+00:00,5436.317779132855
2025-09-17T12:02:10.808000+00:00,5447.462775790224
2025-09-17T13:01:28.535000+00:00,5462.59069475159
2025-09-17T14:01:39.354000+00:00,5453.340409247275
2025-09-17T15:02:26.982000+00:00,5445.012087542496
2025-09-17T16:02:02.691000+00:00,5446.936579645426
2025-09-17T17:02:24.843000+00:00,5441.373261140259
2025-09-17T18:02:01.114000+00:00,5478.11467847514
2025-09-17T19:00:44.966000+00:00,5397.866904411498
2025-09-17T20:02:35.998000+00:00,5472.905208109526
2025-09-17T21:06:21.908000+00:00,5456.629688235084
2025-09-17T22:06:26.218000+00:00,5491.8198725655875
2025-09-17T23:00:48.570000+00:00,5577.180961051114
2025-09-18T00:00:29.453000+00:00,5568.4873008118975
2025-09-18T01:01:48.352000+00:00,5554.744665566634
2025-09-18T02:03:06.162000+00:00,5601.758297837328
2025-09-18T03:06:57.701000+00:00,5593.955208190023
2025-09-18T04:02:41.854000+00:00,5602.343360519192
2025-09-18T05:06:42.663000+00:00,5593.299354354184
2025-09-18T06:02:19.520000+00:00,5567.239139548377
2025-09-18T07:02:44.238000+00:00,5545.027989173459
2025-09-18T08:02:43.362000+00:00,5552.32831189817
2025-09-18T09:01:43.568000+00:00,5577.877384084487
2025-09-18T10:03:19.759000+00:00,5575.370796047953
2025-09-18T11:02:20.689000+00:00,5548.597747129905
2025-09-18T12:01:52.865000+00:00,5545.054439860441
2025-09-18T13:02:44.137000+00:00,5554.878423557081
2025-09-18T14:02:25.838000+00:00,5562.805860643421
2025-09-18T15:02:54.106000+00:00,5571.07470747965
2025-09-18T16:03:09.910000+00:00,5582.22209232698
2025-09-18T17:02:35.519000+00:00,5607.057569786657
2025-09-18T18:02:17.837000+00:00,5591.592325978479
2025-09-18T19:03:26.139000+00:00,5600.318681343107
2025-09-18T20:05:21.708000+00:00,5572.3707825695365
2025-09-18T21:03:55.853000+00:00,5583.834009283007
2025-09-18T22:01:34.300000+00:00,5573.986563710979
2025-09-18T23:02:50.815000+00:00,5572.936619424019
2025-09-19T00:02:38.146000+00:00,5563.8272183925865
2025-09-19T01:02:35.494000+00:00,5590.106132852819
2025-09-19T02:02:27.116000+00:00,5590.445647895668
2025-09-19T03:02:31.815000+00:00,5571.141923739118
2025-09-19T04:02:16.118000+00:00,5521.381102911393
2025-09-19T05:02:53.073000+00:00,5523.350377833636
2025-09-19T06:02:05.142000+00:00,5510.395470281585
2025-09-19T07:03:00.683000+00:00,5493.642698569671
2025-09-19T08:01:38.622000+00:00,5505.8713203394655
2025-09-19T09:01:24.618000+00:00,5500.174747185661
2025-09-19T10:01:52.034000+00:00,5487.614882367185
2025-09-19T11:01:23.985000+00:00,5494.5679555524375
2025-09-19T12:02:07.144000+00:00,5476.298422306696
2025-09-19T13:02:33.476000+00:00,5479.60675564302
2025-09-19T14:02:48.605000+00:00,5500.338522820592
2025-09-19T15:02:23.795000+00:00,5464.266945886928
2025-09-19T16:01:53.201000+00:00,5428.975770323416
2025-09-19T17:02:57.890000+00:00,5436.666508896438
2025-09-19T18:03:15.782000+00:00,5411.513722378271
2025-09-19T19:02:15.099000+00:00,5396.370066059966
2025-09-19T20:02:04.589000+00:00,5391.104934052677
2025-09-19T21:02:54.595000+00:00,5409.710630551392
2025-09-19T22:01:42.589000+00:00,5423.938140353533
2025-09-19T23:02:08.598000+00:00,5422.597322208883
2025-09-20T00:01:48.535000+00:00,5421.076004390659
2025-09-20T01:02:32.197000+00:00,5431.492350493426
2025-09-20T02:02:37.276000+00:00,5421.3263562410475
2025-09-20T03:02:54.922000+00:00,5418.0699782125175
2025-09-20T04:02:11.230000+00:00,5417.088284375402
2025-09-20T05:02:02.684000+00:00,5427.81892013969
2025-09-20T06:02:22.136000+00:00,5431.689595428736
2025-09-20T07:02:13.014000+00:00,5429.235604208238
2025-09-20T08:02:08.571000+00:00,5438.683977601722
2025-09-20T09:02:03.803000+00:00,5420.5707487650025
2025-09-20T10:02:30.806000+00:00,5418.725624530364
2025-09-20T11:00:17.281000+00:00,5418.816759221824
2025-09-20T12:02:34.333000+00:00,5423.704144600657
2025-09-20T13:02:36.796000+00:00,5416.110531965014
2025-09-20T14:02:30.577000+00:00,5419.491639874087
2025-09-20T15:02:50.934000+00:00,5447.5528816843735
2025-09-20T16:03:15.192000+00:00,5456.239368164696
2025-09-20T17:02:02.682000+00:00,5460.93120795127
2025-09-20T18:01:40.498000+00:00,5443.821269320137
2025-09-20T19:02:22.768000+00:00,5431.664240651226
2025-09-20T20:02:20.041000+00:00,5435.773206052741
2025-09-20T21:01:51.062000+00:00,5442.18871415321
2025-09-20T22:01:40.435000+00:00,5448.591674936972
2025-09-20T23:02:04.031000+00:00,5452.165034637936
2025-09-21T00:02:25.533000+00:00,5437.034512167064
2025-09-21T01:02:15.366000+00:00,5444.176998501833
2025-09-21T02:01:49.614000+00:00,5434.892084519361
2025-09-21T03:02:45.802000+00:00,5436.4914124956995
2025-09-21T04:02:15.225000+00:00,5431.507786048463
2025-09-21T05:02:32.151000+00:00,5425.007975058395
2025-09-21T06:02:17.231000+00:00,5433.554066979321
2025-09-21T07:02:02.243000+00:00,5442.1275161713975
2025-09-21T08:01:43.380000+00:00,5432.718713979684
2025-09-21T09:03:23.301000+00:00,5422.705775230494
2025-09-21T10:02:32.777000+00:00,5415.771320425034
2025-09-21T11:02:53.819000+00:00,5411.1782932074
2025-09-21T12:01:47.627000+00:00,5412.895144369837
2025-09-21T13:01:23.825000+00:00,5421.525232720143
2025-09-21T14:02:38.412000+00:00,5430.30263238764
2025-09-21T15:02:55.162000+00:00,5428.824987881301
2025-09-21T16:01:54.259000+00:00,5439.9445874863295
2025-09-21T17:01:48.782000+00:00,5428.706864543855
2025-09-21T18:02:40.738000+00:00,5449.5453203449915
2025-09-21T19:03:29.627000+00:00,5453.715592506146
2025-09-21T20:02:28.585000+00:00,5453.098202175616
2025-09-21T21:03:07.818000+00:00,5433.928826308316
2025-09-21T22:01:51.823000+00:00,5428.309563128883
2025-09-21T23:03:01.417000+00:00,5421.277823545289
2025-09-22T00:01:00.345000+00:00,5402.429099431212
2025-09-22T01:00:35.597000+00:00,5260.484711196971
2025-09-22T02:01:47.966000+00:00,5255.27594404333
2025-09-22T03:01:56.352000+00:00,5206.894483199843
2025-09-22T04:02:22.130000+00:00,5224.736034050885
2025-09-22T05:06:48.703000+00:00,5204.956718956701
2025-09-22T06:02:11.157000+00:00,5150.406459565834
2025-09-22T07:02:07.508000+00:00,5075.260843420919
2025-09-22T08:02:26.589000+00:00,5089.458624288383
2025-09-22T09:00:07.366000+00:00,5095.936238487672
2025-09-22T10:02:17.744000+00:00,5036.358239196799
2025-09-22T11:01:40.030000+00:00,5078.69841052245
2025-09-22T12:02:52.441000+00:00,5074.016696498746
2025-09-22T13:02:20.018000+00:00,5087.257073215956
2025-09-22T14:02:28.477000+00:00,5089.373028696632
2025-09-22T15:01:10.098000+00:00,5090.630351134722
2025-09-22T16:02:58.817000+00:00,5063.297868128602
2025-09-22T17:01:10.873000+00:00,5058.705303415534
2025-09-22T18:03:23.583000+00:00,5053.951915247575
2025-09-22T19:02:05.598000+00:00,5046.964125829979
2025-09-22T20:02:30.045000+00:00,5021.058336361586
2025-09-22T21:03:28.174000+00:00,5078.4931024633
2025-09-22T22:02:44.209000+00:00,5089.717556968293
2025-09-22T23:01:35.496000+00:00,5084.942901761706
2025-09-23T00:01:58.402000+00:00,5095.879318900206
2025-09-23T01:02:46.244000+00:00,5087.022672798237
2025-09-23T02:02:37.930000+00:00,5060.2413111993765
2025-09-23T03:02:35.681000+00:00,5040.822690197283
2025-09-23T04:02:59.085000+00:00,5085.140189955531
2025-09-23T05:01:47.876000+00:00,5071.663269668617
2025-09-23T06:02:29.172000+00:00,5079.5828018760485
2025-09-23T07:02:23.178000+00:00,5107.798018405049
2025-09-23T08:02:34.950000+00:00,5107.4422773295655
2025-09-23T09:02:23.903000+00:00,5108.7928933766525
2025-09-23T10:02:51.157000+00:00,5092.143973471983
2025-09-23T11:02:53.056000+00:00,5095.169158520398
2025-09-23T12:03:05.787000+00:00,5091.0841933756665
2025-09-23T13:02:09.123000+00:00,5092.702883990564
2025-09-23T14:00:59.162000+00:00,5087.135084542703
2025-09-23T15:01:09.691000+00:00,5078.506750530692
2025-09-23T16:01:23.153000+00:00,5076.424333847247
2025-09-23T17:02:33.944000+00:00,5087.94981937048
2025-09-23T18:01:37.242000+00:00,5036.472636071845
2025-09-23T19:00:27.938000+00:00,5038.030806449844
2025-09-23T20:03:04.573000+00:00,5038.9530715239125
2025-09-23T21:02:16.625000+00:00,5066.462293976502
2025-09-23T22:00:58.041000+00:00,5078.942046898248
2025-09-23T23:02:32.006000+00:00,5074.982995437476
2025-09-24T00:01:43.404000+00:00,5053.070875792274
2025-09-24T01:02:23.836000+00:00,5071.874766592239
2025-09-24T02:01:26.819000+00:00,5086.935776387572
2025-09-24T03:02:10.436000+00:00,5060.165552673179
2025-09-24T04:01:36.981000+00:00,5039.638750002807
2025-09-24T05:02:31.301000+00:00,5028.102336510774
2025-09-24T06:02:51.408000+00:00,5063.603940202432
2025-09-24T07:02:55.125000+00:00,5068.023920887919
2025-09-24T08:02:21.508000+00:00,5066.079922867805
2025-09-24T09:02:06.948000+00:00,5067.831137570904
2025-09-24T10:02:25.885000+00:00,5075.321777048618
2025-09-24T11:02:45.693000+00:00,5070.193574127783
2025-09-24T12:03:02.796000+00:00,5076.499522899785
2025-09-24T13:02:27.294000+00:00,5076.168749310667
2025-09-24T14:02:42.944000+00:00,5050.682108055554
2025-09-24T15:03:13.629000+00:00,5099.688113507613
2025-09-24T16:02:20.931000+00:00,5059.202077226717
2025-09-24T17:02:42.759000+00:00,5068.718342319739
2025-09-24T18:02:23.284000+00:00,5078.318280723889
2025-09-24T19:02:58.479000+00:00,5063.353441351548
2025-09-24T20:02:13.457000+00:00,5054.820410881686
2025-09-24T21:02:33.393000+00:00,5059.206084476202
2025-09-24T22:02:31.758000+00:00,5032.974644296484
2025-09-24T23:02:11.719000+00:00,5041.84491545436
2025-09-25T00:02:07.618000+00:00,5039.780338639967
2025-09-25T01:02:46.127000+00:00,5011.434559998056
2025-09-25T02:02:02.373000+00:00,4971.777855273538
2025-09-25T03:02:34.511000+00:00,4979.151395854678
2025-09-25T04:02:27.589000+00:00,4927.836321917551
2025-09-25T05:05:58.721000+00:00,4866.171169516948
2025-09-25T06:02:22.593000+00:00,4884.680108512711
2025-09-25T07:06:10.675000+00:00,4852.554058399974
2025-09-25T08:02:34.656000+00:00,4871.598793352787
2025-09-25T09:02:41.804000+00:00,4872.38921410243
2025-09-25T10:02:18.107000+00:00,4887.759685554335
2025-09-25T11:03:00.074000+00:00,4871.397229355128
2025-09-25T12:01:55.022000+00:00,4859.928682262085
2025-09-25T13:03:02.538000+00:00,4839.9683961360315
2025-09-25T14:03:34.478000+00:00,4817.624139742595
2025-09-25T15:02:30.641000+00:00,4868.33531395443
2025-09-25T16:02:28.429000+00:00,4853.842751088498
2025-09-25T17:04:34.002000+00:00,4777.1728313652075
2025-09-25T18:00:57.474000+00:00,4678.614689088803
2025-09-25T19:01:50.578000+00:00,4761.209376375692
2025-09-25T20:02:31.609000+00:00,4756.814935386812
2025-09-25T21:02:33.899000+00:00,4718.96250458445
2025-09-25T22:02:25.489000+00:00,4738.112068740109
2025-09-25T23:02:26.961000+00:00,4728.5852089452965
2025-09-26T00:02:15.365000+00:00,4694.038446282639
2025-09-26T01:01:58.191000+00:00,4749.426906411997
2025-09-26T02:03:25.107000+00:00,4786.891017462326
2025-09-26T03:01:56.043000+00:00,4811.756692858184
2025-09-26T04:03:32.471000+00:00,4816.7118338378095
2025-09-26T05:02:07.047000+00:00,4793.127274387668
2025-09-26T06:01:50.571000+00:00,4763.143541749244
2025-09-26T07:02:33.272000+00:00,4757.889379340947
2025-09-26T08:01:55.921000+00:00,4775.159495677101
2025-09-26T09:00:48.857000+00:00,4780.253696175935
2025-09-26T10:02:25.136000+00:00,4753.008869625946
2025-09-26T11:04:42.005000+00:00,4726.433897746242
2025-09-26T12:02:27.443000+00:00,4743.288390808622
2025-09-26T13:01:17.100000+00:00,4780.161932712629
2025-09-26T14:01:57.871000+00:00,4806.059076297844
2025-09-26T15:03:04.278000+00:00,4773.7848530306255
2025-09-26T16:03:12.101000+00:00,4790.305248272849
2025-09-26T17:01:23.110000+00:00,4842.776805857265
2025-09-26T18:02:41.436000+00:00,4910.651491041119
2025-09-26T19:02:17.713000+00:00,4912.080293715551
2025-09-26T20:02:52.067000+00:00,4886.241302549668
2025-09-26T21:01:46.069000+00:00,4870.983954507749
2025-09-26T22:03:15.432000+00:00,4879.547462983499
2025-09-26T23:03:01.282000+00:00,4894.0405832691395
2025-09-27T00:02:25.871000+00:00,4898.28146408569
2025-09-27T01:02:04.988000+00:00,4891.277026566132
2025-09-27T02:00:58.088000+00:00,4875.92233279824
2025-09-27T03:03:21.658000+00:00,4876.237313067717
2025-09-27T04:02:01.850000+00:00,4882.265930034651
2025-09-27T05:02:40.147000+00:00,4883.438385049709
2025-09-27T06:01:49.996000+00:00,4882.870336856505
2025-09-27T07:04:02.382000+00:00,4882.951213200075
2025-09-27T08:02:05.441000+00:00,4869.963202746773
2025-09-27T09:02:02.639000+00:00,4840.142983524745
2025-09-27T10:01:54.213000+00:00,4853.925052420935
2025-09-27T11:02:29.778000+00:00,4869.622271536897
2025-09-27T12:02:31.738000+00:00,4860.5898182416895
2025-09-27T13:06:59.752000+00:00,4896.925774143756
2025-09-27T14:02:12.963000+00:00,4882.226742895792
2025-09-27T15:02:46.335000+00:00,4875.40929956708
2025-09-27T16:02:19.423000+00:00,4883.590760909765
2025-09-27T17:01:44.898000+00:00,4867.520702939788
2025-09-27T18:01:14.527000+00:00,4858.470507482604
2025-09-27T19:02:20.255000+00:00,4849.004906791931
2025-09-27T20:02:41.048000+00:00,4861.813027036293
2025-09-27T21:01:47.186000+00:00,4862.4993156679675
2025-09-27T22:02:53.073000+00:00,4879.405122170678
2025-09-27T23:02:21.534000+00:00,4884.705257571109
2025-09-28T00:02:25.748000+00:00,4880.17881817763
2025-09-28T01:02:38.429000+00:00,4879.5149946156025
2025-09-28T02:01:57.307000+00:00,4857.59352498885
2025-09-28T03:02:50.817000+00:00,4861.925703779152
2025-09-28T04:01:57.404000+00:00,4863.265001367215
2025-09-28T05:02:04.550000+00:00,4864.5190728512425
2025-09-28T06:00:37.675000+00:00,4870.390090465171
2025-09-28T07:02:08.658000+00:00,4861.1599728659585
2025-09-28T08:01:49.778000+00:00,4876.896116095138
2025-09-28T09:02:09.431000+00:00,4866.417360640162
2025-09-28T10:02:34.067000+00:00,4855.961989395051
2025-09-28T11:01:57.538000+00:00,4854.422744182281
2025-09-28T12:02:28.955000+00:00,4850.843277361993
2025-09-28T13:02:07.245000+00:00,4834.800962201141
2025-09-28T14:01:30.191000+00:00,4877.307452672714
2025-09-28T15:00:57.341000+00:00,4888.441708184273
2025-09-28T16:01:47.548000+00:00,4883.474577230447
2025-09-28T17:03:35.573000+00:00,4898.224377207797
2025-09-28T18:02:33.578000+00:00,4906.168820072916
2025-09-28T19:00:37.509000+00:00,4910.82336047857
2025-09-28T20:01:13.349000+00:00,4905.146474444828
2025-09-28T21:01:26.537000+00:00,4923.768262335985
2025-09-28T22:02:31.257000+00:00,4918.367298919327
2025-09-28T23:01:50.132000+00:00,5017.999015135617
2025-09-29T00:01:47.984000+00:00,5026.504885774932
2025-09-29T01:02:31.661000+00:00,5015.968130974282
2025-09-29T02:02:27.951000+00:00,4997.839656636484
2025-09-29T03:03:05.022000+00:00,4994.365869677944
2025-09-29T04:02:51.789000+00:00,5000.001320651558
2025-09-29T05:00:54.757000+00:00,5005.825351091269
2025-09-29T06:02:07.522000+00:00,4996.0243144857595
2025-09-29T07:01:59.930000+00:00,4981.714746982824
2025-09-29T08:01:26.782000+00:00,4993.672121131238
2025-09-29T09:01:49.146000+00:00,5017.165194938014
2025-09-29T10:02:40.778000+00:00,5021.482649275543
2025-09-29T11:06:13.500000+00:00,5000.092516351705
2025-09-29T12:02:16.594000+00:00,4985.537450894222
2025-09-29T13:02:16.683000+00:00,4984.687564989622
2025-09-29T14:01:46.199000+00:00,5069.597128331822
2025-09-29T15:03:12.765000+00:00,5097.282431602086
2025-09-29T16:02:08.183000+00:00,5062.486416143146
2025-09-29T17:02:16.789000+00:00,5040.972769964811
2025-09-29T18:02:02.913000+00:00,5049.8393005208545
2025-09-29T19:01:38.809000+00:00,5057.90232411179
2025-09-29T20:02:10.474000+00:00,5087.723858168478
2025-09-29T21:02:30.948000+00:00,5131.770796642392
2025-09-29T22:02:24.446000+00:00,5129.037896680559
2025-09-29T23:00:48.559000+00:00,5137.015014098975
2025-09-30T00:01:46.701000+00:00,5121.146454473813
2025-09-30T01:01:37.177000+00:00,5120.183553125667
2025-09-30T02:02:46.799000+00:00,5097.570298932311
2025-09-30T03:00:56.594000+00:00,5104.219719791911
2025-09-30T04:01:38.723000+00:00,5106.381582454181
2025-09-30T05:02:06.923000+00:00,5095.10088399818
2025-09-30T06:01:33.651000+00:00,5079.801715346806
2025-09-30T07:02:21.675000+00:00,5096.57192952665
2025-09-30T08:01:22.094000+00:00,5082.368785212858
2025-09-30T09:01:55.875000+00:00,5067.70229267827
2025-09-30T10:02:27.337000+00:00,5037.661708231014
2025-09-30T11:01:56.355000+00:00,5052.828030321259
2025-09-30T12:02:07.949000+00:00,5062.594209804363
2025-09-30T13:02:01.350000+00:00,5058.276583328537
2025-09-30T14:01:48.945000+00:00,5047.53229632134
2025-09-30T15:02:30.379000+00:00,5034.7696780512415
2025-09-30T16:01:15.343000+00:00,5002.456675755803
2025-09-30T17:01:15.761000+00:00,4975.917843357852
2025-09-30T18:01:57.542000+00:00,4984.5748598934515
2025-09-30T19:01:33.396000+00:00,5000.670816254992
2025-09-30T20:01:04.438000+00:00,5055.792995731065
2025-09-30T21:02:30.717000+00:00,5095.800467865297
2025-09-30T22:02:40.596000+00:00,5068.0847481607
2025-09-30T23:00:16.777000+00:00,5032.844780634708
2025-10-01T00:00:49.119000+00:00,5036.326900136149
2025-10-01T01:01:32.010000+00:00,5026.189877465951
2025-10-01T02:02:35.068000+00:00,5066.309471230122
2025-10-01T03:02:51.080000+00:00,5049.2043328335785
2025-10-01T04:02:23.536000+00:00,5019.849814461362
2025-10-01T05:01:58.344000+00:00,5032.846262249182
2025-10-01T06:02:12.890000+00:00,5040.342936008924
2025-10-01T07:06:20.039000+00:00,5019.642915014317
2025-10-01T08:02:05.987000+00:00,5029.586286001422
2025-10-01T09:02:29.130000+00:00,5088.435918627682
2025-10-01T10:02:22.056000+00:00,5240.148740327934
2025-10-01T11:02:14.187000+00:00,5204.649493890538
2025-10-01T12:01:46.640000+00:00,5223.628648455903
2025-10-01T13:02:29.422000+00:00,5206.882130962008
2025-10-01T14:02:19.120000+00:00,5218.325483236438
2025-10-01T15:02:40.850000+00:00,5256.25485486382
2025-10-01T16:02:16.187000+00:00,5259.2804280544115
2025-10-01T17:02:13.282000+00:00,5263.6338383522225
2025-10-01T18:02:15.937000+00:00,5215.134436130732
2025-10-01T19:02:49.976000+00:00,5243.548062269783
2025-10-01T20:02:09.253000+00:00,5269.430675036199
2025-10-01T21:02:28.054000+00:00,5267.179282965235
2025-10-01T22:02:18.990000+00:00,5231.7252775441675
2025-10-01T23:02:07.483000+00:00,5244.431510247921
2025-10-02T00:01:35.169000+00:00,5284.592402318331
2025-10-02T01:02:37.134000+00:00,5272.99839324592
2025-10-02T02:02:01.876000+00:00,5339.892892950307
2025-10-02T03:01:25.994000+00:00,5331.394145515942
2025-10-02T04:02:30.950000+00:00,5318.585567000359
2025-10-02T05:01:22.251000+00:00,5312.0252889363
2025-10-02T06:02:42.333000+00:00,5328.372277347126
2025-10-02T07:01:36.166000+00:00,5345.325361088574
2025-10-02T08:01:31.455000+00:00,5320.560968881821
2025-10-02T09:01:41.266000+00:00,5330.394267993799
2025-10-02T10:07:03.644000+00:00,5337.55843162839
2025-10-02T11:01:55.860000+00:00,5326.022482906849
2025-10-02T12:02:00.118000+00:00,5334.139805211808
2025-10-02T13:01:59.443000+00:00,5342.16148697661
2025-10-02T14:01:09.554000+00:00,5365.61406533035
2025-10-02T15:05:08.483000+00:00,5319.679895365153
2025-10-02T16:02:09.916000+00:00,5367.611189002613
2025-10-02T17:03:03.510000+00:00,5399.553314312249
2025-10-02T18:02:58.995000+00:00,5430.440047923347
2025-10-02T19:03:02.858000+00:00,5455.938917176413
2025-10-02T20:03:25.291000+00:00,5461.323708679605
2025-10-02T21:03:36.559000+00:00,5448.926629097681
2025-10-02T22:03:03.336000+00:00,5438.320837025949
2025-10-02T23:03:03.202000+00:00,5423.562678607399
2025-10-03T00:03:45.390000+00:00,5447.964842407337
2025-10-03T01:07:04.386000+00:00,5439.84125186861
2025-10-03T02:07:06.614000+00:00,5440.347306485029
2025-10-03T03:02:51.256000+00:00,5471.851497896847
2025-10-03T04:03:05.866000+00:00,5466.926174492835
2025-10-03T05:03:28.435000+00:00,5464.370119707134
2025-10-03T06:03:06.871000+00:00,5445.446037286315
2025-10-03T07:03:04.004000+00:00,5430.494416154129
2025-10-03T08:03:04.377000+00:00,5419.428879596562
2025-10-03T09:02:58.976000+00:00,5420.792626061393
2025-10-03T10:07:15.619000+00:00,5440.326487988801
2025-10-03T11:02:52.839000+00:00,5459.1599169146075
2025-10-03T12:03:19.715000+00:00,5448.964269414851
2025-10-03T13:03:03.576000+00:00,5451.50952416316
2025-10-03T14:02:56.302000+00:00,5438.640206173414
2025-10-03T15:02:55.444000+00:00,5453.269621200443
2025-10-03T16:02:58.111000+00:00,5494.445712661043
2025-10-03T17:02:48.547000+00:00,5516.92810946982
2025-10-03T18:03:11.273000+00:00,5428.147084503675
2025-10-03T19:03:00.786000+00:00,5472.951453664684
2025-10-03T20:06:27.993000+00:00,5491.361374078491
2025-10-03T21:03:01.688000+00:00,5505.355265810657
2025-10-03T22:02:53.281000+00:00,5495.439840428363
2025-10-03T23:02:49.787000+00:00,5502.369761494313
2025-10-04T00:06:28.093000+00:00,5486.155877918117
2025-10-04T01:07:25.411000+00:00,5470.480698313554
2025-10-04T02:07:05.080000+00:00,5447.6043400306025
2025-10-04T03:03:09.766000+00:00,5453.71886515269
2025-10-04T04:02:56.264000+00:00,5454.167205959487
2025-10-04T05:02:45.590000+00:00,5461.541346832482
2025-10-04T06:03:12.084000+00:00,5473.78048694821
2025-10-04T07:02:59.872000+00:00,5477.570217129453
2025-10-04T08:06:19.147000+00:00,5468.199633292953
2025-10-04T09:03:13.124000+00:00,5459.244909267688
2025-10-04T10:04:08.627000+00:00,5453.540041532981
2025-10-04T11:02:56.196000+00:00,5452.056254944
2025-10-04T12:02:49.981000+00:00,5448.057160545015
2025-10-04T13:03:06.622000+00:00,5450.863830413867
2025-10-04T14:02:55.943000+00:00,5466.3475790854545
2025-10-04T15:06:10.174000+00:00,5443.3225338953025
2025-10-04T16:02:54.255000+00:00,5415.322175154174
2025-10-04T17:03:00.865000+00:00,5424.147794705179
2025-10-04T18:03:06.815000+00:00,5420.436469801373
2025-10-04T19:03:25.799000+00:00,5411.305972431514
2025-10-04T20:06:44.417000+00:00,5429.095059270189
2025-10-04T21:02:57.998000+00:00,5441.8699270038815
2025-10-04T22:02:54.219000+00:00,5451.979488398028
2025-10-04T23:02:50.929000+00:00,5457.810543348227
2025-10-05T00:03:55.263000+00:00,5453.699309620581
2025-10-05T01:02:56.998000+00:00,5435.401716469761
2025-10-05T02:02:46.219000+00:00,5455.173236251824
2025-10-05T03:02:49.500000+00:00,5502.821081028394
2025-10-05T04:02:59.330000+00:00,5522.448655851262
2025-10-05T05:03:14.906000+00:00,5555.55896145424
2025-10-05T06:02:54.579000+00:00,5542.707956374936
2025-10-05T07:02:53.062000+00:00,5541.891824493052
2025-10-05T08:02:57.855000+00:00,5595.553532354378
2025-10-05T09:03:02.237000+00:00,5574.304095934681
2025-10-05T10:03:41.477000+00:00,5540.666519989756
2025-10-05T11:03:14.570000+00:00,5519.749632468998
2025-10-05T12:03:13.784000+00:00,5530.146302194492
2025-10-05T13:03:06.188000+00:00,5510.26964851501
2025-10-05T14:02:53.088000+00:00,5510.923106697327
2025-10-05T15:03:21.308000+00:00,5511.309405985834
2025-10-05T16:02:55.663000+00:00,5508.408841091392
2025-10-05T17:02:48.220000+00:00,5493.147855595453
2025-10-05T18:06:22.334000+00:00,5485.827910367114
2025-10-05T19:02:56.029000+00:00,5492.116691459327
2025-10-05T20:02:51.540000+00:00,5455.870781017594
2025-10-05T21:03:17.709000+00:00,5471.145395321653
2025-10-05T22:03:14.426000+00:00,5472.334750326416
2025-10-05T23:03:08.547000+00:00,5480.402735200481
2025-10-06T00:02:54.816000+00:00,5487.368097226548
2025-10-06T01:03:02.113000+00:00,5460.635853225632
2025-10-06T02:03:10.700000+00:00,5501.38613790939
2025-10-06T03:02:53.859000+00:00,5513.745308985045
2025-10-06T04:03:05.263000+00:00,5510.0847445976515
2025-10-06T05:07:45.254000+00:00,5499.361211324081
2025-10-06T06:02:54.500000+00:00,5501.728746699193
2025-10-06T07:02:50.140000+00:00,5537.011484116605
2025-10-06T08:02:47.395000+00:00,5508.4788183528435
2025-10-06T09:03:25.088000+00:00,5542.930401067112
2025-10-06T10:03:07.575000+00:00,5559.254117689023
2025-10-06T11:03:26.972000+00:00,5559.097861489044
2025-10-06T12:02:52.680000+00:00,5555.7408693552225
2025-10-06T13:02:53.512000+00:00,5564.674488709697
2025-10-06T14:02:57.864000+00:00,5619.359334762704
2025-10-06T15:08:28.178000+00:00,5649.237330171343
2025-10-06T16:02:57.562000+00:00,5689.044303406836
2025-10-06T17:02:53.845000+00:00,5685.456674544745
2025-10-06T18:03:14.467000+00:00,5712.465920119393
2025-10-06T19:02:57.842000+00:00,5728.850655145503
2025-10-06T20:06:34.774000+00:00,5723.9018108196415
2025-10-06T21:02:59.398000+00:00,5697.223970346894
2025-10-06T22:02:50.949000+00:00,5693.5641233325305
2025-10-06T23:03:04.055000+00:00,5708.393427181226
2025-10-07T00:02:55.403000+00:00,5698.92618945285
2025-10-07T01:03:06.076000+00:00,5687.428197180605
2025-10-07T02:02:48.460000+00:00,5682.3700374075515
2025-10-07T03:03:17.455000+00:00,5689.338296801281
2025-10-07T04:02:50.703000+00:00,5702.279078732412
2025-10-07T05:02:50.819000+00:00,5731.225400511371
2025-10-07T06:07:10.504000+00:00,5729.801254426269
2025-10-07T07:03:02.842000+00:00,5677.198534326204
2025-10-07T08:03:08.792000+00:00,5681.877853376565
2025-10-07T09:03:13.354000+00:00,5677.401202107071
2025-10-07T10:02:52.722000+00:00,5691.062430548163
2025-10-07T11:06:43.534000+00:00,5705.606680098932
2025-10-07T12:06:18.599000+00:00,5723.031936514302
2025-10-07T13:06:51.036000+00:00,5766.148174799845
2025-10-07T14:02:57.338000+00:00,5722.451113920169
2025-10-07T15:02:49.093000+00:00,5592.976351151143
2025-10-07T16:07:28.820000+00:00,5487.935644556667
2025-10-07T17:02:56.516000+00:00,5482.017358038663
2025-10-07T18:03:02.573000+00:00,5442.502463830801
2025-10-07T19:03:00.643000+00:00,5429.5870955557175
2025-10-07T20:02:55.516000+00:00,5446.1846594516865
2025-10-07T21:03:11.758000+00:00,5483.821442911016
2025-10-07T22:02:54.506000+00:00,5452.729392581375
2025-10-07T23:02:48.127000+00:00,5467.524884294088
2025-10-08T00:03:51.472000+00:00,5411.729404379856
2025-10-08T01:02:54.737000+00:00,5441.2789295392795
2025-10-08T02:07:29.868000+00:00,5450.386275287176
2025-10-08T03:02:58.511000+00:00,5451.961194246154
2025-10-08T04:03:00.143000+00:00,5400.284204249971
2025-10-08T05:02:54.609000+00:00,5418.818108629007
2025-10-08T06:02:59.285000+00:00,5389.9957525542395
2025-10-08T07:06:52.894000+00:00,5406.307794471916
2025-10-08T08:07:58.704000+00:00,5424.839828712488
2025-10-08T09:06:25.550000+00:00,5445.747491866898
2025-10-08T10:03:32.426000+00:00,5445.7663731281
2025-10-08T11:02:57.685000+00:00,5468.4178907862815
2025-10-08T12:03:01.769000+00:00,5458.121417572809
2025-10-08T13:03:01.910000+00:00,5438.892324811082
2025-10-08T14:03:02.377000+00:00,5427.577527287981
2025-10-08T15:03:03.211000+00:00,5406.243443201855
2025-10-08T16:03:13.816000+00:00,5405.417570964617
2025-10-08T17:03:10.893000+00:00,5464.23677030422
2025-10-08T18:06:58.330000+00:00,5509.0731472979105
2025-10-08T19:03:03.762000+00:00,5506.548554549491
2025-10-08T20:03:12.294000+00:00,5489.909992241754
2025-10-08T21:05:49.939000+00:00,5477.251382497331
2025-10-08T22:02:59.805000+00:00,5496.2254017075375
2025-10-08T23:04:31.300000+00:00,5497.153588433319
2025-10-09T00:02:56.174000+00:00,5504.048503099659
2025-10-09T01:03:16.011000+00:00,5486.993170776416
2025-10-09T02:03:00.290000+00:00,5440.607746820635
2025-10-09T03:03:02.316000+00:00,5365.919237309098
2025-10-09T04:03:02.625000+00:00,5409.518478570313
2025-10-09T05:03:08.821000+00:00,5413.609262534211
2025-10-09T06:02:59.511000+00:00,5409.7781722496475
2025-10-09T07:02:55.298000+00:00,5382.308472460738
2025-10-09T08:02:41.850000+00:00,5384.867579495735
2025-10-09T09:03:30.364000+00:00,5260.8131242023965
2025-10-09T10:02:59.481000+00:00,5276.527508112758
2025-10-09T11:05:46.124000+00:00,5299.315854144721
2025-10-09T12:03:09.370000+00:00,5321.419517496935
2025-10-09T13:02:57.448000+00:00,5353.773247220859
2025-10-09T14:03:12.131000+00:00,5299.698053552501
2025-10-09T15:03:00.171000+00:00,5277.285511897565
2025-10-09T16:02:45.979000+00:00,5253.493293584055
2025-10-09T17:03:11.769000+00:00,5219.332705413447
2025-10-09T18:03:04.870000+00:00,5252.0243221040155
2025-10-09T19:03:25.212000+00:00,5234.505545636268
2025-10-09T20:03:05.647000+00:00,5268.775371837135
2025-10-09T21:03:02.178000+00:00,5272.521834941677
2025-10-09T22:03:02.570000+00:00,5294.886769388154
2025-10-09T23:03:54.526000+00:00,5321.674693968623
2025-10-10T00:02:55.193000+00:00,5310.669657278234
2025-10-10T01:03:04.887000+00:00,5325.758536346881
2025-10-10T02:02:54.578000+00:00,5319.545193227743
2025-10-10T03:02:56.077000+00:00,5301.029523637006
2025-10-10T04:02:46.329000+00:00,5291.689980282446
2025-10-10T05:06:54.481000+00:00,5279.888413488093
2025-10-10T06:02:55.308000+00:00,5310.606073377217
2025-10-10T07:02:59.472000+00:00,5258.416978411666
2025-10-10T08:02:42.466000+00:00,5263.09947277542
2025-10-10T09:03:09.987000+00:00,5281.378694803178
2025-10-10T10:02:57.044000+00:00,5259.7429496312825
2025-10-10T11:02:57.536000+00:00,5279.4856194191625
2025-10-10T12:02:54.469000+00:00,5282.14391983398
2025-10-10T13:02:47.509000+00:00,5285.474425037039
2025-10-10T14:02:58.449000+00:00,5287.756082832805
2025-10-10T15:02:57.144000+00:00,5261.679548867653
2025-10-10T16:06:57.738000+00:00,4984.366473494075
2025-10-10T17:03:06.771000+00:00,5000.317164789618
2025-10-10T18:06:49.329000+00:00,4976.053412435537
2025-10-10T19:02:44.294000+00:00,4941.362625757296
2025-10-10T20:03:20.773000+00:00,4876.335131173054
2025-10-10T21:07:18.931000+00:00,4708.9466637588885
2025-10-10T22:02:56.801000+00:00,4756.853480733115
2025-10-10T23:02:53.371000+00:00,4689.282371229577
2025-10-11T00:06:55.375000+00:00,4679.500289658777
2025-10-11T01:07:10.076000+00:00,4664.47863762716
2025-10-11T02:11:17.202000+00:00,4537.319790863526
2025-10-11T03:05:33.474000+00:00,4674.7973210215405
2025-10-11T04:05:44.160000+00:00,4612.068247727643
2025-10-11T05:08:23.773000+00:00,4640.376977687963
2025-10-11T06:06:02.939000+00:00,4621.525856110896
2025-10-11T07:06:50.189000+00:00,4601.869772699639
2025-10-11T08:05:42.160000+00:00,4579.131774415459
2025-10-11T09:06:13.669000+00:00,4645.038176899374
2025-10-11T10:06:20.066000+00:00,4654.032585295052
2025-10-11T11:04:19.454000+00:00,4659.398263645482
2025-10-11T12:06:34.838000+00:00,4666.324602698736
2025-10-11T13:05:07.786000+00:00,4654.419478209352
2025-10-11T14:09:16.764000+00:00,4662.099764559998
2025-10-11T15:06:31.763000+00:00,4643.229232566434
2025-10-11T16:04:01.783000+00:00,4658.535956235443
2025-10-11T17:06:18.987000+00:00,4646.6437879383075
2025-10-11T18:03:48.670000+00:00,4656.536576687872
2025-10-11T19:07:31.804000+00:00,4638.9450352389085
2025-10-11T20:05:45.098000+00:00,4573.944839510388
2025-10-11T21:06:04.572000+00:00,4497.233002370555
2025-10-11T22:05:57.804000+00:00,4545.136523278566
2025-10-11T23:04:57.218000+00:00,4555.301273583255
2025-10-12T00:08:14.385000+00:00,4555.383006739542
2025-10-12T01:05:32.214000+00:00,4505.12375924839
2025-10-12T02:06:30.081000+00:00,4523.981819199095
2025-10-12T03:06:06.111000+00:00,4542.783426261037
2025-10-12T04:06:55.305000+00:00,4600.617847381883
2025-10-12T05:06:16.768000+00:00,4625.2339613806735
2025-10-12T06:06:44.227000+00:00,4634.286849914642
2025-10-12T07:06:37.462000+00:00,4665.451166793177
2025-10-12T08:09:28.455000+00:00,4659.708688337598
2025-10-12T09:02:41.080000+00:00,4656.598926806372
2025-10-12T10:03:36.271000+00:00,4672.670241432397
2025-10-12T11:06:33.380000+00:00,4647.109903942593
2025-10-12T12:06:03.373000+00:00,4645.222183696279
2025-10-12T13:05:19.964000+00:00,4662.709452072323
2025-10-12T14:07:18.577000+00:00,4634.741045757423
2025-10-12T15:04:00.210000+00:00,4854.705555379427
2025-10-12T16:10:11.050000+00:00,4969.1100490085755
2025-10-12T17:06:28.671000+00:00,4997.299447327964
2025-10-12T18:07:18.175000+00:00,5023.203146531943
2025-10-12T19:02:50.892000+00:00,4990.809143108507
2025-10-12T20:02:53.301000+00:00,5030.826387578752
2025-10-12T21:02:53.206000+00:00,5050.4332773584565
2025-10-12T22:03:03.940000+00:00,5017.876591663757
2025-10-12T23:02:48.593000+00:00,5036.804233995011
2025-10-13T00:03:25.761000+00:00,5057.916977109383
2025-10-13T01:03:16.472000+00:00,5046.658289050331
2025-10-13T02:07:10.718000+00:00,5110.745562345491
2025-10-13T03:03:38.752000+00:00,5064.54102603107
2025-10-13T04:02:59.831000+00:00,5034.521554408034
2025-10-13T05:02:55.071000+00:00,5033.9411656408365
2025-10-13T06:02:57.328000+00:00,5028.6681594002785
2025-10-13T07:02:55.440000+00:00,5078.423542690351
2025-10-13T08:02:54.484000+00:00,5078.663572639626
2025-10-13T09:03:47.019000+00:00,5087.395972279969
2025-10-13T10:03:11.659000+00:00,5063.465885426416
2025-10-13T11:03:01.207000+00:00,5054.523971584107
2025-10-13T12:02:53.711000+00:00,4979.073073060244
2025-10-13T13:06:47.648000+00:00,4995.34288109119
2025-10-13T14:03:18.047000+00:00,5060.348148222189
2025-10-13T15:03:02.734000+00:00,4978.190961002173
2025-10-13T16:02:49.532000+00:00,5029.9979256182505
2025-10-13T17:02:52.846000+00:00,5069.339158541275
2025-10-13T18:06:54.266000+00:00,5139.924552570931
2025-10-13T19:03:00.737000+00:00,5141.943483312066
2025-10-13T20:02:58.446000+00:00,5190.92396345899
2025-10-13T21:03:02.118000+00:00,5190.522889432755
2025-10-13T22:02:57.927000+00:00,5182.3712523596605
2025-10-13T23:03:29.356000+00:00,5198.033087550183
2025-10-14T00:03:22.242000+00:00,5161.5605093294325
2025-10-14T01:03:03.961000+00:00,5154.836601831075
2025-10-14T02:03:35.775000+00:00,5126.301670460948
2025-10-14T03:03:01.939000+00:00,5081.249343501399
2025-10-14T04:07:10.149000+00:00,5056.732185739227
2025-10-14T05:02:48.557000+00:00,4981.069821794133
2025-10-14T06:02:53.234000+00:00,4951.134573785231
2025-10-14T07:06:21.732000+00:00,4875.289209045164
2025-10-14T08:06:58.547000+00:00,4848.625588354365
2025-10-14T09:03:11.127000+00:00,4856.089729237904
2025-10-14T10:03:22.233000+00:00,4844.189231339041
2025-10-14T11:03:24.189000+00:00,4788.930877416658
2025-10-14T12:02:55.542000+00:00,4832.277532497971
2025-10-14T13:02:51.095000+00:00,4806.59093040188
2025-10-14T14:02:53.288000+00:00,4814.462155497695
2025-10-14T15:06:34.818000+00:00,4836.902158394141
2025-10-14T16:02:54.400000+00:00,4950.561146250907
2025-10-14T17:02:56.589000+00:00,5029.61435153238
2025-10-14T18:02:59.869000+00:00,4993.778992764442
2025-10-14T19:03:14.842000+00:00,5004.808334546781
2025-10-14T20:02:55.366000+00:00,4994.528964606482
2025-10-14T21:06:30.525000+00:00,5010.317943924528
2025-10-14T22:09:05.165000+00:00,5010.624602827672
2025-10-14T23:03:29.346000+00:00,5010.729677976085
2025-10-15T00:02:58.816000+00:00,5020.221415964941
2025-10-15T01:03:34.830000+00:00,5006.690214996847
2025-10-15T02:03:14.542000+00:00,5005.47326496687
2025-10-15T03:02:59.889000+00:00,5010.538127608115
2025-10-15T04:03:02.011000+00:00,4968.150500474895
2025-10-15T05:02:57.357000+00:00,5008.07047300494
2025-10-15T06:02:54.851000+00:00,4997.295651583191
2025-10-15T07:02:59.236000+00:00,4997.182269375859
2025-10-15T08:02:42.825000+00:00,5016.092803660567
2025-10-15T09:02:47.960000+00:00,5087.213006689217
2025-10-15T10:02:54.161000+00:00,5052.271659155448
2025-10-15T11:06:15.546000+00:00,5016.167043692647
2025-10-15T12:07:12.908000+00:00,4987.61501108633
2025-10-15T13:04:23.042000+00:00,4975.535744400905
2025-10-15T14:02:54.794000+00:00,4929.7517187066505
2025-10-15T15:02:54.342000+00:00,4880.670635135033
2025-10-15T16:03:22.127000+00:00,4837.89229417188
2025-10-15T17:03:03.416000+00:00,4847.919540733848
2025-10-15T18:03:03.617000+00:00,4851.350864582612
2025-10-15T19:03:05.451000+00:00,4870.18862638007
2025-10-15T20:03:03.613000+00:00,4835.118423662937
2025-10-15T21:03:08.981000+00:00,4828.088653053771
2025-10-15T22:03:02.105000+00:00,4797.757606855677
2025-10-15T23:02:58.821000+00:00,4817.083801877819
2025-10-16T00:02:48.123000+00:00,4844.560748608436
2025-10-16T01:02:57.662000+00:00,4843.423663929639
2025-10-16T02:02:45.218000+00:00,4874.902836902153
2025-10-16T03:02:53.653000+00:00,4903.10021248148
2025-10-16T04:02:50.836000+00:00,4888.262171027407
2025-10-16T05:03:15.609000+00:00,4871.090473496556
2025-10-16T06:02:54.312000+00:00,4858.288517127034
2025-10-16T07:02:51.723000+00:00,4914.961658061713
2025-10-16T08:02:49.089000+00:00,4866.938342814378
2025-10-16T09:03:23.814000+00:00,4859.4446320295265
2025-10-16T10:02:56.837000+00:00,4899.017710292804
2025-10-16T11:03:14.938000+00:00,4931.414902037715
2025-10-16T12:02:58.092000+00:00,4934.981133989335
2025-10-16T13:06:21.991000+00:00,4935.913635236665
2025-10-16T14:02:51.838000+00:00,4895.2774542996285
2025-10-16T15:07:27.852000+00:00,4886.391209526551
2025-10-16T16:02:54.818000+00:00,4761.8258981710715
2025-10-16T17:03:20.845000+00:00,4789.909752558429
2025-10-16T18:03:26.865000+00:00,4770.935957993992
2025-10-16T19:06:25.028000+00:00,4748.414750036472
2025-10-16T20:06:21.924000+00:00,4712.1456043294875
2025-10-16T21:03:02.664000+00:00,4682.92772972531
2025-10-16T22:02:55.564000+00:00,4716.250134484267
2025-10-16T23:03:16.028000+00:00,4714.508210814033
2025-10-17T00:06:12.652000+00:00,4733.439838264779
2025-10-17T01:02:56.548000+00:00,4767.387381862098
2025-10-17T02:06:23.595000+00:00,4756.879067420215
2025-10-17T03:03:08.075000+00:00,4770.2101626864705
2025-10-17T04:02:51.973000+00:00,4781.75740561396
2025-10-17T05:02:54.166000+00:00,4759.3107072742605
2025-10-17T06:02:55.613000+00:00,4741.2746205151025
2025-10-17T07:02:55.008000+00:00,4656.311114331048
2025-10-17T08:03:29.563000+00:00,4574.144905338624
2025-10-17T09:02:49.499000+00:00,4510.555970253001
2025-10-17T10:02:56.137000+00:00,4545.810271076205
2025-10-17T11:03:01.388000+00:00,4522.152535247869
2025-10-17T12:03:06.490000+00:00,4588.98366610117
2025-10-17T13:03:06.600000+00:00,4590.397909445086
2025-10-17T14:02:53.404000+00:00,4626.558013157834
2025-10-17T15:03:18.532000+00:00,4567.228627402433
2025-10-17T16:03:00.135000+00:00,4602.821248900786
2025-10-17T17:03:47.368000+00:00,4607.409950632487
2025-10-17T18:02:48.049000+00:00,4644.474172563655
2025-10-17T19:02:51.586000+00:00,4657.0039959542155
2025-10-17T20:02:48.889000+00:00,4656.196242838746
2025-10-17T21:06:15.841000+00:00,4689.6277086222735
2025-10-17T22:03:34.827000+00:00,4717.953050000053
2025-10-17T23:03:12.383000+00:00,4685.4922811538445
2025-10-18T00:03:14.760000+00:00,4659.131111804945
2025-10-18T01:06:47.134000+00:00,4672.145314832447
2025-10-18T02:03:13.152000+00:00,4697.511915522635
2025-10-18T03:03:14.045000+00:00,4681.645860526718
2025-10-18T04:03:01.348000+00:00,4708.64815314678
2025-10-18T05:02:53.563000+00:00,4677.965197223207
2025-10-18T06:07:38.686000+00:00,4701.758309452825
2025-10-18T07:03:17.662000+00:00,4708.436959304369
2025-10-18T08:06:30.513000+00:00,4734.540245213213
2025-10-18T09:03:11.035000+00:00,4719.984057586121
2025-10-18T10:02:46.275000+00:00,4715.129889030483
2025-10-18T11:03:16.436000+00:00,4718.267080094924
2025-10-18T12:02:55.005000+00:00,4713.844692620373
2025-10-18T13:07:32.325000+00:00,4718.330275888478
2025-10-18T14:02:52.910000+00:00,4706.344975426298
2025-10-18T15:02:53.550000+00:00,4710.467286103238
2025-10-18T16:02:54.563000+00:00,4717.469884467137
2025-10-18T17:06:02.870000+00:00,4698.8882279005675
2025-10-18T18:03:18.676000+00:00,4728.428642262452
2025-10-18T19:06:19.158000+00:00,4729.221667765192
2025-10-18T20:03:43.880000+00:00,4734.242816569694
2025-10-18T21:03:28.645000+00:00,4729.89530551811
2025-10-18T22:03:09.759000+00:00,4732.454960557974
2025-10-18T23:02:55.157000+00:00,4724.251377331322
2025-10-19T00:04:04.964000+00:00,4728.434991289324
2025-10-19T01:02:54.177000+00:00,4707.863879723247
2025-10-19T02:03:16.982000+00:00,4712.8155279598595
2025-10-19T03:02:51.449000+00:00,4709.189210626267
2025-10-19T04:03:44.895000+00:00,4743.323308871658
2025-10-19T05:02:57.221000+00:00,4743.357117978976
2025-10-19T06:07:15.266000+00:00,4738.6147452078085
2025-10-19T07:02:36.399000+00:00,4717.121384442161
2025-10-19T08:02:59.333000+00:00,4724.761444292322
2025-10-19T09:02:43.234000+00:00,4703.737850733646
2025-10-19T10:02:41.311000+00:00,4764.831118402578
2025-10-19T11:06:12.338000+00:00,4768.7274983453135
2025-10-19T12:03:02.805000+00:00,4768.637041723895
2025-10-19T13:02:58.824000+00:00,4767.707486579052
2025-10-19T14:02:47.373000+00:00,4822.095331795433
2025-10-19T15:02:56.142000+00:00,4851.789488502244
2025-10-19T16:02:50.151000+00:00,4838.660256735134
2025-10-19T17:03:04.434000+00:00,4846.73127363457
2025-10-19T18:06:07.769000+00:00,4857.958536303046
2025-10-19T19:02:57.178000+00:00,4869.3150451221
2025-10-19T20:02:50.220000+00:00,4853.61897826756
2025-10-19T21:03:08.154000+00:00,4865.595801726525
2025-10-19T22:02:48.401000+00:00,4855.406705752958
2025-10-19T23:07:05.576000+00:00,4884.277465024832
2025-10-20T00:02:45.194000+00:00,4844.660171897575
2025-10-20T01:03:25.228000+00:00,4787.970613478475
2025-10-20T02:02:58.443000+00:00,4796.581519488377
2025-10-20T03:02:51.466000+00:00,4810.032734110777
2025-10-20T04:02:53.173000+00:00,4891.459007639607
2025-10-20T05:01:41.023000+00:00,4922.737305413192
2025-10-20T06:00:22.533000+00:00,4941.582343635415
2025-10-20T07:06:11.255000+00:00,4954.738263993548
2025-10-20T08:01:33.825000+00:00,4935.47100615778
2025-10-20T09:02:15.569000+00:00,4918.353636157006
2025-10-20T10:01:42.156000+00:00,4920.12436210939
2025-10-20T11:01:51.924000+00:00,4890.395455710322
2025-10-20T12:01:46.203000+00:00,4906.817649034315
2025-10-20T13:01:42.998000+00:00,4903.024395275265
2025-10-20T14:01:57.041000+00:00,4903.860040214765
2025-10-20T15:02:00.239000+00:00,4914.3336212816885
2025-10-20T16:00:48.119000+00:00,4883.592793002269
2025-10-20T17:03:37.570000+00:00,4811.263261266545
2025-10-20T18:05:02.695000+00:00,4805.61013661588
2025-10-20T19:01:39.736000+00:00,4827.375114671774
2025-10-20T20:01:43.024000+00:00,4842.627232391317
2025-10-20T21:01:24.866000+00:00,4858.334398870062
2025-10-20T22:01:12.343000+00:00,4838.316997055515
2025-10-20T23:02:17.319000+00:00,4851.809229511735
2025-10-21T00:01:07.189000+00:00,4841.084105600477
2025-10-21T01:01:23.733000+00:00,4840.907988150922
2025-10-21T02:01:18.848000+00:00,4801.506572489592
2025-10-21T03:01:52.818000+00:00,4786.17401826654
2025-10-21T04:01:59.799000+00:00,4779.586812416283
2025-10-21T05:01:32.592000+00:00,4690.43164817546
2025-10-21T06:02:14.377000+00:00,4698.660954609872
2025-10-21T07:01:51.061000+00:00,4729.832964323908
2025-10-21T08:01:44.403000+00:00,4737.338530329398
2025-10-21T09:01:07.908000+00:00,4704.026335298704
2025-10-21T10:01:09.222000+00:00,4699.068731457687
2025-10-21T11:02:02.921000+00:00,4736.926661979383
2025-10-21T12:01:30.743000+00:00,4734.29070000404
2025-10-21T13:01:25.756000+00:00,4741.291017798914
2025-10-21T14:01:07.731000+00:00,4707.904927756311
2025-10-21T15:01:22.729000+00:00,4869.9356791336095
2025-10-21T16:00:53.047000+00:00,4958.8661267578
2025-10-21T17:02:00.589000+00:00,4959.513126576195
2025-10-21T18:01:52.640000+00:00,4891.09675440723
2025-10-21T19:04:49.804000+00:00,4885.7851404614
2025-10-21T20:02:36.558000+00:00,4878.854192307263
2025-10-21T21:02:41.329000+00:00,4810.879902957127
2025-10-21T22:01:43.203000+00:00,4803.631163047432
2025-10-21T23:01:09.168000+00:00,4749.816684529284
2025-10-22T00:01:49.903000+00:00,4715.322697879851
2025-10-22T01:01:53.428000+00:00,4678.369814475789
2025-10-22T02:01:44.360000+00:00,4700.204828363669
2025-10-22T03:02:28.742000+00:00,4703.257725529377
2025-10-22T04:01:19.944000+00:00,4691.113344529382
2025-10-22T05:06:24.935000+00:00,4720.454379794953
2025-10-22T06:02:16.591000+00:00,4698.669001095861
2025-10-22T07:02:05.119000+00:00,4697.455470989324
2025-10-22T08:01:27.409000+00:00,4698.220467572704
2025-10-22T09:01:16.141000+00:00,4689.690419423259
2025-10-22T10:01:32.780000+00:00,4672.057868133285
2025-10-22T11:01:12.725000+00:00,4657.217566648651
2025-10-22T12:01:39.670000+00:00,4654.69836051154
2025-10-22T13:01:43.053000+00:00,4683.283027713174
2025-10-22T14:02:12.658000+00:00,4690.603637476862
2025-10-22T15:01:28.551000+00:00,4638.23213301563
2025-10-22T16:00:43.476000+00:00,4671.788591340428
2025-10-22T17:01:38.670000+00:00,4674.06768849854
2025-10-22T18:01:04.963000+00:00,4627.881709712677
2025-10-22T19:01:36.078000+00:00,4622.320501231844
2025-10-22T20:02:02.211000+00:00,4631.399274763273
2025-10-22T21:01:43.235000+00:00,4607.513487108718
2025-10-22T22:01:57.483000+00:00,4551.868288628991
2025-10-22T23:01:44.765000+00:00,4561.455364552852
2025-10-23T00:04:52.097000+00:00,4629.147978997135
2025-10-23T01:01:08.520000+00:00,4642.050346550078
2025-10-23T02:04:59.590000+00:00,4648.7436126631865
2025-10-23T03:02:17.709000+00:00,4650.918981476632
2025-10-23T04:01:43.946000+00:00,4657.767634997775
2025-10-23T05:02:19.254000+00:00,4669.542214797075
2025-10-23T06:01:01.361000+00:00,4682.30158296475
2025-10-23T07:01:00.851000+00:00,4731.212862941873
2025-10-23T08:01:59.420000+00:00,4726.946252186807
2025-10-23T09:02:08.550000+00:00,4741.5224060899955
2025-10-23T10:00:36.393000+00:00,4727.491965153104
2025-10-23T11:02:02.987000+00:00,4719.40249075553
2025-10-23T12:01:59.578000+00:00,4703.56477720113
2025-10-23T13:01:54.166000+00:00,4682.629450111663
2025-10-23T14:01:01.944000+00:00,4685.923009488501
2025-10-23T15:01:11.387000+00:00,4674.931466845114
2025-10-23T16:01:01.557000+00:00,4718.696230298228
2025-10-23T17:01:50.649000+00:00,4741.794420439751
2025-10-23T18:02:25.349000+00:00,4768.591377599725
2025-10-23T19:02:35.671000+00:00,4715.156956326543
2025-10-23T20:01:32.134000+00:00,4699.454085348236
2025-10-23T21:01:47.219000+00:00,4684.520708806642
2025-10-23T22:06:28.729000+00:00,4662.0818356871505
2025-10-23T23:01:03.889000+00:00,4687.066184187226
2025-10-24T00:01:51.298000+00:00,4692.6556509500115
2025-10-24T01:02:29.599000+00:00,4712.298171876248
2025-10-24T02:32:41.354000+00:00,4715.733921622189
2025-10-24T03:01:19.200000+00:00,4728.315177912269
2025-10-24T04:01:54.571000+00:00,4733.706293222016
2025-10-24T05:01:43.987000+00:00,4794.524180756787
2025-10-24T06:00:51.917000+00:00,4841.414837946627
2025-10-24T07:01:22.461000+00:00,4844.688515390524
2025-10-24T08:01:35.582000+00:00,4802.799895592651
2025-10-24T09:01:30.518000+00:00,4810.344419619962
2025-10-24T10:01:26.729000+00:00,4819.420656813727
2025-10-24T11:01:02.248000+00:00,4816.759348686896
2025-10-24T12:02:03.100000+00:00,4805.563621433637
2025-10-24T13:02:03.642000+00:00,4838.323025939178
2025-10-24T14:01:36.183000+00:00,4795.1762127995935
2025-10-24T15:01:54.481000+00:00,4744.169919435499
2025-10-24T16:00:18.453000+00:00,4744.618939257869
2025-10-24T17:01:07.663000+00:00,4728.257053674804
2025-10-24T18:01:38.484000+00:00,4736.90444577482
2025-10-24T19:01:48.206000+00:00,4762.193480829665
2025-10-24T20:01:43.511000+00:00,4782.31169896523
2025-10-24T21:01:37.838000+00:00,4791.759023986318
2025-10-24T22:01:44.002000+00:00,4796.3042644526495
2025-10-24T23:01:55.102000+00:00,4787.832961581792
2025-10-25T00:00:33.524000+00:00,4788.184118594768
2025-10-25T01:01:54.139000+00:00,4778.478910832822
2025-10-25T02:06:08.103000+00:00,4786.598985891938
2025-10-25T03:02:13.832000+00:00,4790.777202204137
2025-10-25T04:01:07.750000+00:00,4774.039080034533
2025-10-25T05:01:16.589000+00:00,4777.200472339034
2025-10-25T06:01:19.366000+00:00,4786.301921901406
2025-10-25T07:06:49.455000+00:00,4784.962341796756
2025-10-25T08:00:56.238000+00:00,4782.131394429646
2025-10-25T09:01:02.825000+00:00,4804.781056143372
2025-10-25T10:00:40.564000+00:00,4797.92603290054
2025-10-25T11:01:36.849000+00:00,4800.201359237278
2025-10-25T12:01:03.088000+00:00,4799.528841307564
2025-10-25T13:01:01.873000+00:00,4809.552581219796
2025-10-25T14:02:04.569000+00:00,4798.095652380981
2025-10-25T15:01:44.190000+00:00,4791.191565342921
2025-10-25T16:01:17.856000+00:00,4785.411850648509
2025-10-25T17:02:41.717000+00:00,4786.262563344849
2025-10-25T18:02:19.798000+00:00,4783.57846202798
2025-10-25T19:01:48.123000+00:00,4802.690417472052
2025-10-25T20:01:20.801000+00:00,4801.2198003347685
2025-10-25T21:00:21.899000+00:00,4797.093071538179
2025-10-25T22:01:50.516000+00:00,4802.722250480104
2025-10-25T23:01:36.976000+00:00,4826.08833450062
2025-10-26T00:00:58.246000+00:00,4811.976468720667
2025-10-26T01:01:56.270000+00:00,4813.70624613084
2025-10-26T02:01:36.469000+00:00,4807.8746203872615
2025-10-26T03:01:59.692000+00:00,4784.503228406152
2025-10-26T04:00:53.411000+00:00,4784.7733821481515
2025-10-26T05:02:10.603000+00:00,4794.764757950335
2025-10-26T06:02:05.808000+00:00,4803.171716290798
2025-10-26T07:01:10.091000+00:00,4802.006229432202
2025-10-26T08:01:12.146000+00:00,4812.725422297189
2025-10-26T09:02:19.282000+00:00,4820.8404333590415
2025-10-26T10:03:24.929000+00:00,4852.841960145594
2025-10-26T11:01:42.112000+00:00,4853.290105978088
2025-10-26T12:02:13.089000+00:00,4916.65565697524
2025-10-26T13:02:04.830000+00:00,4952.157012526281
2025-10-26T14:01:23.276000+00:00,4970.552163706754
2025-10-26T15:01:31.556000+00:00,4951.373556306291
2025-10-26T16:01:35.951000+00:00,4959.935946484711
2025-10-26T17:06:07.598000+00:00,4939.12567130295
2025-10-26T18:01:23.685000+00:00,4949.629981585493
2025-10-26T19:01:16.292000+00:00,4956.438239432455
2025-10-26T20:06:26.956000+00:00,4950.0831501512685
2025-10-26T21:01:47.353000+00:00,4951.836116884197
2025-10-26T22:01:37.193000+00:00,4971.149799124196
2025-10-26T23:02:31.589000+00:00,5069.756891975437
2025-10-27T00:01:11.171000+00:00,5069.3636899278035
2025-10-27T01:01:32.747000+00:00,5077.154137708733
2025-10-27T02:01:17.015000+00:00,5102.943422092324
2025-10-27T03:01:03.556000+00:00,5117.982889141902
2025-10-27T04:01:30.382000+00:00,5117.133304241563
2025-10-27T05:01:11.967000+00:00,5126.171447493657
2025-10-27T06:02:18.586000+00:00,5153.17959723528
2025-10-27T07:01:01.289000+00:00,5154.089857346206
2025-10-27T08:00:53.816000+00:00,5113.629140624697
2025-10-27T09:02:11.653000+00:00,5066.986485212049
2025-10-27T10:01:40.569000+00:00,5063.740518322707
2025-10-27T11:01:07.411000+00:00,5070.8187681483105
2025-10-27T12:01:17.323000+00:00,5064.75717447537
2025-10-27T13:01:05.790000+00:00,5047.858850432688
2025-10-27T14:00:55.795000+00:00,5081.5208213349215
2025-10-27T15:01:59.541000+00:00,5042.00518309879
2025-10-27T16:01:11.971000+00:00,5081.209288223352
2025-10-27T17:02:22.990000+00:00,5132.344791190107
2025-10-27T18:01:34.634000+00:00,5139.086490929825
2025-10-27T19:01:20.432000+00:00,5133.350789357338
2025-10-27T20:00:56.668000+00:00,5112.282754138553
2025-10-27T21:01:01.625000+00:00,5034.668902542282
2025-10-27T22:02:14.826000+00:00,5026.185990918079
2025-10-27T23:01:42.056000+00:00,5027.609727037053
2025-10-28T00:01:30.023000+00:00,5019.640531621207
2025-10-28T01:01:05.716000+00:00,5009.644429583104
2025-10-28T02:02:18.473000+00:00,5036.637617084559
2025-10-28T03:01:35.588000+00:00,4984.142195743511
2025-10-28T04:02:04.954000+00:00,4982.4916446964535
2025-10-28T05:01:53.913000+00:00,4997.862918159319
2025-10-28T06:01:38.285000+00:00,4957.471695115927
2025-10-28T07:01:13.956000+00:00,5003.641648835403
2025-10-28T08:01:38.224000+00:00,5011.050650500754
2025-10-28T09:02:02.957000+00:00,5025.215918406968
2025-10-28T10:01:09.511000+00:00,5021.368849601559
2025-10-28T11:02:02.274000+00:00,5011.637029358958
2025-10-28T12:01:44.155000+00:00,5008.863717258298
2025-10-28T13:06:38.487000+00:00,5018.576309621712
2025-10-28T14:02:03.313000+00:00,5058.363049430543
2025-10-28T15:01:04.643000+00:00,5014.14582531011
2025-10-28T16:00:39.481000+00:00,4990.128779320911
2025-10-28T17:01:48.212000+00:00,5040.21904513106
2025-10-28T18:00:56.168000+00:00,5040.955598179244
2025-10-28T19:01:49.082000+00:00,5008.06782753798
2025-10-28T20:01:07.897000+00:00,4914.741667774772
2025-10-28T21:01:45.317000+00:00,4843.813335604386
2025-10-28T22:06:25.930000+00:00,4844.7116709480915
2025-10-28T23:01:50.567000+00:00,4865.692928682242
2025-10-29T00:01:40.745000+00:00,4851.755677622111
2025-10-29T01:06:08.641000+00:00,4841.172702892268
2025-10-29T02:02:15.094000+00:00,4850.772268384073
2025-10-29T03:02:38.214000+00:00,4874.251772073222
2025-10-29T04:01:09.872000+00:00,4867.08793042686
2025-10-29T05:01:12.247000+00:00,4889.439667239058
2025-10-29T06:01:25.359000+00:00,4903.926907951782
2025-10-29T07:01:39.729000+00:00,4902.292866320116
2025-10-29T08:02:04.193000+00:00,4901.615646191012
2025-10-29T09:01:26.909000+00:00,4883.933636837577
2025-10-29T10:01:28.183000+00:00,4874.012392075674
2025-10-29T11:01:59.616000+00:00,4862.833722499303
2025-10-29T12:01:05.561000+00:00,4888.428020471964
2025-10-29T13:06:11.660000+00:00,4890.107881034204
2025-10-29T14:00:05.506000+00:00,4865.746276675662
2025-10-29T15:01:11.269000+00:00,4851.178053922013
2025-10-29T16:02:03.445000+00:00,4809.651641574907
2025-10-29T17:01:10.240000+00:00,4828.1035248489015
2025-10-29T18:02:27.221000+00:00,4875.65058539031
2025-10-29T19:01:42.868000+00:00,4793.970386611405
2025-10-29T20:01:46.590000+00:00,4773.07615044525
2025-10-29T21:01:25.268000+00:00,4808.508013980589
2025-10-29T22:01:34.111000+00:00,4820.713123131741
2025-10-29T23:01:36.707000+00:00,4807.102415578259
2025-10-30T00:01:02.596000+00:00,4753.0835524556205
2025-10-30T01:06:44.808000+00:00,4767.378569531356
2025-10-30T02:01:12.605000+00:00,4786.69640840828
2025-10-30T03:01:37.571000+00:00,4803.671869813371
2025-10-30T04:04:57.216000+00:00,4790.342639318996
2025-10-30T05:01:22.765000+00:00,4732.456841664995
2025-10-30T06:01:49.565000+00:00,4770.18347254378
2025-10-30T07:01:24.802000+00:00,4781.087425678694
2025-10-30T08:01:44.107000+00:00,4792.870054280616
2025-10-30T09:01:59.469000+00:00,4785.050882743922
2025-10-30T10:01:53.600000+00:00,4753.730987289176
2025-10-30T11:01:03.770000+00:00,4740.1227197765675
2025-10-30T12:01:26.198000+00:00,4729.680672952776
2025-10-30T13:00:38.883000+00:00,4644.8011639494225
