datetime_utc,price_in_eth
2025-08-01T14:00:00+00:00,0.00032147947885419664
2025-08-01T15:00:00+00:00,0.0003187418346613811
2025-08-01T16:00:00+00:00,0.00031959004363843533
2025-08-01T17:00:00+00:00,0.00032272454746462245
2025-08-01T18:00:00+00:00,0.00032259731242642825
2025-08-01T19:00:00+00:00,0.00032396511258553915
2025-08-01T20:00:00+00:00,0.000328773393180803
2025-08-01T21:00:00+00:00,0.000326957451119474
2025-08-01T22:00:00+00:00,0.00032673911618388276
2025-08-01T23:00:00+00:00,0.0003342648578753864
2025-08-02T00:00:00+00:00,0.0003315877908895295
2025-08-02T01:00:00+00:00,0.0003291344679184057
2025-08-02T02:00:00+00:00,0.0003296620990323176
2025-08-02T03:00:00+00:00,0.0003283908486413393
2025-08-02T04:00:00+00:00,0.0003281994035970108
2025-08-02T05:00:00+00:00,0.000327510439245779
2025-08-02T06:00:00+00:00,0.00032889160914045606
2025-08-02T07:00:00+00:00,0.0003329300850377095
2025-08-02T08:00:00+00:00,0.000329111374497546
2025-08-02T09:00:00+00:00,0.0003312969497091494
2025-08-02T10:00:00+00:00,0.0003313357141945707
2025-08-02T11:00:00+00:00,0.0003314245941976053
2025-08-02T12:00:00+00:00,0.00032983714774426277
2025-08-02T13:00:00+00:00,0.0003296633382995865
2025-08-02T14:00:00+00:00,0.0003296457640989896
2025-08-02T15:00:00+00:00,0.0003327474142412681
2025-08-02T16:00:00+00:00,0.0003345091143034844
2025-08-02T17:00:00+00:00,0.0003335423944976573
2025-08-02T18:00:00+00:00,0.00033786986062313116
2025-08-02T19:00:00+00:00,0.00034234426441786566
2025-08-02T20:00:00+00:00,0.00034007054102598463
2025-08-02T21:00:00+00:00,0.00033888496927076593
2025-08-02T22:00:00+00:00,0.00033836357576408756
2025-08-02T23:00:00+00:00,0.00033884189642563613
2025-08-03T00:00:00+00:00,0.0003403981832615193
2025-08-03T01:00:00+00:00,0.0003398355656637122
2025-08-03T02:00:00+00:00,0.0003389453471251579
2025-08-03T03:00:00+00:00,0.00033637239541671986
2025-08-03T04:00:00+00:00,0.00033586073867725033
2025-08-03T05:00:00+00:00,0.00033654643069739063
2025-08-03T06:00:00+00:00,0.0003361070447177296
2025-08-03T07:00:00+00:00,0.0003361211974482009
2025-08-03T08:00:00+00:00,0.00033463216655573043
2025-08-03T09:00:00+00:00,0.00033434910816793404
2025-08-03T10:00:00+00:00,0.0003337801770636959
2025-08-03T11:00:00+00:00,0.0003314861343869682
2025-08-03T12:00:00+00:00,0.0003315020944818393
2025-08-03T13:00:00+00:00,0.00033047364689294873
2025-08-03T14:00:00+00:00,0.00033100444945485666
2025-08-03T15:00:00+00:00,0.00033257480161159983
2025-08-03T16:00:00+00:00,0.0003327344139137353
2025-08-03T17:00:00+00:00,0.0003309849380299096
2025-08-03T18:00:00+00:00,0.0003312865242793789
2025-08-03T19:00:00+00:00,0.00033070707986747707
2025-08-03T20:00:00+00:00,0.00033040127439344625
2025-08-03T21:00:00+00:00,0.00033125912892801413
2025-08-03T22:00:00+00:00,0.0003305768559749137
2025-08-03T23:00:00+00:00,0.00033003170179380216
2025-08-04T00:00:00+00:00,0.00033081246419648376
2025-08-04T01:00:00+00:00,0.00032579899969570905
2025-08-04T02:00:00+00:00,0.0003266006742657322
2025-08-04T03:00:00+00:00,0.00032438399277690525
2025-08-04T04:00:00+00:00,0.00032505386953117016
2025-08-04T05:00:00+00:00,0.0003269307692350307
2025-08-04T06:00:00+00:00,0.0003274407127566581
2025-08-04T07:00:00+00:00,0.0003266850122103847
2025-08-04T08:00:00+00:00,0.0003252134476194062
2025-08-04T09:00:00+00:00,0.0003253737588010813
2025-08-04T10:00:00+00:00,0.00032574354877335307
2025-08-04T11:00:00+00:00,0.000325084974657936
2025-08-04T12:00:00+00:00,0.0003251566839420129
2025-08-04T13:00:00+00:00,0.0003240506125379147
2025-08-04T14:00:00+00:00,0.0003198292417516663
2025-08-04T15:00:00+00:00,0.0003176348718239914
2025-08-04T16:00:00+00:00,0.0003170650861975525
2025-08-04T17:00:00+00:00,0.0003136131682093222
2025-08-04T18:00:00+00:00,0.00031380996296052985
2025-08-04T19:00:00+00:00,0.000314519994069117
2025-08-04T20:00:00+00:00,0.00031547287783431605
2025-08-04T21:00:00+00:00,0.00031237635457733907
2025-08-04T22:00:00+00:00,0.00031103223048674475
2025-08-04T23:00:00+00:00,0.0003102117855691706
2025-08-05T00:00:00+00:00,0.00031153002166335787
2025-08-05T01:00:00+00:00,0.00031274694965937846
2025-08-05T02:00:00+00:00,0.0003138650755744116
2025-08-05T03:00:00+00:00,0.00031413123635250695
2025-08-05T04:00:00+00:00,0.00031631390757808764
2025-08-05T05:00:00+00:00,0.0003165835021966242
2025-08-05T06:00:00+00:00,0.00031465411945326584
2025-08-05T07:00:00+00:00,0.00031656979354439675
2025-08-05T08:00:00+00:00,0.000319394089332614
2025-08-05T09:00:00+00:00,0.0003173501220257592
2025-08-05T10:00:00+00:00,0.00031538895292208905
2025-08-05T11:00:00+00:00,0.00031379897767636576
2025-08-05T12:00:00+00:00,0.00031427512296920864
2025-08-05T13:00:00+00:00,0.0003177482702994622
2025-08-05T14:00:00+00:00,0.00031620133522247814
2025-08-05T15:00:00+00:00,0.00032337407524788423
2025-08-05T16:00:00+00:00,0.00032486391933298457
2025-08-05T17:00:00+00:00,0.0003234375777331448
2025-08-05T18:00:00+00:00,0.00032133193062916607
2025-08-05T19:00:00+00:00,0.0003237609650754692
2025-08-05T20:00:00+00:00,0.0003238825999984793
2025-08-05T21:00:00+00:00,0.00032336047491648463
2025-08-05T22:00:00+00:00,0.0003250367436897585
2025-08-05T23:00:00+00:00,0.0003215322587614572
2025-08-06T00:00:00+00:00,0.0003204515459729078
2025-08-06T01:00:00+00:00,0.00032351886719264963
2025-08-06T02:00:00+00:00,0.0003222237669201353
2025-08-06T03:00:00+00:00,0.0003222753510822529
2025-08-06T04:00:00+00:00,0.0003230910159905012
2025-08-06T05:00:00+00:00,0.00032391689205923946
2025-08-06T06:00:00+00:00,0.00031874595969347025
2025-08-06T07:00:00+00:00,0.00031863126641775184
2025-08-06T08:00:00+00:00,0.0003182212062269662
2025-08-06T09:00:00+00:00,0.0003197101901306068
2025-08-06T10:00:00+00:00,0.00031935090326117943
2025-08-06T11:00:00+00:00,0.0003205024896107533
2025-08-06T12:00:00+00:00,0.0003205796353998691
2025-08-06T13:00:00+00:00,0.00032390425161451326
2025-08-06T14:00:00+00:00,0.0003214690040719542
2025-08-06T15:00:00+00:00,0.00032037636189027007
2025-08-06T16:00:00+00:00,0.00031754359821136927
2025-08-06T17:00:00+00:00,0.0003189599899442809
2025-08-06T18:00:00+00:00,0.0003161791580701753
2025-08-06T19:00:00+00:00,0.00031671485638450796
2025-08-06T20:00:00+00:00,0.0003169417972946807
2025-08-06T21:00:00+00:00,0.0003169633619941735
2025-08-06T22:00:00+00:00,0.0003177831377288369
2025-08-06T23:00:00+00:00,0.0003169540972500546
2025-08-07T00:00:00+00:00,0.000316477884041682
2025-08-07T01:00:00+00:00,0.0003171541094585183
2025-08-07T02:00:00+00:00,0.00031779389862892705
2025-08-07T03:00:00+00:00,0.00031852179019883247
2025-08-07T04:00:00+00:00,0.00031848794287888917
2025-08-07T05:00:00+00:00,0.0003184842077131474
2025-08-07T06:00:00+00:00,0.0003164305229954779
2025-08-07T07:00:00+00:00,0.00031552171025543674
2025-08-07T08:00:00+00:00,0.00031509702147158115
2025-08-07T09:00:00+00:00,0.00031379667113472026
2025-08-07T10:00:00+00:00,0.0003117671061146042
2025-08-07T11:00:00+00:00,0.00030533424673590177
2025-08-07T12:00:00+00:00,0.00030380630695993674
2025-08-07T13:00:00+00:00,0.00030305485517890884
2025-08-07T14:00:00+00:00,0.0003021312473321956
2025-08-07T15:00:00+00:00,0.00030439775378818837
2025-08-07T16:00:00+00:00,0.0003031864009702383
2025-08-07T17:00:00+00:00,0.0003049657313539293
2025-08-07T18:00:00+00:00,0.00030409638507772086
2025-08-07T19:00:00+00:00,0.0003038418713774108
2025-08-07T20:00:00+00:00,0.0003018211630307286
2025-08-07T21:00:00+00:00,0.00030125191937877444
2025-08-07T22:00:00+00:00,0.0003012065655415943
2025-08-07T23:00:00+00:00,0.0002978583317034299
2025-08-08T00:00:00+00:00,0.00029887722985347064
2025-08-08T01:00:00+00:00,0.0002990346136457159
2025-08-08T02:00:00+00:00,0.00030001692772046735
2025-08-08T03:00:00+00:00,0.00029897160441663776
2025-08-08T04:00:00+00:00,0.0002965374736874502
2025-08-08T05:00:00+00:00,0.00029718503119174086
2025-08-08T06:00:00+00:00,0.0002982203028855373
2025-08-08T07:00:00+00:00,0.00029781168609378187
2025-08-08T08:00:00+00:00,0.00029732764813771576
2025-08-08T09:00:00+00:00,0.0002989020146543841
2025-08-08T10:00:00+00:00,0.0002984744979357125
2025-08-08T11:00:00+00:00,0.00029851478012122727
2025-08-08T12:00:00+00:00,0.00029725272781274
2025-08-08T13:00:00+00:00,0.00029873243881361084
2025-08-08T14:00:00+00:00,0.00029153643962938515
2025-08-08T15:00:00+00:00,0.0002934912655320911
2025-08-08T16:00:00+00:00,0.0002955617750913384
2025-08-08T17:00:00+00:00,0.000293724754571938
2025-08-08T18:00:00+00:00,0.00028928614544759525
2025-08-08T19:00:00+00:00,0.0002877635334734442
2025-08-08T20:00:00+00:00,0.0002870501096831775
2025-08-08T21:00:00+00:00,0.0002870073802074664
2025-08-08T22:00:00+00:00,0.0002880702416848961
2025-08-08T23:00:00+00:00,0.0002892152600077642
2025-08-09T00:00:00+00:00,0.0002902716258106315
2025-08-09T01:00:00+00:00,0.0002901675765610186
2025-08-09T02:00:00+00:00,0.00028895684417768835
2025-08-09T03:00:00+00:00,0.0002888572782802081
2025-08-09T04:00:00+00:00,0.0002876995923067794
2025-08-09T05:00:00+00:00,0.00028561430178151336
2025-08-09T06:00:00+00:00,0.0002796982517111254
2025-08-09T07:00:00+00:00,0.0002804619546388808
2025-08-09T08:00:00+00:00,0.00027980630995788673
2025-08-09T09:00:00+00:00,0.0002791027921487314
2025-08-09T10:00:00+00:00,0.0002764313767770357
2025-08-09T11:00:00+00:00,0.000276798128680149
2025-08-09T12:00:00+00:00,0.0002785359257913887
2025-08-09T13:00:00+00:00,0.0002781350110338346
2025-08-09T14:00:00+00:00,0.00028010770490320404
2025-08-09T15:00:00+00:00,0.0002783181135441795
2025-08-09T16:00:00+00:00,0.00027790173271040325
2025-08-09T17:00:00+00:00,0.00027770658136999155
2025-08-09T18:00:00+00:00,0.0002763365252142618
2025-08-09T19:00:00+00:00,0.0002755534484380688
2025-08-09T20:00:00+00:00,0.0002742849888176942
2025-08-09T21:00:00+00:00,0.0002729014345423691
2025-08-09T22:00:00+00:00,0.0002727957203347744
2025-08-09T23:00:00+00:00,0.0002741723475762909
2025-08-10T00:00:00+00:00,0.00027408018135282675
2025-08-10T01:00:00+00:00,0.0002719335332296872
2025-08-10T02:00:00+00:00,0.0002721389444556154
2025-08-10T03:00:00+00:00,0.0002749492641492151
2025-08-10T04:00:00+00:00,0.0002761113173200854
2025-08-10T05:00:00+00:00,0.0002753820982906053
2025-08-10T06:00:00+00:00,0.00027700499325842827
2025-08-10T07:00:00+00:00,0.00027708866598154285
2025-08-10T08:00:00+00:00,0.00027974368354590276
2025-08-10T09:00:00+00:00,0.0002781518540718499
2025-08-10T10:00:00+00:00,0.00027737950600711307
2025-08-10T11:00:00+00:00,0.00027911989561532174
2025-08-10T12:00:00+00:00,0.00027997343403827595
2025-08-10T13:00:00+00:00,0.000278813608872222
2025-08-10T14:00:00+00:00,0.0002805688784790008
2025-08-10T15:00:00+00:00,0.0002774987724686039
2025-08-10T16:00:00+00:00,0.0002775609216017472
2025-08-10T17:00:00+00:00,0.00027654741861072977
2025-08-10T18:00:00+00:00,0.0002765001943240403
2025-08-10T19:00:00+00:00,0.0002763490623325944
2025-08-10T20:00:00+00:00,0.00027537911823303157
2025-08-10T21:00:00+00:00,0.0002777136236034729
2025-08-10T22:00:00+00:00,0.0002763919738799823
2025-08-10T23:00:00+00:00,0.0002750555858790067
2025-08-11T00:00:00+00:00,0.00027440026907305046
2025-08-11T01:00:00+00:00,0.0002729748325999174
2025-08-11T02:00:00+00:00,0.0002709824837483531
2025-08-11T03:00:00+00:00,0.0002715180304521025
2025-08-11T04:00:00+00:00,0.00027103526974786026
2025-08-11T05:00:00+00:00,0.000270287924505649
2025-08-11T06:00:00+00:00,0.0002714426597991316
2025-08-11T07:00:00+00:00,0.00027172741686494527
2025-08-11T08:00:00+00:00,0.00027354574383130285
2025-08-11T09:00:00+00:00,0.0002728718743188703
2025-08-11T10:00:00+00:00,0.00027352636924904433
2025-08-11T11:00:00+00:00,0.0002750098453094077
2025-08-11T12:00:00+00:00,0.0002780086001519381
2025-08-11T13:00:00+00:00,0.00027809273797274077
2025-08-11T14:00:00+00:00,0.0002712367736973911
2025-08-11T15:00:00+00:00,0.0002712441777775896
2025-08-11T16:00:00+00:00,0.00026825386463476253
2025-08-11T17:00:00+00:00,0.0002688703301161373
2025-08-11T18:00:00+00:00,0.0002702788063212336
2025-08-11T19:00:00+00:00,0.00027040874638002493
2025-08-11T20:00:00+00:00,0.00027295895530261307
2025-08-11T21:00:00+00:00,0.0002734481340427416
2025-08-11T22:00:00+00:00,0.0002758302630965566
2025-08-11T23:00:00+00:00,0.00027470495477807937
2025-08-12T00:00:00+00:00,0.00027447053563038246
2025-08-12T01:00:00+00:00,0.00027374794630014737
2025-08-12T02:00:00+00:00,0.0002720723125890812
2025-08-12T03:00:00+00:00,0.00027050646732043035
2025-08-12T04:00:00+00:00,0.0002711050933604354
2025-08-12T05:00:00+00:00,0.00027023284237694323
2025-08-12T06:00:00+00:00,0.0002706665634332347
2025-08-12T07:00:00+00:00,0.0002703316664497421
2025-08-12T08:00:00+00:00,0.0002696128816500451
2025-08-12T09:00:00+00:00,0.0002693124984199879
2025-08-12T10:00:00+00:00,0.0002709353331653411
2025-08-12T11:00:00+00:00,0.00027117273697500606
2025-08-12T12:00:00+00:00,0.00027056904770018746
2025-08-12T13:00:00+00:00,0.0002649976583761963
2025-08-12T14:00:00+00:00,0.00026623012222118256
2025-08-12T15:00:00+00:00,0.00026386170143791106
2025-08-12T16:00:00+00:00,0.0002610065107758722
2025-08-12T17:00:00+00:00,0.0002618323998915509
2025-08-12T18:00:00+00:00,0.00025988899695690354
2025-08-12T19:00:00+00:00,0.00026001522525199365
2025-08-12T20:00:00+00:00,0.00025928064807566445
2025-08-12T21:00:00+00:00,0.0002537750175994247
2025-08-12T22:00:00+00:00,0.00025566073949944194
2025-08-12T23:00:00+00:00,0.0002555316900900486
2025-08-13T00:00:00+00:00,0.00025426215146317496
2025-08-13T01:00:00+00:00,0.00025274469004508694
2025-08-13T02:00:00+00:00,0.0002552299912964897
2025-08-13T03:00:00+00:00,0.00025272883641603157
2025-08-13T04:00:00+00:00,0.0002515376386647731
2025-08-13T05:00:00+00:00,0.0002504589071731976
2025-08-13T06:00:00+00:00,0.00025228047658550003
2025-08-13T07:00:00+00:00,0.0002529448873767147
2025-08-13T08:00:00+00:00,0.0002533211901905357
2025-08-13T09:00:00+00:00,0.0002534549344313558
2025-08-13T10:00:00+00:00,0.0002500339278431653
2025-08-13T11:00:00+00:00,0.0002494657354658311
2025-08-13T12:00:00+00:00,0.0002499695996440074
2025-08-13T13:00:00+00:00,0.0002499954632833766
2025-08-13T14:00:00+00:00,0.00025016442738473105
2025-08-13T15:00:00+00:00,0.00025204264136096055
2025-08-13T16:00:00+00:00,0.0002506168067495258
2025-08-13T17:00:00+00:00,0.00024953657429883604
2025-08-13T18:00:00+00:00,0.00024867607027883194
2025-08-13T19:00:00+00:00,0.0002485872940111205
2025-08-13T20:00:00+00:00,0.0002475020436466128
2025-08-13T21:00:00+00:00,0.00024831038463674917
2025-08-13T22:00:00+00:00,0.0002488062836584937
2025-08-13T23:00:00+00:00,0.00024648877922736574
2025-08-14T00:00:00+00:00,0.00024743125346381124
2025-08-14T01:00:00+00:00,0.0002489917885147765
2025-08-14T02:00:00+00:00,0.00024782799611398605
2025-08-14T03:00:00+00:00,0.00024654726718819215
2025-08-14T04:00:00+00:00,0.00024549535759197397
2025-08-14T05:00:00+00:00,0.00024618608313407527
2025-08-14T06:00:00+00:00,0.00024759825929222037
2025-08-14T07:00:00+00:00,0.00024506079752485764
2025-08-14T08:00:00+00:00,0.00024648875552004345
2025-08-14T09:00:00+00:00,0.0002466036716855048
2025-08-14T10:00:00+00:00,0.00024565146719878394
2025-08-14T11:00:00+00:00,0.0002487360331643935
2025-08-14T12:00:00+00:00,0.00024721276310043453
2025-08-14T13:00:00+00:00,0.00025399929226230104
2025-08-14T14:00:00+00:00,0.0002532031051064374
2025-08-14T15:00:00+00:00,0.00025020150251534517
2025-08-14T16:00:00+00:00,0.0002520249092459176
2025-08-14T17:00:00+00:00,0.000256365565874201
2025-08-14T18:00:00+00:00,0.00025620836707237186
2025-08-14T19:00:00+00:00,0.0002566186043952545
2025-08-14T20:00:00+00:00,0.0002562883024248385
2025-08-14T21:00:00+00:00,0.00025701045313908643
2025-08-14T22:00:00+00:00,0.0002605518122946594
2025-08-14T23:00:00+00:00,0.0002567461406186189
2025-08-15T00:00:00+00:00,0.0002554175150355512
2025-08-15T01:00:00+00:00,0.00025468368802081443
2025-08-15T02:00:00+00:00,0.00025292796715896816
2025-08-15T03:00:00+00:00,0.0002518283292408524
2025-08-15T04:00:00+00:00,0.0002513783705083056
2025-08-15T05:00:00+00:00,0.0002517994050769634
2025-08-15T06:00:00+00:00,0.00025177413252874104
2025-08-15T07:00:00+00:00,0.00025079325861054
2025-08-15T08:00:00+00:00,0.0002513405119867599
2025-08-15T09:00:00+00:00,0.00025133392124296203
2025-08-15T10:00:00+00:00,0.00025229970425666415
2025-08-15T11:00:00+00:00,0.0002516706561333651
2025-08-15T12:00:00+00:00,0.000251736289550027
2025-08-15T13:00:00+00:00,0.0002521913409034466
2025-08-15T14:00:00+00:00,0.00025724054816184366
2025-08-15T15:00:00+00:00,0.0002603284777061426
2025-08-15T16:00:00+00:00,0.0002633015508165025
2025-08-15T17:00:00+00:00,0.0002649543401707086
2025-08-15T18:00:00+00:00,0.0002632600970850882
2025-08-15T19:00:00+00:00,0.0002656815018102791
2025-08-15T20:00:00+00:00,0.00026644587717156344
2025-08-15T21:00:00+00:00,0.000264059286265574
2025-08-15T22:00:00+00:00,0.0002640201294422931
2025-08-15T23:00:00+00:00,0.0002607522146098743
2025-08-16T00:00:00+00:00,0.00026377400352338285
2025-08-16T01:00:00+00:00,0.0002612676568348728
2025-08-16T02:00:00+00:00,0.00026047499322822624
2025-08-16T03:00:00+00:00,0.0002628611130557763
2025-08-16T04:00:00+00:00,0.00026351928402864336
2025-08-16T05:00:00+00:00,0.0002624922890200574
2025-08-16T06:00:00+00:00,0.000264141879600091
2025-08-16T07:00:00+00:00,0.00026426870468101933
2025-08-16T08:00:00+00:00,0.0002624109534630562
2025-08-16T09:00:00+00:00,0.0002627903579757972
2025-08-16T10:00:00+00:00,0.00026507217942092293
2025-08-16T11:00:00+00:00,0.00026518709009769336
2025-08-16T12:00:00+00:00,0.00026656870548351765
2025-08-16T13:00:00+00:00,0.0002649251046422713
2025-08-16T14:00:00+00:00,0.0002655371183521845
2025-08-16T15:00:00+00:00,0.00026476515457947306
2025-08-16T16:00:00+00:00,0.00026540387336780407
2025-08-16T17:00:00+00:00,0.00026493434812255697
2025-08-16T18:00:00+00:00,0.0002652014036638906
2025-08-16T19:00:00+00:00,0.0002647973139487694
2025-08-16T20:00:00+00:00,0.00026423201879045545
2025-08-16T21:00:00+00:00,0.0002635985215856737
2025-08-16T22:00:00+00:00,0.0002645747915064628
2025-08-16T23:00:00+00:00,0.00026424402879596465
2025-08-17T00:00:00+00:00,0.00026421188441100947
2025-08-17T01:00:00+00:00,0.0002645684235355218
2025-08-17T02:00:00+00:00,0.00026493426903077436
2025-08-17T03:00:00+00:00,0.00026350117119566184
2025-08-17T04:00:00+00:00,0.00026247244819203706
2025-08-17T05:00:00+00:00,0.00026103467723535205
2025-08-17T06:00:00+00:00,0.0002611389396646223
2025-08-17T07:00:00+00:00,0.0002621741311218759
2025-08-17T08:00:00+00:00,0.000261653764028542
2025-08-17T09:00:00+00:00,0.00025809880647319986
2025-08-17T10:00:00+00:00,0.00025751767719252685
2025-08-17T11:00:00+00:00,0.00025634288318660366
2025-08-17T12:00:00+00:00,0.0002568002418411206
2025-08-17T13:00:00+00:00,0.0002574669839075359
2025-08-17T14:00:00+00:00,0.0002575737324482891
2025-08-17T15:00:00+00:00,0.00025658036341815474
2025-08-17T16:00:00+00:00,0.00025616567136269394
2025-08-17T17:00:00+00:00,0.00025812807834272336
2025-08-17T18:00:00+00:00,0.00025832191116098916
2025-08-17T19:00:00+00:00,0.0002603897628083031
2025-08-17T20:00:00+00:00,0.00026242495256353866
2025-08-17T21:00:00+00:00,0.0002615689784897434
2025-08-17T22:00:00+00:00,0.00026126555984634365
2025-08-17T23:00:00+00:00,0.00025851520265256185
2025-08-18T00:00:00+00:00,0.00026101040334466056
2025-08-18T01:00:00+00:00,0.0002623691157608261
2025-08-18T02:00:00+00:00,0.0002656012478178131
2025-08-18T03:00:00+00:00,0.0002692985503589257
2025-08-18T04:00:00+00:00,0.00027091108890609975
2025-08-18T05:00:00+00:00,0.0002694125179281555
2025-08-18T06:00:00+00:00,0.0002714406207937806
2025-08-18T07:00:00+00:00,0.00027476182741367457
2025-08-18T09:00:00+00:00,0.0002743734234310451
2025-08-18T10:00:00+00:00,0.0002717297469165826
2025-08-18T11:00:00+00:00,0.0002737962762268694
2025-08-18T12:00:00+00:00,0.00027269671119719077
2025-08-18T13:00:00+00:00,0.0002685966825049416
2025-08-18T14:00:00+00:00,0.00027110121319269634
2025-08-18T15:00:00+00:00,0.00026885805494027094
2025-08-18T16:00:00+00:00,0.0002681966090619627
2025-08-18T17:00:00+00:00,0.00026937794886440714
2025-08-18T18:00:00+00:00,0.000266811865322827
2025-08-18T19:00:00+00:00,0.0002665692613156338
2025-08-18T20:00:00+00:00,0.00026767410708175945
2025-08-18T21:00:00+00:00,0.00026866704484508733
2025-08-18T22:00:00+00:00,0.0002677948891486095
2025-08-18T23:00:00+00:00,0.00026846479217129297
2025-08-19T00:00:00+00:00,0.00027008149100927445
2025-08-19T01:00:00+00:00,0.00026810004973244734
2025-08-19T02:00:00+00:00,0.00027121570741737354
2025-08-19T03:00:00+00:00,0.0002715849861341018
2025-08-19T04:00:00+00:00,0.00027603439281850947
2025-08-19T05:00:00+00:00,0.00027567656839187364
2025-08-19T06:00:00+00:00,0.0002752151537983793
2025-08-19T07:00:00+00:00,0.0002752661303400103
2025-08-19T08:00:00+00:00,0.00027567276804238205
2025-08-19T09:00:00+00:00,0.0002740157026903975
2025-08-19T10:00:00+00:00,0.00027249956697710903
2025-08-19T11:00:00+00:00,0.00027226847941880505
2025-08-19T12:00:00+00:00,0.0002710702605005102
2025-08-19T13:00:00+00:00,0.0002709788896885307
2025-08-19T14:00:00+00:00,0.00027195631057373937
2025-08-19T15:00:00+00:00,0.000277349035467098
2025-08-19T16:00:00+00:00,0.0002781024714579367
2025-08-19T17:00:00+00:00,0.0002810724409887025
2025-08-19T18:00:00+00:00,0.0002784221358266268
2025-08-19T19:00:00+00:00,0.0002813228085382386
2025-08-19T20:00:00+00:00,0.0002805465468828287
2025-08-19T21:00:00+00:00,0.00028001610092670846
2025-08-19T22:00:00+00:00,0.0002805486501817561
2025-08-19T23:00:00+00:00,0.00028183960243147204
2025-08-20T00:00:00+00:00,0.0002852929841628686
2025-08-20T01:00:00+00:00,0.0002832441742065673
2025-08-20T02:00:00+00:00,0.00028259301920456083
2025-08-20T03:00:00+00:00,0.00028106603322251893
2025-08-20T04:00:00+00:00,0.00028110955731558174
2025-08-20T05:00:00+00:00,0.0002790310301264637
2025-08-20T06:00:00+00:00,0.0002782475902343376
2025-08-20T07:00:00+00:00,0.00027812372207587627
2025-08-20T08:00:00+00:00,0.00027754741573607556
2025-08-20T09:00:00+00:00,0.00027466927871893824
2025-08-20T10:00:00+00:00,0.0002757153766214443
2025-08-20T11:00:00+00:00,0.0002753991113866248
2025-08-20T12:00:00+00:00,0.00027696757324565047
2025-08-20T13:00:00+00:00,0.00027725620348531207
2025-08-20T14:00:00+00:00,0.00028136390664516874
2025-08-20T15:00:00+00:00,0.00027648958146779876
2025-08-20T16:00:00+00:00,0.00027378703147560386
2025-08-20T17:00:00+00:00,0.0002708176256946508
2025-08-20T18:00:00+00:00,0.0002685348512778248
2025-08-20T19:00:00+00:00,0.0002705072808056571
2025-08-20T20:00:00+00:00,0.0002683652701695533
2025-08-20T21:00:00+00:00,0.0002674466815736808
2025-08-20T22:00:00+00:00,0.0002675104195581356
2025-08-20T23:00:00+00:00,0.00026723351175859613
2025-08-21T00:00:00+00:00,0.0002686390839430571
2025-08-21T01:00:00+00:00,0.0002694663559912319
2025-08-21T02:00:00+00:00,0.0002686938839744295
2025-08-21T03:00:00+00:00,0.0002712009249212134
2025-08-21T04:00:00+00:00,0.00027089502296355256
2025-08-21T05:00:00+00:00,0.00027108248175524693
2025-08-21T06:00:00+00:00,0.00026993049269540665
2025-08-21T07:00:00+00:00,0.00027044454088311824
2025-08-21T08:00:00+00:00,0.00027039491356173296
2025-08-21T09:00:00+00:00,0.0002715472803403608
2025-08-21T10:00:00+00:00,0.00027254803920215834
2025-08-21T11:00:00+00:00,0.0002714878183703866
2025-08-21T12:00:00+00:00,0.00027194619483997083
2025-08-21T13:00:00+00:00,0.0002743642485989172
2025-08-21T14:00:00+00:00,0.0002727022553303039
2025-08-21T15:00:00+00:00,0.0002718589030239533
2025-08-21T16:00:00+00:00,0.00027350674217354763
2025-08-21T17:00:00+00:00,0.000275043535794084
2025-08-21T18:00:00+00:00,0.0002738302862584236
2025-08-21T19:00:00+00:00,0.0002724178403297453
2025-08-21T20:00:00+00:00,0.00027462712206947817
2025-08-21T21:00:00+00:00,0.0002731640575545182
2025-08-21T22:00:00+00:00,0.00027349076055897326
2025-08-21T23:00:00+00:00,0.00027328810284357464
2025-08-22T00:00:00+00:00,0.00027491826034478395
2025-08-22T01:00:00+00:00,0.00027404099571789846
2025-08-22T02:00:00+00:00,0.00027262354678223076
2025-08-22T03:00:00+00:00,0.00027056304393900253
2025-08-22T04:00:00+00:00,0.0002710716128350925
2025-08-22T05:00:00+00:00,0.00027062460929010135
2025-08-22T06:00:00+00:00,0.00027020050033130043
2025-08-22T07:00:00+00:00,0.0002698257094812317
2025-08-22T08:00:00+00:00,0.00026711726708965306
2025-08-22T09:00:00+00:00,0.000267512217737355
2025-08-22T10:00:00+00:00,0.0002679011189184363
2025-08-22T11:00:00+00:00,0.00026976647168411625
2025-08-22T12:00:00+00:00,0.0002714184101411337
2025-08-22T13:00:00+00:00,0.0002730247369618025
2025-08-22T14:00:00+00:00,0.0002703523327999401
2025-08-22T15:00:00+00:00,0.00025323896388042554
2025-08-22T16:00:00+00:00,0.00025214831415689494
2025-08-22T17:00:00+00:00,0.0002468312299297509
2025-08-22T18:00:00+00:00,0.00024436355992255574
2025-08-22T19:00:00+00:00,0.00024505709865419584
2025-08-22T20:00:00+00:00,0.0002428289629059774
2025-08-22T21:00:00+00:00,0.00024247427453705765
2025-08-22T22:00:00+00:00,0.0002422359585761791
2025-08-22T23:00:00+00:00,0.00024480412182504847
2025-08-23T00:00:00+00:00,0.00024373456719479345
2025-08-23T01:00:00+00:00,0.00024466044493554994
2025-08-23T02:00:00+00:00,0.0002461882105374128
2025-08-23T03:00:00+00:00,0.0002500430568350545
2025-08-23T04:00:00+00:00,0.00025074713067605006
2025-08-23T05:00:00+00:00,0.00024864895398830466
2025-08-23T06:00:00+00:00,0.0002477785028740339
2025-08-23T07:00:00+00:00,0.00024805393935303517
2025-08-23T08:00:00+00:00,0.0002497425203193525
2025-08-23T09:00:00+00:00,0.00024944189736998934
2025-08-23T10:00:00+00:00,0.0002488665773596719
2025-08-23T11:00:00+00:00,0.0002501693361818973
2025-08-23T12:00:00+00:00,0.00024999079965666945
2025-08-23T13:00:00+00:00,0.00024998114931140957
2025-08-23T14:00:00+00:00,0.00024959814079453436
2025-08-23T15:00:00+00:00,0.0002491243234512415
2025-08-23T16:00:00+00:00,0.000247882901572081
2025-08-23T17:00:00+00:00,0.0002484050872935939
2025-08-23T18:00:00+00:00,0.00024822959937097433
2025-08-23T19:00:00+00:00,0.0002479636245582183
2025-08-23T20:00:00+00:00,0.00024761611688152793
2025-08-23T21:00:00+00:00,0.00024792592779679715
2025-08-23T22:00:00+00:00,0.00024799265895289837
2025-08-23T23:00:00+00:00,0.00024628464914945374
2025-08-24T00:00:00+00:00,0.00024661825003848844
2025-08-24T01:00:00+00:00,0.0002457163284408064
2025-08-24T02:00:00+00:00,0.0002465314894026683
2025-08-24T03:00:00+00:00,0.0002464765764054458
2025-08-24T04:00:00+00:00,0.00024573430555734413
2025-08-24T05:00:00+00:00,0.0002458852470131282
2025-08-24T06:00:00+00:00,0.00024617162920088887
2025-08-24T07:00:00+00:00,0.0002473640608391362
2025-08-24T08:00:00+00:00,0.0002471333137019779
2025-08-24T09:00:00+00:00,0.0002466928029754425
2025-08-24T10:00:00+00:00,0.0002468261677978313
2025-08-24T11:00:00+00:00,0.0002482244850107801
2025-08-24T12:00:00+00:00,0.0002476898783839538
2025-08-24T13:00:00+00:00,0.0002474940226235239
2025-08-24T14:00:00+00:00,0.00024661155018914553
2025-08-24T15:00:00+00:00,0.0002456619639954413
2025-08-24T16:00:00+00:00,0.0002452646170898465
2025-08-24T17:00:00+00:00,0.0002439889112017882
2025-08-24T18:00:00+00:00,0.00024001472145864213
2025-08-24T19:00:00+00:00,0.00023906754092630462
2025-08-24T20:00:00+00:00,0.00024607531818093007
2025-08-24T21:00:00+00:00,0.0002448730450556372
2025-08-24T22:00:00+00:00,0.0002447049653169118
2025-08-24T23:00:00+00:00,0.00024540557849803666
2025-08-25T00:00:00+00:00,0.0002453373846352455
2025-08-25T01:00:00+00:00,0.0002489548780338205
2025-08-25T02:00:00+00:00,0.0002473690338066237
2025-08-25T03:00:00+00:00,0.00024551756942593306
2025-08-25T04:00:00+00:00,0.00024675405048535495
2025-08-25T05:00:00+00:00,0.00024825893923733597
2025-08-25T06:00:00+00:00,0.0002484038783616022
2025-08-25T07:00:00+00:00,0.0002529603701551305
2025-08-25T08:00:00+00:00,0.0002553103059107885
2025-08-25T09:00:00+00:00,0.0002544729797739327
2025-08-25T10:00:00+00:00,0.0002541151923708243
2025-08-25T11:00:00+00:00,0.00025716734309618404
2025-08-25T12:00:00+00:00,0.000254096612277719
2025-08-25T13:00:00+00:00,0.0002521626798358714
2025-08-25T14:00:00+00:00,0.0002522865268658789
2025-08-25T15:00:00+00:00,0.00025117807187832
2025-08-25T16:00:00+00:00,0.00025282169681103983
2025-08-25T17:00:00+00:00,0.00025323694893190403
2025-08-25T18:00:00+00:00,0.0002535052241431642
2025-08-25T19:00:00+00:00,0.0002542044119103793
2025-08-25T20:00:00+00:00,0.00026153051746797304
2025-08-25T21:00:00+00:00,0.0002660639219935182
2025-08-25T22:00:00+00:00,0.0002652324174554105
2025-08-25T23:00:00+00:00,0.0002644588813525834
2025-08-26T00:00:00+00:00,0.0002650234448083783
2025-08-26T01:00:00+00:00,0.00026823764606445877
2025-08-26T02:00:00+00:00,0.00026320371947605723
2025-08-26T03:00:00+00:00,0.00026449748612964504
2025-08-26T04:00:00+00:00,0.00026416009752200885
2025-08-26T05:00:00+00:00,0.0002619404049717378
2025-08-26T06:00:00+00:00,0.00026232753793791006
2025-08-26T07:00:00+00:00,0.0002633385159736525
2025-08-26T08:00:00+00:00,0.00026221609370235497
2025-08-26T09:00:00+00:00,0.0002625188945113441
2025-08-26T10:00:00+00:00,0.0002630460321826326
2025-08-26T11:00:00+00:00,0.0002622241620920009
2025-08-26T12:00:00+00:00,0.00026367009203601697
2025-08-26T13:00:00+00:00,0.00025991312063793006
2025-08-26T14:00:00+00:00,0.00026119212547458807
2025-08-26T15:00:00+00:00,0.00025628022168101985
2025-08-26T16:00:00+00:00,0.0002576817739503009
2025-08-26T17:00:00+00:00,0.00025679636940299224
2025-08-26T18:00:00+00:00,0.000257988953763825
2025-08-26T19:00:00+00:00,0.00025603229182856723
2025-08-26T20:00:00+00:00,0.0002534739682373047
2025-08-26T21:00:00+00:00,0.0002537646630240193
2025-08-26T22:00:00+00:00,0.0002533381391389006
2025-08-26T23:00:00+00:00,0.000253204550110619
2025-08-27T00:00:00+00:00,0.00025286504149988514
2025-08-27T01:00:00+00:00,0.0002545427529206967
2025-08-27T02:00:00+00:00,0.00025509176984011216
2025-08-27T03:00:00+00:00,0.00025393770925847425
2025-08-27T04:00:00+00:00,0.00025179954271485177
2025-08-27T05:00:00+00:00,0.00025080388695315666
2025-08-27T06:00:00+00:00,0.0002518848948093764
2025-08-27T07:00:00+00:00,0.0002532055713043304
2025-08-27T08:00:00+00:00,0.0002532080506851791
2025-08-27T09:00:00+00:00,0.0002521189088261529
2025-08-27T10:00:00+00:00,0.0002520938759570138
2025-08-27T11:00:00+00:00,0.00025287156835122887
2025-08-27T12:00:00+00:00,0.0002513578075313002
2025-08-27T13:00:00+00:00,0.00025136407883484817
2025-08-27T14:00:00+00:00,0.0002520063854201764
2025-08-27T15:00:00+00:00,0.0002512556873140685
2025-08-27T16:00:00+00:00,0.0002494073855898202
2025-08-27T17:00:00+00:00,0.00025093430439906305
2025-08-27T18:00:00+00:00,0.000250925475684333
2025-08-27T19:00:00+00:00,0.00025242872212569666
2025-08-27T20:00:00+00:00,0.0002543901086844459
2025-08-27T21:00:00+00:00,0.00025372641394088793
2025-08-27T22:00:00+00:00,0.00025737778070291593
2025-08-27T23:00:00+00:00,0.00025727458869265614
2025-08-28T00:00:00+00:00,0.00025856571684557453
2025-08-28T01:00:00+00:00,0.0002591509097420351
2025-08-28T02:00:00+00:00,0.00025776564032807303
2025-08-28T03:00:00+00:00,0.00025832356710643497
2025-08-28T04:00:00+00:00,0.0002562549722289207
2025-08-28T05:00:00+00:00,0.00025471006766660724
2025-08-28T06:00:00+00:00,0.00025533706744862363
2025-08-28T07:00:00+00:00,0.00025404705973940524
2025-08-28T08:00:00+00:00,0.00025391355626781326
2025-08-28T09:00:00+00:00,0.00025309130150956476
2025-08-28T10:00:00+00:00,0.00025386732936777157
2025-08-28T11:00:00+00:00,0.00025325742511826986
2025-08-28T12:00:00+00:00,0.00025379906886588286
2025-08-28T13:00:00+00:00,0.0002532821384460167
2025-08-28T14:00:00+00:00,0.0002550433682583561
2025-08-28T15:00:00+00:00,0.00025543097219494023
2025-08-28T16:00:00+00:00,0.0002590212724327496
2025-08-28T17:00:00+00:00,0.0002609611400961919
2025-08-28T18:00:00+00:00,0.0002604584897751003
2025-08-28T19:00:00+00:00,0.00026005474496828364
2025-08-28T20:00:00+00:00,0.0002619333191763864
2025-08-28T21:00:00+00:00,0.0002618995105333105
2025-08-28T22:00:00+00:00,0.00026016970141752653
2025-08-28T23:00:00+00:00,0.00025882199820145173
2025-08-29T00:00:00+00:00,0.00025900649066717556
2025-08-29T01:00:00+00:00,0.0002608400814225522
2025-08-29T02:00:00+00:00,0.00026188436729762313
2025-08-29T03:00:00+00:00,0.0002603013633107935
2025-08-29T04:00:00+00:00,0.0002596824711770183
2025-08-29T05:00:00+00:00,0.0002604101278674706
2025-08-29T06:00:00+00:00,0.00026037111547367177
2025-08-29T07:00:00+00:00,0.0002617666572333905
2025-08-29T08:00:00+00:00,0.000265947716601179
2025-08-29T09:00:00+00:00,0.00026934376592110466
2025-08-29T10:00:00+00:00,0.00026911964724717796
2025-08-29T11:00:00+00:00,0.00026809068017160346
2025-08-29T12:00:00+00:00,0.00026835260085504174
2025-08-29T13:00:00+00:00,0.0002646218388638501
2025-08-29T14:00:00+00:00,0.00026898099608720614
2025-08-29T15:00:00+00:00,0.00027282525372373975
2025-08-29T16:00:00+00:00,0.0002696798802798422
2025-08-29T17:00:00+00:00,0.00026969777419296365
2025-08-29T18:00:00+00:00,0.0002696331572248832
2025-08-29T19:00:00+00:00,0.00027085163200942755
2025-08-29T20:00:00+00:00,0.0002687126465745896
2025-08-29T21:00:00+00:00,0.0002701920805955972
2025-08-29T22:00:00+00:00,0.0002675702984900775
2025-08-29T23:00:00+00:00,0.00026799717125291296
2025-08-30T00:00:00+00:00,0.000267841906287061
2025-08-30T01:00:00+00:00,0.00026938273947707314
2025-08-30T02:00:00+00:00,0.00027269373978296694
2025-08-30T03:00:00+00:00,0.0002711193878458711
2025-08-30T04:00:00+00:00,0.00026817828509329
2025-08-30T05:00:00+00:00,0.00026815412177188836
2025-08-30T06:00:00+00:00,0.00026638952532590947
2025-08-30T07:00:00+00:00,0.0002655717356750173
2025-08-30T08:00:00+00:00,0.00026497166722437056
2025-08-30T09:00:00+00:00,0.0002655774835888434
2025-08-30T10:00:00+00:00,0.0002657796717248682
2025-08-30T11:00:00+00:00,0.00026595700115178455
2025-08-30T12:00:00+00:00,0.0002658482220112145
2025-08-30T13:00:00+00:00,0.00026753105427067985
2025-08-30T14:00:00+00:00,0.00026802289396237784
2025-08-30T15:00:00+00:00,0.0002675871491646892
2025-08-30T16:00:00+00:00,0.0002669258589073865
2025-08-30T17:00:00+00:00,0.00026760382122584687
2025-08-30T18:00:00+00:00,0.0002676052025222325
2025-08-30T19:00:00+00:00,0.0002679448037782025
2025-08-30T20:00:00+00:00,0.0002681557384811149
2025-08-30T21:00:00+00:00,0.0002687992952846703
2025-08-30T22:00:00+00:00,0.00026850335724112434
2025-08-30T23:00:00+00:00,0.00026795646548820676
2025-08-31T00:00:00+00:00,0.0002669885712414757
2025-08-31T01:00:00+00:00,0.0002615341857702145
2025-08-31T02:00:00+00:00,0.0002619765155775105
2025-08-31T03:00:00+00:00,0.00026257236007887213
2025-08-31T04:00:00+00:00,0.00026048184934560954
2025-08-31T05:00:00+00:00,0.0002615683224486459
2025-08-31T06:00:00+00:00,0.00026183123208062454
2025-08-31T07:00:00+00:00,0.00026334387802888135
2025-08-31T08:00:00+00:00,0.0002623875027031642
2025-08-31T09:00:00+00:00,0.00026127825120554214
2025-08-31T10:00:00+00:00,0.0002616353264175219
2025-08-31T11:00:00+00:00,0.0002621622044309118
2025-08-31T12:00:00+00:00,0.0002610543025724645
2025-08-31T13:00:00+00:00,0.0002602001258599887
2025-08-31T14:00:00+00:00,0.00026147015015134137
2025-08-31T15:00:00+00:00,0.00026193997224200824
2025-08-31T16:00:00+00:00,0.0002604676056950349
2025-08-31T17:00:00+00:00,0.00026088910798478603
2025-08-31T18:00:00+00:00,0.0002607482741793292
2025-08-31T19:00:00+00:00,0.0002603751431840663
2025-08-31T20:00:00+00:00,0.0002619720657428198
2025-08-31T21:00:00+00:00,0.00026245392227191786
2025-08-31T22:00:00+00:00,0.00026144336363858093
2025-08-31T23:00:00+00:00,0.00026332781646282887
2025-09-01T00:00:00+00:00,0.00026631128300790734
2025-09-01T01:00:00+00:00,0.00026559827421129834
2025-09-01T02:00:00+00:00,0.0002645677740222049
2025-09-01T03:00:00+00:00,0.0002671280558043677
2025-09-01T04:00:00+00:00,0.00026588175795986613
2025-09-01T05:00:00+00:00,0.000266709255039339
2025-09-01T06:00:00+00:00,0.00026647195725715403
2025-09-01T07:00:00+00:00,0.00026660648500062957
2025-09-01T08:00:00+00:00,0.000261882360265701
2025-09-01T09:00:00+00:00,0.0002620116173218519
2025-09-01T10:00:00+00:00,0.000263260066153667
2025-09-01T11:00:00+00:00,0.00026623764922441897
2025-09-01T12:00:00+00:00,0.000266548543939904
2025-09-01T13:00:00+00:00,0.0002657539745504829
2025-09-01T14:00:00+00:00,0.0002667671809613116
2025-09-01T15:00:00+00:00,0.00026606005929280416
2025-09-01T16:00:00+00:00,0.00026820097649278904
2025-09-01T17:00:00+00:00,0.00026866964322644685
2025-09-01T18:00:00+00:00,0.00027049218553727727
2025-09-01T19:00:00+00:00,0.0002692411236713911
2025-09-01T20:00:00+00:00,0.00026795272906989523
2025-09-01T21:00:00+00:00,0.0002728968402865965
2025-09-01T22:00:00+00:00,0.0002759975464295658
2025-09-01T23:00:00+00:00,0.0002731224375741237
2025-09-02T00:00:00+00:00,0.0002713449008482786
2025-09-02T01:00:00+00:00,0.00027200038549914335
2025-09-02T02:00:00+00:00,0.00027075463537985865
2025-09-02T03:00:00+00:00,0.00026842414065131727
2025-09-02T04:00:00+00:00,0.0002678543593307318
2025-09-02T05:00:00+00:00,0.0002664477947826024
2025-09-02T06:00:00+00:00,0.00026675751353454644
2025-09-02T07:00:00+00:00,0.0002654803007080277
2025-09-02T08:00:00+00:00,0.00026590951151321285
2025-09-02T09:00:00+00:00,0.00026476026430506916
2025-09-02T10:00:00+00:00,0.0002647844582076178
2025-09-02T11:00:00+00:00,0.0002648735844132649
2025-09-02T12:00:00+00:00,0.0002671922728845967
2025-09-02T13:00:00+00:00,0.00027154045991358174
2025-09-02T14:00:00+00:00,0.00026636824281450386
2025-09-02T15:00:00+00:00,0.00026802970847258483
2025-09-02T16:00:00+00:00,0.00027131594918082866
2025-09-02T17:00:00+00:00,0.0002710628435095322
2025-09-02T18:00:00+00:00,0.0002694258727561997
2025-09-02T19:00:00+00:00,0.0002708512412147006
2025-09-02T20:00:00+00:00,0.00027237764795972166
2025-09-02T21:00:00+00:00,0.0002698384305757261
2025-09-02T22:00:00+00:00,0.0002694139968622273
2025-09-02T23:00:00+00:00,0.00026898885541235055
2025-09-03T00:00:00+00:00,0.0002691093990124161
2025-09-03T01:00:00+00:00,0.0002700955390083862
2025-09-03T02:00:00+00:00,0.0002687937348976761
2025-09-03T03:00:00+00:00,0.00026809491299192915
2025-09-03T04:00:00+00:00,0.0002683295587717318
2025-09-03T05:00:00+00:00,0.00026809237857790594
2025-09-03T06:00:00+00:00,0.00026980262763207015
2025-09-03T07:00:00+00:00,0.000270105335179299
2025-09-03T08:00:00+00:00,0.0002699075025147495
2025-09-03T09:00:00+00:00,0.00026979478084431587
2025-09-03T10:00:00+00:00,0.0002679564915646009
2025-09-03T11:00:00+00:00,0.0002663019986906582
2025-09-03T12:00:00+00:00,0.0002663285468423727
2025-09-03T13:00:00+00:00,0.00026762825656495185
2025-09-03T14:00:00+00:00,0.0002629137804948693
2025-09-03T15:00:00+00:00,0.0002608887746318051
2025-09-03T16:00:00+00:00,0.0002603972600520211
2025-09-03T17:00:00+00:00,0.0002613208182248903
2025-09-03T18:00:00+00:00,0.0002606183236746912
2025-09-03T19:00:00+00:00,0.0002612350024444502
2025-09-03T20:00:00+00:00,0.0002604111936995591
2025-09-03T21:00:00+00:00,0.00026114023152056014
2025-09-03T22:00:00+00:00,0.0002613180825889244
2025-09-03T23:00:00+00:00,0.00026072599107331316
2025-09-04T00:00:00+00:00,0.00026190348875166806
2025-09-04T01:00:00+00:00,0.00026082737002562493
2025-09-04T02:00:00+00:00,0.0002610329172284638
2025-09-04T03:00:00+00:00,0.00026360643925551515
2025-09-04T04:00:00+00:00,0.00026495549070651165
2025-09-04T05:00:00+00:00,0.0002642863203492321
2025-09-04T06:00:00+00:00,0.00026674146369835963
2025-09-04T07:00:00+00:00,0.00026684539639054835
2025-09-04T08:00:00+00:00,0.0002661884262664307
2025-09-04T09:00:00+00:00,0.00026637105929601596
2025-09-04T10:00:00+00:00,0.0002648502208563764
2025-09-04T11:00:00+00:00,0.00026434163235761193
2025-09-04T12:00:00+00:00,0.00026402165313905795
2025-09-04T13:00:00+00:00,0.00026412178808125545
2025-09-04T14:00:00+00:00,0.00026603072891686345
2025-09-04T15:00:00+00:00,0.0002674005304475278
2025-09-04T16:00:00+00:00,0.0002700644245415432
2025-09-04T17:00:00+00:00,0.00027041312073020703
2025-09-04T18:00:00+00:00,0.00026985015459791235
2025-09-04T19:00:00+00:00,0.0002718879313477415
2025-09-04T20:00:00+00:00,0.00027233998194383573
2025-09-04T21:00:00+00:00,0.00027056322285687594
2025-09-04T22:00:00+00:00,0.0002695445865325338
2025-09-04T23:00:00+00:00,0.0002681329551007728
2025-09-05T00:00:00+00:00,0.00027104066760343397
2025-09-05T01:00:00+00:00,0.00027106529950470367
2025-09-05T02:00:00+00:00,0.00026954424348031754
2025-09-05T03:00:00+00:00,0.0002698680634298766
2025-09-05T04:00:00+00:00,0.00026952499131395995
2025-09-05T05:00:00+00:00,0.0002691975673743964
2025-09-05T06:00:00+00:00,0.00026898303957804975
2025-09-05T07:00:00+00:00,0.0002692336817791772
2025-09-05T08:00:00+00:00,0.0002637551966718575
2025-09-05T09:00:00+00:00,0.0002650318633370909
2025-09-05T10:00:00+00:00,0.0002657328042522619
2025-09-05T11:00:00+00:00,0.00026489227880296105
2025-09-05T12:00:00+00:00,0.0002644945751802659
2025-09-05T13:00:00+00:00,0.0002625310957918704
2025-09-05T14:00:00+00:00,0.00026455554856284736
2025-09-05T15:00:00+00:00,0.00027410355895595925
2025-09-05T16:00:00+00:00,0.0002743348356389359
2025-09-05T17:00:00+00:00,0.0002731430256707991
2025-09-05T18:00:00+00:00,0.0002730985779344713
2025-09-05T19:00:00+00:00,0.0002715821243198036
2025-09-05T20:00:00+00:00,0.0002707417628583607
2025-09-05T21:00:00+00:00,0.00027011704345165065
2025-09-05T22:00:00+00:00,0.0002722440432624765
2025-09-05T23:00:00+00:00,0.00027155453009936444
2025-09-06T00:00:00+00:00,0.0002719507840516286
2025-09-06T01:00:00+00:00,0.0002708760264703926
2025-09-06T02:00:00+00:00,0.0002711577345982897
2025-09-06T03:00:00+00:00,0.0002709993032269294
2025-09-06T04:00:00+00:00,0.0002711653577061379
2025-09-06T05:00:00+00:00,0.0002717237413325142
2025-09-06T06:00:00+00:00,0.00027263037402682237
2025-09-06T07:00:00+00:00,0.0002722116992453127
2025-09-06T08:00:00+00:00,0.000271578094092899
2025-09-06T09:00:00+00:00,0.0002717455961263499
2025-09-06T10:00:00+00:00,0.0002727177750726329
2025-09-06T11:00:00+00:00,0.0002722890216549832
2025-09-06T12:00:00+00:00,0.00027244704274823344
2025-09-06T13:00:00+00:00,0.0002723860845096601
2025-09-06T14:00:00+00:00,0.00027271264886354583
2025-09-06T15:00:00+00:00,0.0002726817904816054
2025-09-06T16:00:00+00:00,0.0002741821803400634
2025-09-06T17:00:00+00:00,0.00027312171409227975
2025-09-06T18:00:00+00:00,0.00027390411791878037
2025-09-06T19:00:00+00:00,0.0002736270935883658
2025-09-06T20:00:00+00:00,0.00027511795695514687
2025-09-06T21:00:00+00:00,0.000273701073479699
2025-09-06T22:00:00+00:00,0.0002734203190336916
2025-09-06T23:00:00+00:00,0.00027369943726991474
2025-09-07T00:00:00+00:00,0.0002740292274030872
2025-09-07T01:00:00+00:00,0.0002734049616151709
2025-09-07T02:00:00+00:00,0.0002725251108498995
2025-09-07T03:00:00+00:00,0.0002723000098293038
2025-09-07T04:00:00+00:00,0.0002727827393249525
2025-09-07T05:00:00+00:00,0.00027231903980389193
2025-09-07T06:00:00+00:00,0.00027277246027962616
2025-09-07T07:00:00+00:00,0.0002734673228273549
2025-09-07T08:00:00+00:00,0.00027272307603612504
2025-09-07T09:00:00+00:00,0.00027231575091993514
2025-09-07T10:00:00+00:00,0.00027247132250433475
2025-09-07T11:00:00+00:00,0.00027217324610050647
2025-09-07T12:00:00+00:00,0.0002718292690005466
2025-09-07T13:00:00+00:00,0.00027237795249102016
2025-09-07T14:00:00+00:00,0.0002720689629991323
2025-09-07T15:00:00+00:00,0.0002725472006592878
2025-09-07T16:00:00+00:00,0.0002725127941774546
2025-09-07T17:00:00+00:00,0.00027314289409685366
2025-09-07T18:00:00+00:00,0.00027392506665094486
2025-09-07T19:00:00+00:00,0.00027356340108343664
2025-09-07T20:00:00+00:00,0.00027301997142612487
2025-09-07T21:00:00+00:00,0.00027244508886415124
2025-09-07T22:00:00+00:00,0.0002729549924687416
2025-09-07T23:00:00+00:00,0.0002713409922260779
2025-09-08T00:00:00+00:00,0.00027198426424767454
2025-09-08T01:00:00+00:00,0.0002720946858570655
2025-09-08T02:00:00+00:00,0.00027306416416391656
2025-09-08T03:00:00+00:00,0.0002719172078053922
2025-09-08T04:00:00+00:00,0.00027142403069159335
2025-09-08T05:00:00+00:00,0.00027252393256806817
2025-09-08T06:00:00+00:00,0.0002726338457618635
2025-09-08T07:00:00+00:00,0.0002730822424219581
2025-09-08T08:00:00+00:00,0.0002733431626832759
2025-09-08T09:00:00+00:00,0.00027286894908882717
2025-09-08T10:00:00+00:00,0.0002716553730046325
2025-09-08T11:00:00+00:00,0.0002709613586260756
2025-09-08T12:00:00+00:00,0.0002717840141274248
2025-09-08T13:00:00+00:00,0.00027152174966168895
2025-09-08T14:00:00+00:00,0.0002716735307704437
2025-09-08T15:00:00+00:00,0.00027030475918648274
2025-09-08T16:00:00+00:00,0.00026899457425987906
2025-09-08T17:00:00+00:00,0.00027048985325238596
2025-09-08T18:00:00+00:00,0.00027220233233065354
2025-09-08T19:00:00+00:00,0.00027139348899981827
2025-09-08T20:00:00+00:00,0.000274027095169626
2025-09-08T21:00:00+00:00,0.0002737011700967639
2025-09-08T22:00:00+00:00,0.0002723090649802515
2025-09-08T23:00:00+00:00,0.0002728512086953387
2025-09-09T00:00:00+00:00,0.0002729885036111274
2025-09-09T01:00:00+00:00,0.0002735241340930473
2025-09-09T02:00:00+00:00,0.0002745243985375247
2025-09-09T03:00:00+00:00,0.000274212881812034
2025-09-09T04:00:00+00:00,0.00027315059908755696
2025-09-09T05:00:00+00:00,0.0002727756278465558
2025-09-09T06:00:00+00:00,0.00027266108587538053
2025-09-09T07:00:00+00:00,0.00026907082032099033
2025-09-09T08:00:00+00:00,0.00026945903381746147
2025-09-09T09:00:00+00:00,0.0002696186149070084
2025-09-09T10:00:00+00:00,0.0002700620099456578
2025-09-09T11:00:00+00:00,0.0002702448526118156
2025-09-09T12:00:00+00:00,0.0002701536956736892
2025-09-09T13:00:00+00:00,0.0002699217145886769
2025-09-09T14:00:00+00:00,0.000269825132149299
2025-09-09T15:00:00+00:00,0.00027239906624047474
2025-09-09T16:00:00+00:00,0.00027334378892438177
2025-09-09T17:00:00+00:00,0.0002731496436193143
2025-09-09T18:00:00+00:00,0.00027320466308522663
2025-09-09T19:00:00+00:00,0.0002731319796182299
2025-09-09T20:00:00+00:00,0.0002725520459840889
2025-09-09T21:00:00+00:00,0.0002726923678443958
2025-09-09T22:00:00+00:00,0.00027208798439904607
2025-09-09T23:00:00+00:00,0.0002713043996361912
2025-09-10T00:00:00+00:00,0.0002713896353495983
2025-09-10T01:00:00+00:00,0.0002729323425211102
2025-09-10T02:00:00+00:00,0.0002718712782937443
2025-09-10T03:00:00+00:00,0.00027127199036200634
2025-09-10T04:00:00+00:00,0.00027110520289174854
2025-09-10T05:00:00+00:00,0.0002716140516056901
2025-09-10T06:00:00+00:00,0.00027164255506546034
2025-09-10T07:00:00+00:00,0.00027126762905545725
2025-09-10T08:00:00+00:00,0.0002702218290813007
2025-09-10T09:00:00+00:00,0.00027027620581697713
2025-09-10T10:00:00+00:00,0.0002707487066434701
2025-09-10T11:00:00+00:00,0.0002704741792794247
2025-09-10T12:00:00+00:00,0.00027028371010406
2025-09-10T13:00:00+00:00,0.0002677926768218378
2025-09-10T14:00:00+00:00,0.00026536259031502684
2025-09-10T15:00:00+00:00,0.00026607171502707444
2025-09-10T16:00:00+00:00,0.00026591819873618427
2025-09-10T17:00:00+00:00,0.00026744253016947837
2025-09-10T18:00:00+00:00,0.00026846074247738165
2025-09-10T19:00:00+00:00,0.00026967284624236366
2025-09-10T20:00:00+00:00,0.00027101171160502077
2025-09-10T21:00:00+00:00,0.0002701732879707374
2025-09-10T22:00:00+00:00,0.0002688540251425035
2025-09-10T23:00:00+00:00,0.000269213809633205
2025-09-11T00:00:00+00:00,0.0002692589543580483
2025-09-11T01:00:00+00:00,0.0002685106892282509
2025-09-11T02:00:00+00:00,0.00026795325275475905
2025-09-11T03:00:00+00:00,0.00026703146347498646
2025-09-11T04:00:00+00:00,0.00026559730943179964
2025-09-11T05:00:00+00:00,0.000265168943599794
2025-09-11T06:00:00+00:00,0.00026473282232827557
2025-09-11T07:00:00+00:00,0.00026363102712552346
2025-09-11T08:00:00+00:00,0.0002633826083094122
2025-09-11T09:00:00+00:00,0.0002637802656329536
2025-09-11T10:00:00+00:00,0.00026459879033796316
2025-09-11T11:00:00+00:00,0.000263922932293006
2025-09-11T12:00:00+00:00,0.0002635619957238378
2025-09-11T13:00:00+00:00,0.0002638759317249976
2025-09-11T14:00:00+00:00,0.0002646857567820609
2025-09-11T15:00:00+00:00,0.00026479067177561185
2025-09-11T16:00:00+00:00,0.00026627548576129795
2025-09-11T17:00:00+00:00,0.0002655728691841412
2025-09-11T18:00:00+00:00,0.0002646632505957134
2025-09-11T19:00:00+00:00,0.00026544084083046166
2025-09-11T20:00:00+00:00,0.0002652070315170138
2025-09-11T21:00:00+00:00,0.0002657718611160622
2025-09-11T22:00:00+00:00,0.00026485562815693915
2025-09-11T23:00:00+00:00,0.0002631279736163352
2025-09-12T00:00:00+00:00,0.00026316796285223205
2025-09-12T01:00:00+00:00,0.0002592751611971656
2025-09-12T02:00:00+00:00,0.0002604724484088951
2025-09-12T03:00:00+00:00,0.0002599560973080688
2025-09-12T04:00:00+00:00,0.0002600834917790239
2025-09-12T05:00:00+00:00,0.0002591243029885716
2025-09-12T06:00:00+00:00,0.00025781320096960437
2025-09-12T07:00:00+00:00,0.0002586548955701593
2025-09-12T08:00:00+00:00,0.000259157143939096
2025-09-12T09:00:00+00:00,0.00025919243494945313
2025-09-12T10:00:00+00:00,0.00025967058888637156
2025-09-12T11:00:00+00:00,0.00025984895708654323
2025-09-12T12:00:00+00:00,0.0002594013032064434
2025-09-12T13:00:00+00:00,0.0002586898903658173
2025-09-12T14:00:00+00:00,0.00025816913492282415
2025-09-12T15:00:00+00:00,0.00025785972432376913
2025-09-12T16:00:00+00:00,0.00025772008202850895
2025-09-12T17:00:00+00:00,0.00025622517012650854
2025-09-12T18:00:00+00:00,0.0002544583319363204
2025-09-12T19:00:00+00:00,0.00025375298274713827
2025-09-12T20:00:00+00:00,0.00025184390645917337
2025-09-12T21:00:00+00:00,0.0002514016739501222
2025-09-12T22:00:00+00:00,0.0002521243567623419
2025-09-12T23:00:00+00:00,0.00024955170428727264
2025-09-13T00:00:00+00:00,0.0002495304152389903
2025-09-13T01:00:00+00:00,0.0002492073025349054
2025-09-13T02:00:00+00:00,0.0002493593743965274
2025-09-13T03:00:00+00:00,0.0002496941068380321
2025-09-13T04:00:00+00:00,0.0002466720568254888
2025-09-13T05:00:00+00:00,0.00024734661860552354
2025-09-13T06:00:00+00:00,0.00024867756673251746
2025-09-13T07:00:00+00:00,0.0002492784458047696
2025-09-13T08:00:00+00:00,0.00024911861158443365
2025-09-13T09:00:00+00:00,0.0002484506066103877
2025-09-13T10:00:00+00:00,0.0002482332681939171
2025-09-13T11:00:00+00:00,0.0002489602538127519
2025-09-13T12:00:00+00:00,0.0002486098393358545
2025-09-13T13:00:00+00:00,0.0002486727597727771
2025-09-13T14:00:00+00:00,0.0002508229642512857
2025-09-13T15:00:00+00:00,0.0002504849881800117
2025-09-13T16:00:00+00:00,0.00025256753705262767
2025-09-13T17:00:00+00:00,0.0002546121193647922
2025-09-13T18:00:00+00:00,0.0002542024489933771
2025-09-13T19:00:00+00:00,0.00025324339905528296
2025-09-13T20:00:00+00:00,0.0002535843376850301
2025-09-13T21:00:00+00:00,0.000252487985910662
2025-09-13T22:00:00+00:00,0.0002522994274834669
2025-09-13T23:00:00+00:00,0.0002524233219323909
2025-09-14T00:00:00+00:00,0.0002519823750531759
2025-09-14T01:00:00+00:00,0.0002517644656614557
2025-09-14T02:00:00+00:00,0.00025187581324831844
2025-09-14T03:00:00+00:00,0.00025109086435698625
2025-09-14T04:00:00+00:00,0.000252198162366029
2025-09-14T05:00:00+00:00,0.00025246279978401116
2025-09-14T06:00:00+00:00,0.00025153707361565554
2025-09-14T07:00:00+00:00,0.0002522571030696414
2025-09-14T08:00:00+00:00,0.00025293470614594593
2025-09-14T09:00:00+00:00,0.00025266918564039446
2025-09-14T10:00:00+00:00,0.0002521592913741363
2025-09-14T11:00:00+00:00,0.0002522895922831509
2025-09-14T12:00:00+00:00,0.00025362496501847185
2025-09-14T13:00:00+00:00,0.00025391999106802086
2025-09-14T14:00:00+00:00,0.0002549611276595985
2025-09-14T15:00:00+00:00,0.00025539047698244614
2025-09-14T16:00:00+00:00,0.00025691510046055744
2025-09-14T17:00:00+00:00,0.0002561247420832921
2025-09-14T18:00:00+00:00,0.0002548786147886371
2025-09-14T19:00:00+00:00,0.0002555134225921522
2025-09-14T20:00:00+00:00,0.0002549070269191788
2025-09-14T21:00:00+00:00,0.0002547762016897471
2025-09-14T22:00:00+00:00,0.00025387721865075783
2025-09-14T23:00:00+00:00,0.0002536082442849425
2025-09-15T00:00:00+00:00,0.00025466168222434044
2025-09-15T01:00:00+00:00,0.00025493367903306116
2025-09-15T02:00:00+00:00,0.0002536978167478639
2025-09-15T03:00:00+00:00,0.0002537245654925855
2025-09-15T04:00:00+00:00,0.0002529761622608148
2025-09-15T05:00:00+00:00,0.0002527990957468783
2025-09-15T06:00:00+00:00,0.0002517036916758204
2025-09-15T07:00:00+00:00,0.00025309922759521786
2025-09-15T08:00:00+00:00,0.0002551886127283633
2025-09-15T09:00:00+00:00,0.00026000340854286905
2025-09-15T10:00:00+00:00,0.00025946084461820436
2025-09-15T11:00:00+00:00,0.00025934108096816605
2025-09-15T12:00:00+00:00,0.00025956550749464333
2025-09-15T13:00:00+00:00,0.0002605927052810954
2025-09-15T14:00:00+00:00,0.000259960190299694
2025-09-15T15:00:00+00:00,0.0002600775070319783
2025-09-15T16:00:00+00:00,0.0002614210625759126
2025-09-15T17:00:00+00:00,0.00026160323088304343
2025-09-15T18:00:00+00:00,0.0002612933488646964
2025-09-15T19:00:00+00:00,0.00026129702880247626
2025-09-15T20:00:00+00:00,0.0002619168739529118
2025-09-15T21:00:00+00:00,0.0002607825261488646
2025-09-15T22:00:00+00:00,0.00025995038713034997
2025-09-15T23:00:00+00:00,0.0002604934171093955
2025-09-16T00:00:00+00:00,0.0002600663359727754
2025-09-16T01:00:00+00:00,0.00026053980269537085
2025-09-16T02:00:00+00:00,0.00026027955589297383
2025-09-16T03:00:00+00:00,0.0002606432662010196
2025-09-16T04:00:00+00:00,0.00026040948882488424
2025-09-16T05:00:00+00:00,0.0002606620498105555
2025-09-16T06:00:00+00:00,0.0002598471141458199
2025-09-16T07:00:00+00:00,0.0002614892141873989
2025-09-16T08:00:00+00:00,0.00026128675947640034
2025-09-16T09:00:00+00:00,0.0002614380448313702
2025-09-16T10:00:00+00:00,0.00026170242123730236
2025-09-16T11:00:00+00:00,0.0002622681120105488
2025-09-16T12:00:00+00:00,0.00026233010550990676
2025-09-16T13:00:00+00:00,0.0002621514246830597
2025-09-16T14:00:00+00:00,0.00026516472761829127
2025-09-16T15:00:00+00:00,0.0002664276216699326
2025-09-16T16:00:00+00:00,0.00026493531062777735
2025-09-16T17:00:00+00:00,0.0002655878468955128
2025-09-16T18:00:00+00:00,0.00026411901917983843
2025-09-16T19:00:00+00:00,0.0002646107433118591
2025-09-16T20:00:00+00:00,0.00026407113913961427
2025-09-16T21:00:00+00:00,0.00026382989392603084
2025-09-16T22:00:00+00:00,0.00026300759221758237
2025-09-16T23:00:00+00:00,0.00026225419736643815
2025-09-17T00:00:00+00:00,0.00026346732703645876
2025-09-17T01:00:00+00:00,0.00026272884794520135
2025-09-17T02:00:00+00:00,0.00026258431240685343
2025-09-17T03:00:00+00:00,0.0002614925869351856
2025-09-17T04:00:00+00:00,0.0002632875107068859
2025-09-17T05:00:00+00:00,0.0002649112158743402
2025-09-17T06:00:00+00:00,0.0002625963830230013
2025-09-17T07:00:00+00:00,0.0002607730876102851
2025-09-17T08:00:00+00:00,0.0002606457788227257
2025-09-17T09:00:00+00:00,0.0002627130407164103
2025-09-17T10:00:00+00:00,0.00026323029637960547
2025-09-17T11:00:00+00:00,0.00026394561232868534
2025-09-17T12:00:00+00:00,0.00026350775747097853
2025-09-17T13:00:00+00:00,0.0002630150345534284
2025-09-17T14:00:00+00:00,0.00026289556971980814
2025-09-17T15:00:00+00:00,0.00026385294051127213
2025-09-17T16:00:00+00:00,0.000263711118673381
2025-09-17T17:00:00+00:00,0.00026377354242752447
2025-09-17T18:00:00+00:00,0.0002622579539535555
2025-09-17T19:00:00+00:00,0.00026516416319161416
2025-09-17T20:00:00+00:00,0.00026145273100487714
2025-09-17T21:00:00+00:00,0.00026245731052359665
2025-09-17T22:00:00+00:00,0.00026058301252454086
2025-09-17T23:00:00+00:00,0.00025710310625560865
2025-09-18T00:00:00+00:00,0.00025763936011001575
2025-09-18T01:00:00+00:00,0.0002577601430594282
2025-09-18T02:00:00+00:00,0.0002555892172778842
2025-09-18T03:00:00+00:00,0.00025619514084035633
2025-09-18T04:00:00+00:00,0.00025574530805582714
2025-09-18T05:00:00+00:00,0.00025601087523969174
2025-09-18T06:00:00+00:00,0.00025687755329706444
2025-09-18T07:00:00+00:00,0.0002578102945285153
2025-09-18T08:00:00+00:00,0.0002584510166216351
2025-09-18T09:00:00+00:00,0.00025697668824395446
2025-09-18T10:00:00+00:00,0.0002574870104793335
2025-09-18T11:00:00+00:00,0.0002585613036111581
2025-09-18T12:00:00+00:00,0.00025831925707606466
2025-09-18T13:00:00+00:00,0.00025807148235105695
2025-09-18T14:00:00+00:00,0.0002568768840729626
2025-09-18T15:00:00+00:00,0.0002560152015334751
2025-09-18T16:00:00+00:00,0.0002557483045015254
2025-09-18T17:00:00+00:00,0.00025443537548880803
2025-09-18T18:00:00+00:00,0.00025548922131455476
2025-09-18T19:00:00+00:00,0.0002552816730730063
2025-09-18T20:00:00+00:00,0.000256636137992651
2025-09-18T21:00:00+00:00,0.00025592193375579105
2025-09-18T22:00:00+00:00,0.0002564382903146863
2025-09-18T23:00:00+00:00,0.0002568720701411655
2025-09-19T00:00:00+00:00,0.0002567689591347053
2025-09-19T01:00:00+00:00,0.0002555808314968096
2025-09-19T02:00:00+00:00,0.0002556784472891089
2025-09-19T03:00:00+00:00,0.0002564278123648033
2025-09-19T04:00:00+00:00,0.0002588983870232058
2025-09-19T05:00:00+00:00,0.0002584217027176122
2025-09-19T06:00:00+00:00,0.0002591378516498791
2025-09-19T07:00:00+00:00,0.00025987752291779884
2025-09-19T08:00:00+00:00,0.0002592429380131088
2025-09-19T09:00:00+00:00,0.00025925889686495714
2025-09-19T10:00:00+00:00,0.0002599705830096785
2025-09-19T11:00:00+00:00,0.0002596358491005384
2025-09-19T12:00:00+00:00,0.00026009604312707263
2025-09-19T13:00:00+00:00,0.0002596710255871742
2025-09-19T14:00:00+00:00,0.0002591059051578227
2025-09-19T15:00:00+00:00,0.0002612803020402982
2025-09-19T16:00:00+00:00,0.0002625317307835856
2025-09-19T17:00:00+00:00,0.00026181743666648424
2025-09-19T18:00:00+00:00,0.0002634025206830052
2025-09-19T19:00:00+00:00,0.0002635066626521988
2025-09-19T20:00:00+00:00,0.0002643888892698364
2025-09-19T21:00:00+00:00,0.0002631524701084917
2025-09-19T22:00:00+00:00,0.00026245987736871565
2025-09-19T23:00:00+00:00,0.0002626593727238722
2025-09-20T00:00:00+00:00,0.00026270648964399264
2025-09-20T01:00:00+00:00,0.0002624142576160501
2025-09-20T02:00:00+00:00,0.000262719807114376
2025-09-20T03:00:00+00:00,0.0002627229965759084
2025-09-20T04:00:00+00:00,0.0002627284927923663
2025-09-20T05:00:00+00:00,0.00026218373411154015
2025-09-20T06:00:00+00:00,0.0002620047583133069
2025-09-20T07:00:00+00:00,0.0002622599931163847
2025-09-20T08:00:00+00:00,0.000261864836778228
2025-09-20T09:00:00+00:00,0.00026252345322087643
2025-09-20T10:00:00+00:00,0.0002626446921135576
2025-09-20T11:00:00+00:00,0.00026281079369506186
2025-09-20T12:00:00+00:00,0.0002623356261471509
2025-09-20T13:00:00+00:00,0.00026276552388003216
2025-09-20T14:00:00+00:00,0.0002625039241054873
2025-09-20T15:00:00+00:00,0.00026128518516513837
2025-09-20T16:00:00+00:00,0.0002608236793311023
2025-09-20T17:00:00+00:00,0.00026059610157639734
2025-09-20T18:00:00+00:00,0.00026158789617382555
2025-09-20T19:00:00+00:00,0.0002621407930677305
2025-09-20T20:00:00+00:00,0.000261871822366278
2025-09-20T21:00:00+00:00,0.00026161579414709133
2025-09-20T22:00:00+00:00,0.00026122906587457476
2025-09-20T23:00:00+00:00,0.00026100755760167306
2025-09-21T00:00:00+00:00,0.00026182086251631836
2025-09-21T01:00:00+00:00,0.00026139430890597575
2025-09-21T02:00:00+00:00,0.00026197230934882045
2025-09-21T03:00:00+00:00,0.0002620122966590863
2025-09-21T04:00:00+00:00,0.0002619684231442073
2025-09-21T05:00:00+00:00,0.0002624157534604381
2025-09-21T06:00:00+00:00,0.0002620221845783265
2025-09-21T07:00:00+00:00,0.00026160936742103885
2025-09-21T08:00:00+00:00,0.0002620359202601799
2025-09-21T09:00:00+00:00,0.00026255098405854175
2025-09-21T10:00:00+00:00,0.0002628417613461171
2025-09-21T11:00:00+00:00,0.0002631396182243973
2025-09-21T12:00:00+00:00,0.000262985140121924
2025-09-21T13:00:00+00:00,0.00026285650361161487
2025-09-21T14:00:00+00:00,0.00026215852229373226
2025-09-21T15:00:00+00:00,0.00026243363932260117
2025-09-21T16:00:00+00:00,0.00026184761966336885
2025-09-21T17:00:00+00:00,0.0002625786280034468
2025-09-21T18:00:00+00:00,0.00026177534833451803
2025-09-21T19:00:00+00:00,0.0002610263595819943
2025-09-21T20:00:00+00:00,0.00026116536660788413
2025-09-21T21:00:00+00:00,0.0002622201664156566
2025-09-21T22:00:00+00:00,0.00026216649338837967
2025-09-21T23:00:00+00:00,0.000262835242816278
2025-09-22T00:00:00+00:00,0.0002639495473581225
2025-09-22T01:00:00+00:00,0.0002701075153285456
2025-09-22T02:00:00+00:00,0.0002707307262264604
2025-09-22T03:00:00+00:00,0.0002732520216575064
2025-09-22T04:00:00+00:00,0.0002723466332461506
2025-09-22T05:00:00+00:00,0.0002732126789495593
2025-09-22T06:00:00+00:00,0.00027880987767558627
2025-09-22T07:00:00+00:00,0.00027980119962113867
2025-09-22T08:00:00+00:00,0.0002793910672794534
2025-09-22T09:00:00+00:00,0.00027987736669147866
2025-09-22T10:00:00+00:00,0.0002828613169016521
2025-09-22T11:00:00+00:00,0.00028129907546717075
2025-09-22T12:00:00+00:00,0.00028130641668982814
2025-09-22T13:00:00+00:00,0.00028065021338879895
2025-09-22T14:00:00+00:00,0.00028037364709366494
2025-09-22T15:00:00+00:00,0.00028039611469874283
2025-09-22T16:00:00+00:00,0.0002820730320192245
2025-09-22T17:00:00+00:00,0.0002826821483197791
2025-09-22T18:00:00+00:00,0.0002826631039718448
2025-09-22T19:00:00+00:00,0.0002833238177692707
2025-09-22T20:00:00+00:00,0.0002845891204348552
2025-09-22T21:00:00+00:00,0.00028193859773781977
2025-09-22T22:00:00+00:00,0.0002810598710754235
2025-09-22T23:00:00+00:00,0.0002813930691393833
2025-09-23T00:00:00+00:00,0.00028087931566499647
2025-09-23T01:00:00+00:00,0.00028124730827387137
2025-09-23T02:00:00+00:00,0.00028303215632375045
2025-09-23T03:00:00+00:00,0.00028419594431781437
2025-09-23T04:00:00+00:00,0.00028155165166114643
2025-09-23T05:00:00+00:00,0.00028228452465718385
2025-09-23T06:00:00+00:00,0.0002816780968636649
2025-09-23T07:00:00+00:00,0.00028046220377034157
2025-09-23T08:00:00+00:00,0.0002801791727014947
2025-09-23T09:00:00+00:00,0.00028030578937047584
2025-09-23T10:00:00+00:00,0.0002811837415253391
2025-09-23T11:00:00+00:00,0.0002812307729249606
2025-09-23T12:00:00+00:00,0.0002810304710059547
2025-09-23T13:00:00+00:00,0.00028097719469316346
2025-09-23T14:00:00+00:00,0.00028120207169476735
2025-09-23T15:00:00+00:00,0.00028165363442988464
2025-09-23T16:00:00+00:00,0.00028166054673455274
2025-09-23T17:00:00+00:00,0.00028135403684205517
2025-09-23T18:00:00+00:00,0.0002846115039705164
2025-09-23T19:00:00+00:00,0.0002839323336508303
2025-09-23T20:00:00+00:00,0.0002843126599430443
2025-09-23T21:00:00+00:00,0.00028341376180534726
2025-09-23T22:00:00+00:00,0.00028213675648669213
2025-09-23T23:00:00+00:00,0.00028247403165996816
2025-09-24T00:00:00+00:00,0.0002834571128013616
2025-09-24T01:00:00+00:00,0.0002826827508070174
2025-09-24T02:00:00+00:00,0.0002815054844078643
2025-09-24T03:00:00+00:00,0.0002828070433531759
2025-09-24T04:00:00+00:00,0.000284532450992252
2025-09-24T05:00:00+00:00,0.0002847189253246721
2025-09-24T06:00:00+00:00,0.0002825916513541684
2025-09-24T07:00:00+00:00,0.0002819055721258338
2025-09-24T08:00:00+00:00,0.00028232588577022804
2025-09-24T09:00:00+00:00,0.0002819034443065965
2025-09-24T10:00:00+00:00,0.0002811341904320065
2025-09-24T11:00:00+00:00,0.0002813114637982817
2025-09-24T12:00:00+00:00,0.0002807672615873656
2025-09-24T13:00:00+00:00,0.00028076190069767625
2025-09-24T14:00:00+00:00,0.00028214863862557427
2025-09-24T15:00:00+00:00,0.000279498547331475
2025-09-24T16:00:00+00:00,0.00028117884872579297
2025-09-24T17:00:00+00:00,0.00028102117921375484
2025-09-24T18:00:00+00:00,0.00028029634187895475
2025-09-24T19:00:00+00:00,0.00028100081717026993
2025-09-24T20:00:00+00:00,0.0002816858056856167
2025-09-24T21:00:00+00:00,0.0002812836339542489
2025-09-24T22:00:00+00:00,0.0002828442149315085
2025-09-24T23:00:00+00:00,0.0002823413171715263
2025-09-25T00:00:00+00:00,0.00028289906758559123
2025-09-25T01:00:00+00:00,0.0002840442248126839
2025-09-25T02:00:00+00:00,0.0002866605187389372
2025-09-25T03:00:00+00:00,0.00028640449885137577
2025-09-25T04:00:00+00:00,0.0002901861851919628
2025-09-25T05:00:00+00:00,0.0002934533800327964
2025-09-25T06:00:00+00:00,0.0002914694575001071
2025-09-25T07:00:00+00:00,0.00029373238529340276
2025-09-25T08:00:00+00:00,0.00029254648805738674
2025-09-25T09:00:00+00:00,0.00029224808537433737
2025-09-25T10:00:00+00:00,0.00029165522295905024
2025-09-25T11:00:00+00:00,0.00029251485791808576
2025-09-25T12:00:00+00:00,0.0002930971707626936
2025-09-25T13:00:00+00:00,0.00029380407858920133
2025-09-25T14:00:00+00:00,0.0002937192492956097
2025-09-25T15:00:00+00:00,0.00029107632729473995
2025-09-25T16:00:00+00:00,0.0002919709440753475
2025-09-25T17:00:00+00:00,0.0002960549803808868
2025-09-25T18:00:00+00:00,0.0003030088954208505
2025-09-25T19:00:00+00:00,0.0002963314841888078
2025-09-25T20:00:00+00:00,0.00029728131620725975
2025-09-25T21:00:00+00:00,0.00029962789036956655
2025-09-25T22:00:00+00:00,0.00029842951245239184
2025-09-25T23:00:00+00:00,0.000299223338428875
2025-09-26T00:00:00+00:00,0.0003016477849383372
2025-09-26T01:00:00+00:00,0.00029715746697396805
2025-09-26T02:00:00+00:00,0.00029534890690280277
2025-09-26T03:00:00+00:00,0.0002947506087664858
2025-09-26T04:00:00+00:00,0.0002940491901718296
2025-09-26T05:00:00+00:00,0.000295478814664719
2025-09-26T06:00:00+00:00,0.0002975100139932867
2025-09-26T07:00:00+00:00,0.00029736807937038185
2025-09-26T08:00:00+00:00,0.00029604028883771993
2025-09-26T09:00:00+00:00,0.00029664235481829964
2025-09-26T10:00:00+00:00,0.000298185829801578
2025-09-26T11:00:00+00:00,0.000299677511313565
2025-09-26T12:00:00+00:00,0.0002985681579743195
2025-09-26T13:00:00+00:00,0.00029690001297580045
2025-09-26T14:00:00+00:00,0.0002932616179829738
2025-09-26T15:00:00+00:00,0.00029743435968529507
2025-09-26T16:00:00+00:00,0.00029620369373286226
2025-09-26T17:00:00+00:00,0.00029291076804808576
2025-09-26T18:00:00+00:00,0.0002894304563866748
2025-09-26T19:00:00+00:00,0.00028891713140012545
2025-09-26T20:00:00+00:00,0.0002902549027010363
2025-09-26T21:00:00+00:00,0.0002915970311059954
2025-09-26T22:00:00+00:00,0.0002908590482521782
2025-09-26T23:00:00+00:00,0.0002901591907709942
2025-09-27T00:00:00+00:00,0.0002894026568955549
2025-09-27T01:00:00+00:00,0.0002900901490376016
2025-09-27T02:00:00+00:00,0.00029078068820658236
2025-09-27T03:00:00+00:00,0.0002911803377357079
2025-09-27T04:00:00+00:00,0.0002907580540626234
2025-09-27T05:00:00+00:00,0.000290398792243349
2025-09-27T06:00:00+00:00,0.00029070993682312466
2025-09-27T07:00:00+00:00,0.00029067465961019447
2025-09-27T08:00:00+00:00,0.00029150025524704224
2025-09-27T09:00:00+00:00,0.00029313763190602215
2025-09-27T10:00:00+00:00,0.0002923851313859971
2025-09-27T11:00:00+00:00,0.0002914336143373238
2025-09-27T12:00:00+00:00,0.00029202684800064965
2025-09-27T13:00:00+00:00,0.00029017240204934754
2025-09-27T14:00:00+00:00,0.0002905885347810208
2025-09-27T15:00:00+00:00,0.000291245159719572
2025-09-27T16:00:00+00:00,0.0002906397662622578
2025-09-27T17:00:00+00:00,0.0002917349756376066
2025-09-27T18:00:00+00:00,0.0002918996781977931
2025-09-27T19:00:00+00:00,0.0002926221279681955
2025-09-27T20:00:00+00:00,0.00029197359081931725
2025-09-27T21:00:00+00:00,0.0002915081166195335
2025-09-27T22:00:00+00:00,0.00029095821201402365
2025-09-27T23:00:00+00:00,0.0002903364636344836
2025-09-28T00:00:00+00:00,0.0002908134770569639
2025-09-28T01:00:00+00:00,0.0002909579590268396
2025-09-28T02:00:00+00:00,0.00029226265941609215
2025-09-28T03:00:00+00:00,0.0002919601402172665
2025-09-28T04:00:00+00:00,0.000291928767238805
2025-09-28T05:00:00+00:00,0.0002917830445929412
2025-09-28T06:00:00+00:00,0.00029138411878286435
2025-09-28T07:00:00+00:00,0.0002916758945025168
2025-09-28T08:00:00+00:00,0.00029113416064454077
2025-09-28T09:00:00+00:00,0.0002919396346353852
2025-09-28T10:00:00+00:00,0.0002923992766610653
2025-09-28T11:00:00+00:00,0.00029241807256887465
2025-09-28T12:00:00+00:00,0.00029283683273184316
2025-09-28T13:00:00+00:00,0.0002936876156567575
2025-09-28T14:00:00+00:00,0.00029121691000436024
2025-09-28T15:00:00+00:00,0.0002905412321035982
2025-09-28T16:00:00+00:00,0.0002906749224894053
2025-09-28T17:00:00+00:00,0.0002900490799166915
2025-09-28T18:00:00+00:00,0.0002894068395705436
2025-09-28T19:00:00+00:00,0.0002894448644842184
2025-09-28T20:00:00+00:00,0.00028953228207200774
2025-09-28T21:00:00+00:00,0.00028849011603482164
2025-09-28T22:00:00+00:00,0.0002890222092406078
2025-09-28T23:00:00+00:00,0.0002829679497748216
2025-09-29T00:00:00+00:00,0.0002824984197170287
2025-09-29T01:00:00+00:00,0.00028385177523759174
2025-09-29T02:00:00+00:00,0.0002843780895294533
2025-09-29T03:00:00+00:00,0.00028486007529336194
2025-09-29T04:00:00+00:00,0.0002845211853052707
2025-09-29T05:00:00+00:00,0.00028458092601180585
2025-09-29T06:00:00+00:00,0.0002849046670084373
2025-09-29T07:00:00+00:00,0.0002858240473877825
2025-09-29T08:00:00+00:00,0.0002852489913348972
2025-09-29T09:00:00+00:00,0.0002837517434328082
2025-09-29T10:00:00+00:00,0.0002834600190633023
2025-09-29T11:00:00+00:00,0.00028410902088127707
2025-09-29T12:00:00+00:00,0.00028531597200503057
2025-09-29T13:00:00+00:00,0.00028592133184250775
2025-09-29T14:00:00+00:00,0.0002814638508643317
2025-09-29T15:00:00+00:00,0.00027938977862005824
2025-09-29T16:00:00+00:00,0.0002814446859830604
2025-09-29T17:00:00+00:00,0.00028257633472423497
2025-09-29T18:00:00+00:00,0.00028191528850208966
2025-09-29T19:00:00+00:00,0.0002816756854810946
2025-09-29T20:00:00+00:00,0.00027996485898729314
2025-09-29T21:00:00+00:00,0.00027730598456480316
2025-09-29T22:00:00+00:00,0.00027739162622498077
2025-09-29T23:00:00+00:00,0.00027780096655405774
2025-09-30T00:00:00+00:00,0.00027820751958601797
2025-09-30T01:00:00+00:00,0.00027798254915402734
2025-09-30T02:00:00+00:00,0.0002786925820456628
2025-09-30T03:00:00+00:00,0.0002788254635723182
2025-09-30T04:00:00+00:00,0.00027886778693013366
2025-09-30T05:00:00+00:00,0.0002796895356628637
2025-09-30T06:00:00+00:00,0.0002802819141701513
2025-09-30T07:00:00+00:00,0.0002797714677582146
2025-09-30T08:00:00+00:00,0.00028066958301658005
2025-09-30T09:00:00+00:00,0.000281764749922973
2025-09-30T10:00:00+00:00,0.00028317375607260893
2025-09-30T11:00:00+00:00,0.00028197690695814706
2025-09-30T12:00:00+00:00,0.00028166496559236506
2025-09-30T13:00:00+00:00,0.00028184948347631256
2025-09-30T14:00:00+00:00,0.0002828208184345806
2025-09-30T15:00:00+00:00,0.0002831882481161995
2025-09-30T16:00:00+00:00,0.00028482844253693753
2025-09-30T17:00:00+00:00,0.0002869160862553562
2025-09-30T18:00:00+00:00,0.0002863816279271886
2025-09-30T19:00:00+00:00,0.0002854031017990407
2025-09-30T20:00:00+00:00,0.000281990295102625
2025-09-30T21:00:00+00:00,0.00027962283691232524
2025-09-30T22:00:00+00:00,0.0002812103059958309
2025-09-30T23:00:00+00:00,0.0002833876113372871
2025-10-01T00:00:00+00:00,0.0002832100051777721
2025-10-01T01:00:00+00:00,0.000282957123305593
2025-10-01T02:00:00+00:00,0.0002811916932467326
2025-10-01T03:00:00+00:00,0.0002825850316401255
2025-10-01T04:00:00+00:00,0.0002840409737876505
2025-10-01T05:00:00+00:00,0.0002836674928287112
2025-10-01T06:00:00+00:00,0.00028322676502934025
2025-10-01T07:00:00+00:00,0.0002846551401693462
2025-10-01T08:00:00+00:00,0.0002834460291016236
2025-10-01T09:00:00+00:00,0.0002745525213956325
2025-10-01T10:00:00+00:00,0.00027185571689801897
2025-10-01T11:00:00+00:00,0.0002738105409030591
2025-10-01T12:00:00+00:00,0.0002731265212153277
2025-10-01T13:00:00+00:00,0.0002741808680042966
2025-10-01T14:00:00+00:00,0.00027339680870921084
2025-10-01T15:00:00+00:00,0.00027133862820721117
2025-10-01T16:00:00+00:00,0.0002709397852591044
2025-10-01T17:00:00+00:00,0.0002708324286028071
2025-10-01T18:00:00+00:00,0.0002728330689691107
2025-10-01T19:00:00+00:00,0.00027184143852910093
2025-10-01T20:00:00+00:00,0.00027069511503686225
2025-10-01T21:00:00+00:00,0.00027075827755752185
2025-10-01T22:00:00+00:00,0.000272620230149763
2025-10-01T23:00:00+00:00,0.00027193818684585633
2025-10-02T00:00:00+00:00,0.0002701588668604489
2025-10-02T01:00:00+00:00,0.0002705277191734013
2025-10-02T02:00:00+00:00,0.00026708029689920986
2025-10-02T03:00:00+00:00,0.0002675234088644282
2025-10-02T04:00:00+00:00,0.00026802459449083856
2025-10-02T05:00:00+00:00,0.000268371171695905
2025-10-02T06:00:00+00:00,0.00026768356768568004
2025-10-02T07:00:00+00:00,0.00026684590303412023
2025-10-02T08:00:00+00:00,0.0002684259589917065
2025-10-02T09:00:00+00:00,0.0002678269180772234
2025-10-02T10:00:00+00:00,0.00026748841369566423
2025-10-02T11:00:00+00:00,0.0002680656706002219
2025-10-02T12:00:00+00:00,0.00026785976187191247
2025-10-02T13:00:00+00:00,0.00026707963506432435
2025-10-02T14:00:00+00:00,0.0002653738146416441
2025-10-02T15:00:00+00:00,0.000267921982975305
2025-10-02T16:00:00+00:00,0.00026385131990458926
2025-10-02T17:00:00+00:00,0.0002632248849127056
2025-10-02T18:00:00+00:00,0.0002621719062506679
2025-10-02T19:00:00+00:00,0.0002610023449418804
2025-10-02T20:00:00+00:00,0.00026105713584322646
2025-10-02T21:00:00+00:00,0.0002613353574532984
2025-10-02T22:00:00+00:00,0.0002620541721204329
2025-10-02T23:00:00+00:00,0.0002626722834993929
2025-10-03T00:00:00+00:00,0.00026160200097754107
2025-10-03T01:00:00+00:00,0.0002621435867956861
2025-10-03T02:00:00+00:00,0.0002620344876725545
2025-10-03T03:00:00+00:00,0.0002602693037673973
2025-10-03T04:00:00+00:00,0.0002595228907804505
2025-10-03T05:00:00+00:00,0.00026071629184127817
2025-10-03T06:00:00+00:00,0.00026182359340356663
2025-10-03T07:00:00+00:00,0.00026232312664395207
2025-10-03T08:00:00+00:00,0.0002630760809548695
2025-10-03T09:00:00+00:00,0.00026312076141191826
2025-10-03T10:00:00+00:00,0.0002624179705499721
2025-10-03T11:00:00+00:00,0.00026121356688843506
2025-10-03T12:00:00+00:00,0.0002619840139562214
2025-10-03T13:00:00+00:00,0.00026164194098735066
2025-10-03T14:00:00+00:00,0.00026269943015327414
2025-10-03T15:00:00+00:00,0.0002616834910524019
2025-10-03T16:00:00+00:00,0.00025896454074004154
2025-10-03T17:00:00+00:00,0.0002587029759748923
2025-10-03T18:00:00+00:00,0.0002630998415422449
2025-10-03T19:00:00+00:00,0.0002615316514983401
2025-10-03T20:00:00+00:00,0.0002600276844124725
2025-10-03T21:00:00+00:00,0.00025945135919745743
2025-10-03T22:00:00+00:00,0.00025993133549046226
2025-10-03T23:00:00+00:00,0.0002596199965154708
2025-10-04T00:00:00+00:00,0.0002604823807442067
2025-10-04T01:00:00+00:00,0.00026130517664415095
2025-10-04T02:00:00+00:00,0.00026225282143736375
2025-10-04T03:00:00+00:00,0.00026187936531307224
2025-10-04T04:00:00+00:00,0.0002619688348959041
2025-10-04T05:00:00+00:00,0.00026134175102897247
2025-10-04T06:00:00+00:00,0.0002609985448631403
2025-10-04T07:00:00+00:00,0.0002608048496399738
2025-10-04T08:00:00+00:00,0.0002614611200832048
2025-10-04T09:00:00+00:00,0.0002617747435954958
2025-10-04T10:00:00+00:00,0.00026191998041339646
2025-10-04T11:00:00+00:00,0.00026204699220271776
2025-10-04T12:00:00+00:00,0.00026212200421634244
2025-10-04T13:00:00+00:00,0.00026246839738187856
2025-10-04T14:00:00+00:00,0.0002613840052782301
2025-10-04T15:00:00+00:00,0.0002629146269811083
2025-10-04T16:00:00+00:00,0.0002640825962636047
2025-10-04T17:00:00+00:00,0.0002638629332907041
2025-10-04T18:00:00+00:00,0.0002641414682188225
2025-10-04T19:00:00+00:00,0.0002647180292276537
2025-10-04T20:00:00+00:00,0.00026388867095375473
2025-10-04T21:00:00+00:00,0.0002631997266306475
2025-10-04T22:00:00+00:00,0.00026258127437836813
2025-10-04T23:00:00+00:00,0.00026219647351799496
2025-10-05T00:00:00+00:00,0.00026232134600433454
2025-10-05T01:00:00+00:00,0.0002631964605611872
2025-10-05T02:00:00+00:00,0.000262304324663715
2025-10-05T03:00:00+00:00,0.0002586967917669054
2025-10-05T04:00:00+00:00,0.0002594028728741895
2025-10-05T05:00:00+00:00,0.00025815887347620237
2025-10-05T06:00:00+00:00,0.00025865360068145013
2025-10-05T07:00:00+00:00,0.0002592379317880458
2025-10-05T08:00:00+00:00,0.000256567991354874
2025-10-05T09:00:00+00:00,0.00025793407034350834
2025-10-05T10:00:00+00:00,0.0002594959143751658
2025-10-05T11:00:00+00:00,0.00026025047525764553
2025-10-05T12:00:00+00:00,0.00025944892248648614
2025-10-05T13:00:00+00:00,0.0002604167387260879
2025-10-05T14:00:00+00:00,0.0002603705523365466
2025-10-05T15:00:00+00:00,0.0002603951586542371
2025-10-05T16:00:00+00:00,0.00026055366431714417
2025-10-05T17:00:00+00:00,0.000261374275683895
2025-10-05T18:00:00+00:00,0.00026184565804553746
2025-10-05T19:00:00+00:00,0.0002606809269257635
2025-10-05T20:00:00+00:00,0.00026211425264787856
2025-10-05T21:00:00+00:00,0.00026131490681073925
2025-10-05T22:00:00+00:00,0.00026094349244463956
2025-10-05T23:00:00+00:00,0.00026075724885146306
2025-10-06T00:00:00+00:00,0.00026042016082069273
2025-10-06T01:00:00+00:00,0.0002613400305781864
2025-10-06T02:00:00+00:00,0.0002599161999297769
2025-10-06T03:00:00+00:00,0.00025921427002139404
2025-10-06T04:00:00+00:00,0.0002591725127529804
2025-10-06T05:00:00+00:00,0.0002596251682769068
2025-10-06T06:00:00+00:00,0.0002592435927201884
2025-10-06T07:00:00+00:00,0.00025723119152100957
2025-10-06T08:00:00+00:00,0.00025810641174089607
2025-10-06T09:00:00+00:00,0.0002564044045241447
2025-10-06T10:00:00+00:00,0.00025553332183653524
2025-10-06T11:00:00+00:00,0.0002555774675172362
2025-10-06T12:00:00+00:00,0.00025577762342574647
2025-10-06T13:00:00+00:00,0.0002556500636636417
2025-10-06T14:00:00+00:00,0.00025346189119462094
2025-10-06T15:00:00+00:00,0.00025237045700794296
2025-10-06T16:00:00+00:00,0.0002505074203695984
2025-10-06T17:00:00+00:00,0.0002507507410082402
2025-10-06T18:00:00+00:00,0.0002493997767522713
2025-10-06T19:00:00+00:00,0.000248970597921542
2025-10-06T20:00:00+00:00,0.0002497152364461543
2025-10-06T21:00:00+00:00,0.000250253897622363
2025-10-06T22:00:00+00:00,0.00025070693028941767
2025-10-06T23:00:00+00:00,0.00024970592750447575
2025-10-07T00:00:00+00:00,0.00025032586564027086
2025-10-07T01:00:00+00:00,0.000250632402400249
2025-10-07T02:00:00+00:00,0.0002506233566309934
2025-10-07T03:00:00+00:00,0.00025020127289309535
2025-10-07T04:00:00+00:00,0.0002496983285454458
2025-10-07T05:00:00+00:00,0.00024832404072735483
2025-10-07T06:00:00+00:00,0.00024832278566581776
2025-10-07T07:00:00+00:00,0.00025007434706375955
2025-10-07T08:00:00+00:00,0.0002499814896239849
2025-10-07T09:00:00+00:00,0.00025011213439909795
2025-10-07T10:00:00+00:00,0.0002495212549899977
2025-10-07T11:00:00+00:00,0.00024894126444371646
2025-10-07T12:00:00+00:00,0.00024791044914721237
2025-10-07T13:00:00+00:00,0.000245840943828741
2025-10-07T14:00:00+00:00,0.000247698081171284
2025-10-07T15:00:00+00:00,0.000253440571941441
2025-10-07T16:00:00+00:00,0.0002589866243428904
2025-10-07T17:00:00+00:00,0.0002593976617556557
2025-10-07T18:00:00+00:00,0.00026058026023453434
2025-10-07T19:00:00+00:00,0.00026117101581629693
2025-10-07T20:00:00+00:00,0.00025985531347675364
2025-10-07T21:00:00+00:00,0.000258395068012265
2025-10-07T22:00:00+00:00,0.0002598280049752818
2025-10-07T23:00:00+00:00,0.00025922180586151
2025-10-08T00:00:00+00:00,0.00026171421727103913
2025-10-08T01:00:00+00:00,0.0002601450071330881
2025-10-08T02:00:00+00:00,0.0002593934968412067
2025-10-08T03:00:00+00:00,0.00025937903301022266
2025-10-08T04:00:00+00:00,0.0002618108356988193
2025-10-08T05:00:00+00:00,0.0002607466258953244
2025-10-08T06:00:00+00:00,0.0002619767826879719
2025-10-08T07:00:00+00:00,0.00026089621342974294
2025-10-08T08:00:00+00:00,0.00026056086366520073
2025-10-08T09:00:00+00:00,0.0002594603199507003
2025-10-08T10:00:00+00:00,0.00025921917400269207
2025-10-08T11:00:00+00:00,0.00025826620351740486
2025-10-08T12:00:00+00:00,0.00025897699004802133
2025-10-08T13:00:00+00:00,0.0002600065727876509
2025-10-08T14:00:00+00:00,0.00026026317178056324
2025-10-08T15:00:00+00:00,0.0002608414505384519
2025-10-08T16:00:00+00:00,0.000260740484904149
2025-10-08T17:00:00+00:00,0.00025833932616972855
2025-10-08T18:00:00+00:00,0.00025609887976073276
2025-10-08T19:00:00+00:00,0.0002562917324960032
2025-10-08T20:00:00+00:00,0.0002573344946781111
2025-10-08T21:00:00+00:00,0.00025781152412452415
2025-10-08T22:00:00+00:00,0.00025737865245310635
2025-10-08T23:00:00+00:00,0.0002570936262568408
2025-10-09T00:00:00+00:00,0.0002569323029721475
2025-10-09T01:00:00+00:00,0.00025764084986527495
2025-10-09T02:00:00+00:00,0.0002600731806816091
2025-10-09T03:00:00+00:00,0.0002635303059610079
2025-10-09T04:00:00+00:00,0.0002613975140186574
2025-10-09T05:00:00+00:00,0.00026124155947786297
2025-10-09T06:00:00+00:00,0.00026125163982477167
2025-10-09T07:00:00+00:00,0.0002621663112752984
2025-10-09T08:00:00+00:00,0.0002621381686855078
2025-10-09T09:00:00+00:00,0.0002682477139528909
2025-10-09T10:00:00+00:00,0.00026809154275406736
2025-10-09T11:00:00+00:00,0.0002665969808048793
2025-10-09T12:00:00+00:00,0.00026550192055250046
2025-10-09T13:00:00+00:00,0.00026370878881912144
2025-10-09T14:00:00+00:00,0.0002654942540269798
2025-10-09T15:00:00+00:00,0.000266890930133056
2025-10-09T16:00:00+00:00,0.0002678945677141666
2025-10-09T17:00:00+00:00,0.0002689983682875572
2025-10-09T18:00:00+00:00,0.00026757234903854605
2025-10-09T19:00:00+00:00,0.0002683323361928899
2025-10-09T20:00:00+00:00,0.0002667000841922373
2025-10-09T21:00:00+00:00,0.00026661419702124186
2025-10-09T22:00:00+00:00,0.0002654561642291425
2025-10-09T23:00:00+00:00,0.00026415935313836304
2025-10-10T00:00:00+00:00,0.00026482970275925786
2025-10-10T01:00:00+00:00,0.0002640456057161376
2025-10-10T02:00:00+00:00,0.0002644854227280829
2025-10-10T03:00:00+00:00,0.00026538551319682936
2025-10-10T04:00:00+00:00,0.0002657771278942089
2025-10-10T05:00:00+00:00,0.00026645589582014064
2025-10-10T06:00:00+00:00,0.0002649938813175163
2025-10-10T07:00:00+00:00,0.00026738116967226
2025-10-10T08:00:00+00:00,0.00026741971632098286
2025-10-10T09:00:00+00:00,0.00026659978718361816
2025-10-10T10:00:00+00:00,0.0002678128024490686
2025-10-10T11:00:00+00:00,0.0002663691247401722
2025-10-10T12:00:00+00:00,0.0002660895339018888
2025-10-10T13:00:00+00:00,0.00026614628332146864
2025-10-10T14:00:00+00:00,0.0002659049661893958
2025-10-10T15:00:00+00:00,0.00026751783539358
2025-10-10T16:00:00+00:00,0.00028321685711495484
2025-10-10T17:00:00+00:00,0.0002824207851769463
2025-10-10T18:00:00+00:00,0.00028314391890946726
2025-10-10T19:00:00+00:00,0.00028568376832252367
2025-10-10T20:00:00+00:00,0.0002893462972897485
2025-10-10T21:00:00+00:00,0.0002985140413225024
2025-10-10T22:00:00+00:00,0.0002934774539950853
2025-10-10T23:00:00+00:00,0.0002978805014241805
2025-10-11T00:00:00+00:00,0.00030014312594781793
2025-10-11T01:00:00+00:00,0.0002996338833834835
2025-10-11T02:00:00+00:00,0.0003071692721338161
2025-10-11T03:00:00+00:00,0.00030043054107414943
2025-10-11T04:00:00+00:00,0.0003040542639978803
2025-10-11T05:00:00+00:00,0.00030151481721452957
2025-10-11T06:00:00+00:00,0.00030312723559844845
2025-10-11T07:00:00+00:00,0.00030345923143896344
2025-10-11T08:00:00+00:00,0.00030471585553832275
2025-10-11T09:00:00+00:00,0.0002992215037875521
2025-10-11T10:00:00+00:00,0.00029792555504790195
2025-10-11T11:00:00+00:00,0.0002981914977991344
2025-10-11T12:00:00+00:00,0.00029772240802838066
2025-10-11T13:00:00+00:00,0.00029892656531559786
2025-10-11T14:00:00+00:00,0.0002978026880963598
2025-10-11T15:00:00+00:00,0.0002991488106556292
2025-10-11T16:00:00+00:00,0.000298289439050954
2025-10-11T17:00:00+00:00,0.00029900124182371076
2025-10-11T18:00:00+00:00,0.00029898943598565767
2025-10-11T19:00:00+00:00,0.00030005892272029
2025-10-11T20:00:00+00:00,0.0003041907690189994
2025-10-11T21:00:00+00:00,0.0003112560095011983
2025-10-11T22:00:00+00:00,0.0003066207094911993
2025-10-11T23:00:00+00:00,0.0003062799979065107
2025-10-12T00:00:00+00:00,0.00030589899590523814
2025-10-12T01:00:00+00:00,0.00030936738684121776
2025-10-12T02:00:00+00:00,0.00030866458926438685
2025-10-12T03:00:00+00:00,0.0003073254945147495
2025-10-12T04:00:00+00:00,0.0003038528710408648
2025-10-12T05:00:00+00:00,0.00030214722717557274
2025-10-12T06:00:00+00:00,0.00030173960589137806
2025-10-12T07:00:00+00:00,0.00030007132070483455
2025-10-12T08:00:00+00:00,0.00030025499757897625
2025-10-12T09:00:00+00:00,0.00029994958177201813
2025-10-12T10:00:00+00:00,0.0002990263046556331
2025-10-12T11:00:00+00:00,0.0003007029963618368
2025-10-12T12:00:00+00:00,0.00030050769892646373
2025-10-12T13:00:00+00:00,0.00029994684830383445
2025-10-12T14:00:00+00:00,0.0003007844003348728
2025-10-12T15:00:00+00:00,0.00028679099295077763
2025-10-12T16:00:00+00:00,0.00028271808549876665
2025-10-12T17:00:00+00:00,0.00027968475865531244
2025-10-12T18:00:00+00:00,0.0002779590323489619
2025-10-12T19:00:00+00:00,0.00027970695791221104
2025-10-12T20:00:00+00:00,0.0002775721905804097
2025-10-12T21:00:00+00:00,0.00027874831703741417
2025-10-12T22:00:00+00:00,0.0002795596578457233
2025-10-12T23:00:00+00:00,0.00027943219818773004
2025-10-13T00:00:00+00:00,0.0002785608381974134
2025-10-13T01:00:00+00:00,0.0002790410353103051
2025-10-13T02:00:00+00:00,0.0002775311860450445
2025-10-13T03:00:00+00:00,0.00027833285592045225
2025-10-13T04:00:00+00:00,0.0002802539539664784
2025-10-13T05:00:00+00:00,0.000280113248101232
2025-10-13T06:00:00+00:00,0.00028071533885148107
2025-10-13T07:00:00+00:00,0.0002781701498446186
2025-10-13T08:00:00+00:00,0.0002774609455136004
2025-10-13T09:00:00+00:00,0.00027678140697977635
2025-10-13T10:00:00+00:00,0.0002783035503342252
2025-10-13T11:00:00+00:00,0.0002785338776864889
2025-10-13T12:00:00+00:00,0.0002836017298265773
2025-10-13T13:00:00+00:00,0.00028146704734890185
2025-10-13T14:00:00+00:00,0.00027770312605158033
2025-10-13T15:00:00+00:00,0.000282485426514584
2025-10-13T16:00:00+00:00,0.0002795728780789
2025-10-13T17:00:00+00:00,0.0002771794235476241
2025-10-13T18:00:00+00:00,0.000274062699225506
2025-10-13T19:00:00+00:00,0.00027399206012052914
2025-10-13T20:00:00+00:00,0.00027078277695373866
2025-10-13T21:00:00+00:00,0.00027098602784577226
2025-10-13T22:00:00+00:00,0.00027129181020619413
2025-10-13T23:00:00+00:00,0.00027033985721140145
2025-10-14T00:00:00+00:00,0.0002721514647355725
2025-10-14T01:00:00+00:00,0.0002726551434121207
2025-10-14T02:00:00+00:00,0.00027462466065143564
2025-10-14T03:00:00+00:00,0.0002768158201755526
2025-10-14T04:00:00+00:00,0.0002780767131487847
2025-10-14T05:00:00+00:00,0.0002827607642204283
2025-10-14T06:00:00+00:00,0.00028446289555857535
2025-10-14T07:00:00+00:00,0.0002884902522121213
2025-10-14T08:00:00+00:00,0.0002901431052024865
2025-10-14T09:00:00+00:00,0.0002891609687110803
2025-10-14T10:00:00+00:00,0.000290535113101044
2025-10-14T11:00:00+00:00,0.00029305421385068093
2025-10-14T12:00:00+00:00,0.0002905054901486669
2025-10-14T13:00:00+00:00,0.0002919248468180767
2025-10-14T14:00:00+00:00,0.00029211709315432827
2025-10-14T15:00:00+00:00,0.0002909437390497865
2025-10-14T16:00:00+00:00,0.0002846486728969784
2025-10-14T17:00:00+00:00,0.0002802930600031893
2025-10-14T18:00:00+00:00,0.0002816012498176251
2025-10-14T19:00:00+00:00,0.00028118373282855945
2025-10-14T20:00:00+00:00,0.0002823623988943254
2025-10-14T21:00:00+00:00,0.0002814535093560961
2025-10-14T22:00:00+00:00,0.000281001525989361
2025-10-14T23:00:00+00:00,0.0002816595150106441
2025-10-15T00:00:00+00:00,0.00028074205409547273
2025-10-15T01:00:00+00:00,0.00028172005055540297
2025-10-15T02:00:00+00:00,0.00028184091882706527
2025-10-15T03:00:00+00:00,0.00028173946675505933
2025-10-15T04:00:00+00:00,0.0002842868261028607
2025-10-15T05:00:00+00:00,0.00028194285754698506
2025-10-15T06:00:00+00:00,0.0002824900688806799
2025-10-15T07:00:00+00:00,0.00028254656322397603
2025-10-15T08:00:00+00:00,0.0002821133163446516
2025-10-15T09:00:00+00:00,0.00027800712573455215
2025-10-15T10:00:00+00:00,0.000279775304309011
2025-10-15T11:00:00+00:00,0.00028181003737617156
2025-10-15T12:00:00+00:00,0.00028312203004410595
2025-10-15T13:00:00+00:00,0.0002834140592521098
2025-10-15T14:00:00+00:00,0.0002861018081152957
2025-10-15T15:00:00+00:00,0.0002897918645376103
2025-10-15T16:00:00+00:00,0.0002920659933386891
2025-10-15T17:00:00+00:00,0.00029233815849628267
2025-10-15T18:00:00+00:00,0.00029098847824666276
2025-10-15T19:00:00+00:00,0.0002904737528681862
2025-10-15T20:00:00+00:00,0.00029207194710201593
2025-10-15T21:00:00+00:00,0.0002932329531857364
2025-10-15T22:00:00+00:00,0.0002949053344267079
2025-10-15T23:00:00+00:00,0.00029370681820354194
2025-10-16T00:00:00+00:00,0.0002923769954317725
2025-10-16T01:00:00+00:00,0.0002925727856795198
2025-10-16T02:00:00+00:00,0.00029097731358561466
2025-10-16T03:00:00+00:00,0.0002891223010530746
2025-10-16T04:00:00+00:00,0.00029035035807135006
2025-10-16T05:00:00+00:00,0.000291148996105147
2025-10-16T06:00:00+00:00,0.0002918677712945671
2025-10-16T07:00:00+00:00,0.0002880888871077876
2025-10-16T08:00:00+00:00,0.0002910668137552439
2025-10-16T09:00:00+00:00,0.0002916887816819973
2025-10-16T10:00:00+00:00,0.0002893038181429813
2025-10-16T11:00:00+00:00,0.000287256997050367
2025-10-16T12:00:00+00:00,0.0002868403553454246
2025-10-16T13:00:00+00:00,0.00028714726786453857
2025-10-16T14:00:00+00:00,0.00028956054183197855
2025-10-16T15:00:00+00:00,0.00029030624170354877
2025-10-16T16:00:00+00:00,0.0002983264803652854
2025-10-16T17:00:00+00:00,0.00029643019731024326
2025-10-16T18:00:00+00:00,0.0002979327908589352
2025-10-16T19:00:00+00:00,0.00029924252381498056
2025-10-16T20:00:00+00:00,0.0003008532187576183
2025-10-16T21:00:00+00:00,0.0003033230309309844
2025-10-16T22:00:00+00:00,0.00030110351705885937
2025-10-16T23:00:00+00:00,0.0003015538280742894
2025-10-17T00:00:00+00:00,0.0003002600232709119
2025-10-17T01:00:00+00:00,0.00029807088324071505
2025-10-17T02:00:00+00:00,0.0002992523967555073
2025-10-17T03:00:00+00:00,0.00029809316821728725
2025-10-17T04:00:00+00:00,0.00029757315431744785
2025-10-17T05:00:00+00:00,0.0002990371661200681
2025-10-17T06:00:00+00:00,0.0003002694349089499
2025-10-17T07:00:00+00:00,0.0003063894621729891
2025-10-17T08:00:00+00:00,0.0003108224332986873
2025-10-17T09:00:00+00:00,0.00031536362798492424
2025-10-17T10:00:00+00:00,0.00031276626873000723
2025-10-17T11:00:00+00:00,0.0003136787508955922
2025-10-17T12:00:00+00:00,0.0003089396945876941
2025-10-17T13:00:00+00:00,0.000308444147737424
2025-10-17T14:00:00+00:00,0.00030686861592275265
2025-10-17T15:00:00+00:00,0.0003100304494239454
2025-10-17T16:00:00+00:00,0.00030706535637923035
2025-10-17T17:00:00+00:00,0.00030764824868665264
2025-10-17T18:00:00+00:00,0.00030532560233368966
2025-10-17T19:00:00+00:00,0.0003042751763218355
2025-10-17T20:00:00+00:00,0.0003042146006219805
2025-10-17T21:00:00+00:00,0.0003019844605690392
2025-10-17T22:00:00+00:00,0.00030016985688046045
2025-10-17T23:00:00+00:00,0.0003019957502565571
2025-10-18T00:00:00+00:00,0.00030377897192197594
2025-10-18T01:00:00+00:00,0.0003031270477166179
2025-10-18T02:00:00+00:00,0.0003011588081752717
2025-10-18T03:00:00+00:00,0.0003021731379889123
2025-10-18T04:00:00+00:00,0.00030069208862248286
2025-10-18T05:00:00+00:00,0.00030267992450038356
2025-10-18T06:00:00+00:00,0.0003011687680617076
2025-10-18T07:00:00+00:00,0.00030049417926098117
2025-10-18T08:00:00+00:00,0.00029833372568513207
2025-10-18T09:00:00+00:00,0.00029984565502696835
2025-10-18T10:00:00+00:00,0.00029967512778139306
2025-10-18T11:00:00+00:00,0.00029966052232523026
2025-10-18T12:00:00+00:00,0.000299887077985219
2025-10-18T13:00:00+00:00,0.0002992827642729914
2025-10-18T14:00:00+00:00,0.0003006550828562876
2025-10-18T15:00:00+00:00,0.00029989390206526994
2025-10-18T16:00:00+00:00,0.0002996658505450827
2025-10-18T17:00:00+00:00,0.00030094280591865186
2025-10-18T18:00:00+00:00,0.0002993774556641721
2025-10-18T19:00:00+00:00,0.00029919666101967704
2025-10-18T20:00:00+00:00,0.0002987294172727433
2025-10-18T21:00:00+00:00,0.0002993123978106329
2025-10-18T22:00:00+00:00,0.0002989080319849807
2025-10-18T23:00:00+00:00,0.00029941258981242095
2025-10-19T00:00:00+00:00,0.00029924380116016065
2025-10-19T01:00:00+00:00,0.0003005934153632438
2025-10-19T02:00:00+00:00,0.00030034060403720856
2025-10-19T03:00:00+00:00,0.00030048654669832483
2025-10-19T04:00:00+00:00,0.000297921818910283
2025-10-19T05:00:00+00:00,0.0002980446766086072
2025-10-19T06:00:00+00:00,0.0002985861784756092
2025-10-19T07:00:00+00:00,0.00030013483657972636
2025-10-19T08:00:00+00:00,0.0002993676869670367
2025-10-19T09:00:00+00:00,0.00030070798783579373
2025-10-19T10:00:00+00:00,0.0002969551752718438
2025-10-19T11:00:00+00:00,0.0002968550123116555
2025-10-19T12:00:00+00:00,0.000296538698043423
2025-10-19T13:00:00+00:00,0.0002967173470922629
2025-10-19T14:00:00+00:00,0.00029287656710731024
2025-10-19T15:00:00+00:00,0.0002915607885742826
2025-10-19T16:00:00+00:00,0.00029237194034190513
2025-10-19T17:00:00+00:00,0.0002919140040455707
2025-10-19T18:00:00+00:00,0.00029119152270999004
2025-10-19T19:00:00+00:00,0.0002905747554853503
2025-10-19T20:00:00+00:00,0.000291723849291761
2025-10-19T21:00:00+00:00,0.0002910226585375607
2025-10-19T22:00:00+00:00,0.00029189590844311
2025-10-19T23:00:00+00:00,0.00028950608166563435
2025-10-20T00:00:00+00:00,0.0002925074257025232
2025-10-20T01:00:00+00:00,0.00029594139051424933
2025-10-20T02:00:00+00:00,0.00029601669601381637
2025-10-20T03:00:00+00:00,0.00029460809995658085
2025-10-20T04:00:00+00:00,0.0002893860745301615
2025-10-20T05:00:00+00:00,0.0002880335362112713
2025-10-20T06:00:00+00:00,0.0002868356897078762
2025-10-20T07:00:00+00:00,0.0002858147178443503
2025-10-20T08:00:00+00:00,0.0002875524523473151
2025-10-20T09:00:00+00:00,0.00028800573484579097
2025-10-20T10:00:00+00:00,0.0002883230272187697
2025-10-20T11:00:00+00:00,0.0002894295681701362
2025-10-20T12:00:00+00:00,0.00028845382685563614
2025-10-20T13:00:00+00:00,0.0002889920073351107
2025-10-20T14:00:00+00:00,0.0002882439141315984
2025-10-20T15:00:00+00:00,0.0002883066368161975
2025-10-20T16:00:00+00:00,0.00028896502846458444
2025-10-20T17:00:00+00:00,0.0002956282824010713
2025-10-20T18:00:00+00:00,0.00029463122097381163
2025-10-20T19:00:00+00:00,0.00029326848431899584
2025-10-20T20:00:00+00:00,0.00029196976621373124
2025-10-20T21:00:00+00:00,0.00029140297819904066
2025-10-20T22:00:00+00:00,0.00029279960933352656
2025-10-20T23:00:00+00:00,0.0002919488355806918
2025-10-21T00:00:00+00:00,0.0002925362473829913
2025-10-21T01:00:00+00:00,0.0002932386202706742
2025-10-21T02:00:00+00:00,0.00029510910878738963
2025-10-21T03:00:00+00:00,0.0002956154195554281
2025-10-21T04:00:00+00:00,0.00029670570173104374
2025-10-21T05:00:00+00:00,0.0003019508783883227
2025-10-21T06:00:00+00:00,0.0003008866527355652
2025-10-21T07:00:00+00:00,0.00029913969208160337
2025-10-21T08:00:00+00:00,0.0002985815395109154
2025-10-21T09:00:00+00:00,0.00030026161624594687
2025-10-21T10:00:00+00:00,0.0003007966645953211
2025-10-21T11:00:00+00:00,0.0002985917144278295
2025-10-21T12:00:00+00:00,0.0002983768231206833
2025-10-21T13:00:00+00:00,0.00029822407149875796
2025-10-21T14:00:00+00:00,0.00030075427725517284
2025-10-21T15:00:00+00:00,0.0002902981198337786
2025-10-21T16:00:00+00:00,0.0002852115626293856
2025-10-21T17:00:00+00:00,0.00028514289868078333
2025-10-21T18:00:00+00:00,0.0002887066820452559
2025-10-21T19:00:00+00:00,0.000289002909864706
2025-10-21T20:00:00+00:00,0.00028915115209388704
2025-10-21T21:00:00+00:00,0.00029315459370504043
2025-10-21T22:00:00+00:00,0.000294151585008674
2025-10-21T23:00:00+00:00,0.0002974273076457414
2025-10-22T00:00:00+00:00,0.00029915724572659216
2025-10-22T01:00:00+00:00,0.0003018737082961404
2025-10-22T02:00:00+00:00,0.000300339419673158
2025-10-22T03:00:00+00:00,0.0003001279591272519
2025-10-22T04:00:00+00:00,0.00030066456681761934
2025-10-22T05:00:00+00:00,0.0002992218611880254
2025-10-22T06:00:00+00:00,0.00030057592764428325
2025-10-22T07:00:00+00:00,0.00030065332112188165
2025-10-22T08:00:00+00:00,0.0003002266637724668
2025-10-22T09:00:00+00:00,0.00030060328345182937
2025-10-22T10:00:00+00:00,0.00030188842745896535
2025-10-22T11:00:00+00:00,0.00030234632894272895
2025-10-22T12:00:00+00:00,0.000302531534328568
2025-10-22T13:00:00+00:00,0.0003009503426421602
2025-10-22T14:00:00+00:00,0.0003007142330325922
2025-10-22T15:00:00+00:00,0.0003038535743073567
2025-10-22T16:00:00+00:00,0.00030230349362087255
2025-10-22T17:00:00+00:00,0.00030176607356476276
2025-10-22T18:00:00+00:00,0.0003055826490163012
2025-10-22T19:00:00+00:00,0.0003053039669321578
2025-10-22T20:00:00+00:00,0.00030490930930134475
2025-10-22T21:00:00+00:00,0.00030702624523902756
2025-10-22T22:00:00+00:00,0.0003096246283164258
2025-10-22T23:00:00+00:00,0.00030958608125070255
2025-10-23T00:00:00+00:00,0.00030500868696996605
2025-10-23T01:00:00+00:00,0.0003037469588982021
2025-10-23T02:00:00+00:00,0.0003035455343743012
2025-10-23T03:00:00+00:00,0.00030347358272732734
2025-10-23T04:00:00+00:00,0.00030290358746056694
2025-10-23T05:00:00+00:00,0.0003021706518267392
2025-10-23T06:00:00+00:00,0.00030145268365866707
2025-10-23T07:00:00+00:00,0.00029824898150919687
2025-10-23T08:00:00+00:00,0.00029859680063141304
2025-10-23T09:00:00+00:00,0.0002981701912262694
2025-10-23T10:00:00+00:00,0.00029837608247192685
2025-10-23T11:00:00+00:00,0.00029876090632689436
2025-10-23T12:00:00+00:00,0.0002997923787688387
2025-10-23T13:00:00+00:00,0.0003014462985131624
2025-10-23T14:00:00+00:00,0.00030118589592096327
2025-10-23T15:00:00+00:00,0.0003023244210039581
2025-10-23T16:00:00+00:00,0.00029878602853113275
2025-10-23T17:00:00+00:00,0.0002956015502826498
2025-10-23T18:00:00+00:00,0.00029632031816809065
2025-10-23T19:00:00+00:00,0.0002999477851188754
2025-10-23T20:00:00+00:00,0.00030069972146357316
2025-10-23T21:00:00+00:00,0.00030185280225015565
2025-10-23T22:00:00+00:00,0.00030292489306180006
2025-10-23T23:00:00+00:00,0.0003016459058271661
2025-10-24T00:00:00+00:00,0.0003013818166426221
2025-10-24T01:00:00+00:00,0.0003002718440583109
2025-10-24T02:00:00+00:00,0.00029930803138184247
2025-10-24T03:00:00+00:00,0.00029877142448328536
2025-10-24T04:00:00+00:00,0.00029864775059505093
2025-10-24T05:00:00+00:00,0.00029200255517538144
2025-10-24T06:00:00+00:00,0.00029167768895996623
2025-10-24T07:00:00+00:00,0.00029159713855127656
2025-10-24T08:00:00+00:00,0.0002945228412238985
2025-10-24T09:00:00+00:00,0.00029371801579384133
2025-10-24T10:00:00+00:00,0.0002932915209621759
2025-10-24T11:00:00+00:00,0.00029326127825451655
2025-10-24T12:00:00+00:00,0.0002939975580393782
2025-10-24T13:00:00+00:00,0.0002932332995472251
2025-10-24T14:00:00+00:00,0.00029512989425595546
2025-10-24T15:00:00+00:00,0.00029823240297806644
2025-10-24T16:00:00+00:00,0.0002988266255492689
2025-10-24T17:00:00+00:00,0.00029953548992887863
2025-10-24T18:00:00+00:00,0.00029868521479739957
2025-10-24T19:00:00+00:00,0.00029733946010665246
2025-10-24T20:00:00+00:00,0.0002955803023585227
2025-10-24T21:00:00+00:00,0.0002953148361207163
2025-10-24T22:00:00+00:00,0.00029505162967397735
2025-10-24T23:00:00+00:00,0.00029551910390160195
2025-10-25T00:00:00+00:00,0.00029554945413012374
2025-10-25T01:00:00+00:00,0.00029693088624674905
2025-10-25T02:00:00+00:00,0.0002955360071043987
2025-10-25T03:00:00+00:00,0.00029542186928504556
2025-10-25T04:00:00+00:00,0.00029629772911246577
2025-10-25T05:00:00+00:00,0.0002962571643366956
2025-10-25T06:00:00+00:00,0.0002959160890735117
2025-10-25T07:00:00+00:00,0.00029592266758994025
2025-10-25T08:00:00+00:00,0.000295853023379806
2025-10-25T09:00:00+00:00,0.00029440962999104596
2025-10-25T10:00:00+00:00,0.0002948103062216955
2025-10-25T11:00:00+00:00,0.00029498766851518405
2025-10-25T12:00:00+00:00,0.0002949771065964089
2025-10-25T13:00:00+00:00,0.0002945155164591573
2025-10-25T14:00:00+00:00,0.00029507119905196837
2025-10-25T15:00:00+00:00,0.00029545610225354866
2025-10-25T16:00:00+00:00,0.00029575267064850633
2025-10-25T17:00:00+00:00,0.0002956624810766495
2025-10-25T18:00:00+00:00,0.00029540257467732754
2025-10-25T19:00:00+00:00,0.0002939432691728659
2025-10-25T20:00:00+00:00,0.0002939307014485549
2025-10-25T21:00:00+00:00,0.00029462639094217857
2025-10-25T22:00:00+00:00,0.0002945878758012779
2025-10-25T23:00:00+00:00,0.0002933964670798323
2025-10-26T00:00:00+00:00,0.0002941112188401997
2025-10-26T01:00:00+00:00,0.00029435714463652056
2025-10-26T02:00:00+00:00,0.0002947045998624391
2025-10-26T03:00:00+00:00,0.00029588830659032025
2025-10-26T04:00:00+00:00,0.0002957613919684946
2025-10-26T05:00:00+00:00,0.00029519940473582873
2025-10-26T06:00:00+00:00,0.00029478222681624444
2025-10-26T07:00:00+00:00,0.00029475777219486175
2025-10-26T08:00:00+00:00,0.00029435864753417135
2025-10-26T09:00:00+00:00,0.00029366851261878067
2025-10-26T10:00:00+00:00,0.00029197377438432197
2025-10-26T11:00:00+00:00,0.0002917443219662792
2025-10-26T12:00:00+00:00,0.0002877795161260037
2025-10-26T13:00:00+00:00,0.000285821478884395
2025-10-26T14:00:00+00:00,0.0002851159599991348
2025-10-26T15:00:00+00:00,0.00028616111329019623
2025-10-26T16:00:00+00:00,0.00028557417465946324
2025-10-26T17:00:00+00:00,0.0002869764518111062
2025-10-26T18:00:00+00:00,0.00028633654653017966
2025-10-26T19:00:00+00:00,0.0002854902801200697
2025-10-26T20:00:00+00:00,0.00028610065903635534
2025-10-26T21:00:00+00:00,0.00028602453929254504
2025-10-26T22:00:00+00:00,0.0002850382357893844
2025-10-26T23:00:00+00:00,0.00027961618003210115
2025-10-27T00:00:00+00:00,0.0002795313572152191
2025-10-27T01:00:00+00:00,0.0002789258589555602
2025-10-27T02:00:00+00:00,0.0002777835689263469
2025-10-27T03:00:00+00:00,0.0002767288118220895
2025-10-27T04:00:00+00:00,0.0002765620849339435
2025-10-27T05:00:00+00:00,0.0002757683276120053
2025-10-27T06:00:00+00:00,0.000274799005274922
2025-10-27T07:00:00+00:00,0.00027493124896618915
2025-10-27T08:00:00+00:00,0.0002765635103409054
2025-10-27T09:00:00+00:00,0.00027913376439459746
2025-10-27T10:00:00+00:00,0.0002797445206936889
2025-10-27T11:00:00+00:00,0.00027917799831449994
2025-10-27T12:00:00+00:00,0.0002798297322986184
2025-10-27T13:00:00+00:00,0.000280963996697328
2025-10-27T14:00:00+00:00,0.00027870936201359323
2025-10-27T15:00:00+00:00,0.00028051660160424957
2025-10-27T16:00:00+00:00,0.0002788879636997552
2025-10-27T17:00:00+00:00,0.00027619020401177936
2025-10-27T18:00:00+00:00,0.0002757292585333773
2025-10-27T19:00:00+00:00,0.0002762236061074427
2025-10-27T20:00:00+00:00,0.0002773503075298589
2025-10-27T21:00:00+00:00,0.0002817407009233489
2025-10-27T22:00:00+00:00,0.00028216495668420625
2025-10-27T23:00:00+00:00,0.0002830075273003077
2025-10-28T00:00:00+00:00,0.00028277367493490993
2025-10-28T01:00:00+00:00,0.00028302225617240183
2025-10-28T02:00:00+00:00,0.0002818406805722898
2025-10-28T03:00:00+00:00,0.00028462003409756014
2025-10-28T04:00:00+00:00,0.000285161216788803
2025-10-28T05:00:00+00:00,0.0002840723347331395
2025-10-28T06:00:00+00:00,0.00028619090032384187
2025-10-28T07:00:00+00:00,0.00028370752741520164
2025-10-28T08:00:00+00:00,0.0002833240277996798
2025-10-28T09:00:00+00:00,0.0002826473152876683
2025-10-28T10:00:00+00:00,0.0002826707524894937
2025-10-28T11:00:00+00:00,0.0002831742483063492
2025-10-28T12:00:00+00:00,0.00028359625949974103
2025-10-28T13:00:00+00:00,0.00028177970125320916
2025-10-28T14:00:00+00:00,0.00028020080964540013
2025-10-28T15:00:00+00:00,0.00028367545921648574
2025-10-28T16:00:00+00:00,0.0002843539995310333
2025-10-28T17:00:00+00:00,0.00028192008850131116
2025-10-28T18:00:00+00:00,0.0002815124932596633
2025-10-28T19:00:00+00:00,0.0002836682338233413
2025-10-28T20:00:00+00:00,0.0002886495101011234
2025-10-28T21:00:00+00:00,0.0002923337662862668
2025-10-28T22:00:00+00:00,0.0002926027903950493
2025-10-28T23:00:00+00:00,0.0002914728345948747
2025-10-29T00:00:00+00:00,0.0002922704197416587
2025-10-29T01:00:00+00:00,0.0002932492070394386
2025-10-29T02:00:00+00:00,0.00029239862148514
2025-10-29T03:00:00+00:00,0.00029082149379943285
2025-10-29T04:00:00+00:00,0.0002913296067148651
2025-10-29T05:00:00+00:00,0.00028971370539470715
2025-10-29T06:00:00+00:00,0.000288826781779953
2025-10-29T07:00:00+00:00,0.00028873737778003903
2025-10-29T08:00:00+00:00,0.00028873447649752266
2025-10-29T09:00:00+00:00,0.00028989554332087454
2025-10-29T10:00:00+00:00,0.0002908111998697335
2025-10-29T11:00:00+00:00,0.0002914304684671551
2025-10-29T12:00:00+00:00,0.0002900978426007518
2025-10-29T13:00:00+00:00,0.0002896626357689607
2025-10-29T14:00:00+00:00,0.00029135759650247454
2025-10-29T15:00:00+00:00,0.00029188823165122546
2025-10-29T16:00:00+00:00,0.0002954626087180877
2025-10-29T17:00:00+00:00,0.00029395909028998555
2025-10-29T18:00:00+00:00,0.0002904138077910691
2025-10-29T19:00:00+00:00,0.00029468084122683024
2025-10-29T20:00:00+00:00,0.00029556171499206936
2025-10-29T21:00:00+00:00,0.0002938403571989942
2025-10-29T22:00:00+00:00,0.0002933291433509999
2025-10-29T23:00:00+00:00,0.0002938674576956839
2025-10-30T00:00:00+00:00,0.0002976609114813244
2025-10-30T01:00:00+00:00,0.00029683117903028913
2025-10-30T02:00:00+00:00,0.00029555855548750606
2025-10-30T03:00:00+00:00,0.00029457970180354843
2025-10-30T04:00:00+00:00,0.000295295303625127
2025-10-30T05:00:00+00:00,0.0003003975754691648
2025-10-30T06:00:00+00:00,0.0002963175467845759
2025-10-30T07:00:00+00:00,0.0002964539563605149
2025-10-30T08:00:00+00:00,0.00029464495402749973
2025-10-30T09:00:00+00:00,0.0002958173366657404
2025-10-30T10:00:00+00:00,0.000297580819335298
2025-10-30T11:00:00+00:00,0.00029806800015556693
2025-10-30T12:00:00+00:00,0.00029870441915036915
2025-10-30T13:00:00+00:00,0.00030356821072779637
