datetime_utc,price_in_eth
2025-08-01T14:00:00+00:00,0.0002780728970962924
2025-08-01T15:00:00+00:00,0.00027565236298011416
2025-08-01T16:00:00+00:00,0.0002763729471804784
2025-08-01T17:00:00+00:00,0.00027937349506262883
2025-08-01T18:00:00+00:00,0.0002798208241509167
2025-08-01T19:00:00+00:00,0.00028082812352124613
2025-08-01T20:00:00+00:00,0.000283996113266472
2025-08-01T21:00:00+00:00,0.00028229529433548953
2025-08-01T22:00:00+00:00,0.0002820432866979844
2025-08-01T23:00:00+00:00,0.00028833697091352155
2025-08-02T00:00:00+00:00,0.0002861255565441685
2025-08-02T01:00:00+00:00,0.0002839683165864345
2025-08-02T02:00:00+00:00,0.00028448235675220164
2025-08-02T03:00:00+00:00,0.00028338198555563887
2025-08-02T04:00:00+00:00,0.00028327371711230585
2025-08-02T05:00:00+00:00,0.00028276361808979484
2025-08-02T06:00:00+00:00,0.00028392094185295994
2025-08-02T07:00:00+00:00,0.00028741664395590127
2025-08-02T08:00:00+00:00,0.0002839474954733068
2025-08-02T09:00:00+00:00,0.00028606760326321595
2025-08-02T10:00:00+00:00,0.0002861785352564616
2025-08-02T11:00:00+00:00,0.0002863717576886287
2025-08-02T12:00:00+00:00,0.00028481675199683185
2025-08-02T13:00:00+00:00,0.00028472460780995626
2025-08-02T14:00:00+00:00,0.00028458370975751777
2025-08-02T15:00:00+00:00,0.0002874432427198241
2025-08-02T16:00:00+00:00,0.00028887521143318976
2025-08-02T17:00:00+00:00,0.00028795980748384
2025-08-02T18:00:00+00:00,0.00029175787272347266
2025-08-02T19:00:00+00:00,0.00029544475325843275
2025-08-02T20:00:00+00:00,0.000293773719044554
2025-08-02T21:00:00+00:00,0.0002923578546769263
2025-08-02T22:00:00+00:00,0.0002921605367725774
2025-08-02T23:00:00+00:00,0.00029242020377704954
2025-08-03T00:00:00+00:00,0.0002937244090672421
2025-08-03T01:00:00+00:00,0.0002933614363831159
2025-08-03T02:00:00+00:00,0.0002925260031429437
2025-08-03T03:00:00+00:00,0.0002902174606133145
2025-08-03T04:00:00+00:00,0.0002897809842419262
2025-08-03T05:00:00+00:00,0.00029058695357403415
2025-08-03T06:00:00+00:00,0.00029017299834201377
2025-08-03T07:00:00+00:00,0.00029022777578282833
2025-08-03T08:00:00+00:00,0.00028912770443220405
2025-08-03T09:00:00+00:00,0.0002886785430220672
2025-08-03T10:00:00+00:00,0.0002883569702705594
2025-08-03T11:00:00+00:00,0.0002864189023287492
2025-08-03T12:00:00+00:00,0.0002867396008488094
2025-08-03T13:00:00+00:00,0.0002858474261821062
2025-08-03T14:00:00+00:00,0.00028628739123211293
2025-08-03T15:00:00+00:00,0.00028767518892781993
2025-08-03T16:00:00+00:00,0.0002875338353694714
2025-08-03T17:00:00+00:00,0.00028620274991138044
2025-08-03T18:00:00+00:00,0.00028651832623334517
2025-08-03T19:00:00+00:00,0.00028605680562765695
2025-08-03T20:00:00+00:00,0.00028565211448050554
2025-08-03T21:00:00+00:00,0.0002861539272768604
2025-08-03T22:00:00+00:00,0.000285360186845465
2025-08-03T23:00:00+00:00,0.00028512871270246166
2025-08-04T00:00:00+00:00,0.0002855885818870714
2025-08-04T01:00:00+00:00,0.00028172890850287744
2025-08-04T02:00:00+00:00,0.0002824783673324695
2025-08-04T03:00:00+00:00,0.0002800550722763281
2025-08-04T04:00:00+00:00,0.00028065410984827064
2025-08-04T05:00:00+00:00,0.00028235652702309876
2025-08-04T06:00:00+00:00,0.00028272226361959583
2025-08-04T07:00:00+00:00,0.0002821772276375761
2025-08-04T08:00:00+00:00,0.0002808482663244056
2025-08-04T09:00:00+00:00,0.00028132158885405684
2025-08-04T10:00:00+00:00,0.00028160046661653866
2025-08-04T11:00:00+00:00,0.0002808318797676882
2025-08-04T12:00:00+00:00,0.00028097896238779904
2025-08-04T13:00:00+00:00,0.00027984496293544255
2025-08-04T14:00:00+00:00,0.00027605361117366556
2025-08-04T15:00:00+00:00,0.0002745489455011848
2025-08-04T16:00:00+00:00,0.00027392010169720765
2025-08-04T17:00:00+00:00,0.00027084129081923655
2025-08-04T18:00:00+00:00,0.0002711004438587276
2025-08-04T19:00:00+00:00,0.0002717218776191398
2025-08-04T20:00:00+00:00,0.00027243629431513333
2025-08-04T21:00:00+00:00,0.0002697176464841229
2025-08-04T22:00:00+00:00,0.00026868901766017276
2025-08-04T23:00:00+00:00,0.00026784405499046606
2025-08-05T00:00:00+00:00,0.0002689028721365995
2025-08-05T01:00:00+00:00,0.000270184287732525
2025-08-05T02:00:00+00:00,0.0002713408915280434
2025-08-05T03:00:00+00:00,0.00027163243674854234
2025-08-05T04:00:00+00:00,0.0002734276784539432
2025-08-05T05:00:00+00:00,0.00027361328945102567
2025-08-05T06:00:00+00:00,0.0002721351877980436
2025-08-05T07:00:00+00:00,0.00027393300239560153
2025-08-05T08:00:00+00:00,0.0002765760402878302
2025-08-05T09:00:00+00:00,0.00027480093789949864
2025-08-05T10:00:00+00:00,0.00027297980310818316
2025-08-05T11:00:00+00:00,0.00027178851267561677
2025-08-05T12:00:00+00:00,0.0002722507437969303
2025-08-05T13:00:00+00:00,0.0002751886208485065
2025-08-05T14:00:00+00:00,0.00027372305504319507
2025-08-05T15:00:00+00:00,0.0002797202502279505
2025-08-05T16:00:00+00:00,0.000280249184851323
2025-08-05T17:00:00+00:00,0.00027909436085066334
2025-08-05T18:00:00+00:00,0.0002773830026990209
2025-08-05T19:00:00+00:00,0.00027955179001269925
2025-08-05T20:00:00+00:00,0.0002796519637217952
2025-08-05T21:00:00+00:00,0.000279141493211265
2025-08-05T22:00:00+00:00,0.0002805904776672058
2025-08-05T23:00:00+00:00,0.00027755025805032194
2025-08-06T00:00:00+00:00,0.00027662362330325334
2025-08-06T01:00:00+00:00,0.0002792744898854938
2025-08-06T02:00:00+00:00,0.0002783544454175341
2025-08-06T03:00:00+00:00,0.0002784197843361975
2025-08-06T04:00:00+00:00,0.0002789275513803497
2025-08-06T05:00:00+00:00,0.0002794384768588067
2025-08-06T06:00:00+00:00,0.00027517833789077385
2025-08-06T07:00:00+00:00,0.0002750836708395087
2025-08-06T08:00:00+00:00,0.00027462732134226605
2025-08-06T09:00:00+00:00,0.0002761491274539348
2025-08-06T10:00:00+00:00,0.0002754824144792405
2025-08-06T11:00:00+00:00,0.00027622816142164016
2025-08-06T12:00:00+00:00,0.0002759869550038076
2025-08-06T13:00:00+00:00,0.00027881969686274186
2025-08-06T14:00:00+00:00,0.00027654981578158
2025-08-06T15:00:00+00:00,0.00027542432472213305
2025-08-06T16:00:00+00:00,0.00027258047845941133
2025-08-06T17:00:00+00:00,0.0002741486765586098
2025-08-06T18:00:00+00:00,0.00027131623829640823
2025-08-06T19:00:00+00:00,0.0002715738786635004
2025-08-06T20:00:00+00:00,0.00027181191288301343
2025-08-06T21:00:00+00:00,0.0002717766626579013
2025-08-06T22:00:00+00:00,0.0002726506713218081
2025-08-06T23:00:00+00:00,0.00027166190086369183
2025-08-07T00:00:00+00:00,0.00027138953035400813
2025-08-07T01:00:00+00:00,0.0002721001558716128
2025-08-07T02:00:00+00:00,0.0002726018326626673
2025-08-07T03:00:00+00:00,0.0002732838343521685
2025-08-07T04:00:00+00:00,0.00027309705266386153
2025-08-07T05:00:00+00:00,0.00027302236134461134
2025-08-07T06:00:00+00:00,0.00027111381840798127
2025-08-07T07:00:00+00:00,0.000270317175998433
2025-08-07T08:00:00+00:00,0.00026965473305316757
2025-08-07T09:00:00+00:00,0.0002687510716785766
2025-08-07T10:00:00+00:00,0.00026702911490036847
2025-08-07T11:00:00+00:00,0.000261659411243388
2025-08-07T12:00:00+00:00,0.00026090398580654614
2025-08-07T13:00:00+00:00,0.000260034899150673
2025-08-07T14:00:00+00:00,0.000259638322833555
2025-08-07T15:00:00+00:00,0.0002619293527295428
2025-08-07T16:00:00+00:00,0.0002604768239863689
2025-08-07T17:00:00+00:00,0.00026196653752538285
2025-08-07T18:00:00+00:00,0.0002611854440257114
2025-08-07T19:00:00+00:00,0.000261278776364268
2025-08-07T20:00:00+00:00,0.0002589398707742253
2025-08-07T21:00:00+00:00,0.0002581189992455499
2025-08-07T22:00:00+00:00,0.0002581452860170392
2025-08-07T23:00:00+00:00,0.0002551875811129989
2025-08-08T00:00:00+00:00,0.00025576969166612117
2025-08-08T01:00:00+00:00,0.000256167250125964
2025-08-08T02:00:00+00:00,0.00025728543059057264
2025-08-08T03:00:00+00:00,0.00025629600746893187
2025-08-08T04:00:00+00:00,0.0002542570778116038
2025-08-08T05:00:00+00:00,0.0002548448809853805
2025-08-08T06:00:00+00:00,0.0002560082500583589
2025-08-08T07:00:00+00:00,0.00025552952649677836
2025-08-08T08:00:00+00:00,0.00025502277314966266
2025-08-08T09:00:00+00:00,0.00025666952859964876
2025-08-08T10:00:00+00:00,0.0002562252269556624
2025-08-08T11:00:00+00:00,0.0002563837135549979
2025-08-08T12:00:00+00:00,0.0002551665361435322
2025-08-08T13:00:00+00:00,0.0002566203489599328
2025-08-08T14:00:00+00:00,0.00025005797017739505
2025-08-08T15:00:00+00:00,0.0002517217431242917
2025-08-08T16:00:00+00:00,0.0002533038465378245
2025-08-08T17:00:00+00:00,0.0002519335360957013
2025-08-08T18:00:00+00:00,0.00024801094322123224
2025-08-08T19:00:00+00:00,0.00024680928258341263
2025-08-08T20:00:00+00:00,0.00024638417427684436
2025-08-08T21:00:00+00:00,0.00024647829253316214
2025-08-08T22:00:00+00:00,0.0002471669048087779
2025-08-08T23:00:00+00:00,0.00024818418310799083
2025-08-09T00:00:00+00:00,0.0002490711806888102
2025-08-09T01:00:00+00:00,0.0002488740084896827
2025-08-09T02:00:00+00:00,0.0002479045461502154
2025-08-09T03:00:00+00:00,0.00024778538325163815
2025-08-09T04:00:00+00:00,0.00024679961183375436
2025-08-09T05:00:00+00:00,0.00024495326759000865
2025-08-09T06:00:00+00:00,0.00023949705212927255
2025-08-09T07:00:00+00:00,0.000240161663564094
2025-08-09T08:00:00+00:00,0.0002396967252601231
2025-08-09T09:00:00+00:00,0.0002391102131852981
2025-08-09T10:00:00+00:00,0.0002368621345217645
2025-08-09T11:00:00+00:00,0.0002370310845317396
2025-08-09T12:00:00+00:00,0.00023863166004526207
2025-08-09T13:00:00+00:00,0.00023821484172898148
2025-08-09T14:00:00+00:00,0.00023980186656664547
2025-08-09T15:00:00+00:00,0.00023808776544384665
2025-08-09T16:00:00+00:00,0.00023755439980257268
2025-08-09T17:00:00+00:00,0.00023756247325641585
2025-08-09T18:00:00+00:00,0.00023612306811626824
2025-08-09T19:00:00+00:00,0.00023553336447326343
2025-08-09T20:00:00+00:00,0.00023453676110382136
2025-08-09T21:00:00+00:00,0.00023326456282847809
2025-08-09T22:00:00+00:00,0.00023340124476809503
2025-08-09T23:00:00+00:00,0.00023448833614697946
2025-08-10T00:00:00+00:00,0.00023434449565264462
2025-08-10T01:00:00+00:00,0.00023238824132918324
2025-08-10T02:00:00+00:00,0.00023256439446933617
2025-08-10T03:00:00+00:00,0.00023512524363658504
2025-08-10T04:00:00+00:00,0.00023573724176959566
2025-08-10T05:00:00+00:00,0.00023527782393248552
2025-08-10T06:00:00+00:00,0.00023664335321772956
2025-08-10T07:00:00+00:00,0.00023646317077008315
2025-08-10T08:00:00+00:00,0.0002388039021088306
2025-08-10T09:00:00+00:00,0.0002372422295527537
2025-08-10T10:00:00+00:00,0.00023667130737306435
2025-08-10T11:00:00+00:00,0.0002381562036343191
2025-08-10T12:00:00+00:00,0.00023882299639731394
2025-08-10T13:00:00+00:00,0.00023784703259666787
2025-08-10T14:00:00+00:00,0.0002393593713503802
2025-08-10T15:00:00+00:00,0.00023678478901722924
2025-08-10T16:00:00+00:00,0.00023681610961451835
2025-08-10T17:00:00+00:00,0.00023617541486311902
2025-08-10T18:00:00+00:00,0.0002362273602200945
2025-08-10T19:00:00+00:00,0.0002360960341104095
2025-08-10T20:00:00+00:00,0.00023523189349590977
2025-08-10T21:00:00+00:00,0.00023801472771422117
2025-08-10T22:00:00+00:00,0.00023694837160610478
2025-08-10T23:00:00+00:00,0.00023582113275732086
2025-08-11T00:00:00+00:00,0.00023516887831260194
2025-08-11T01:00:00+00:00,0.00023404599032411866
2025-08-11T02:00:00+00:00,0.0002321404169996029
2025-08-11T03:00:00+00:00,0.00023214603802981443
2025-08-11T04:00:00+00:00,0.0002319075596980141
2025-08-11T05:00:00+00:00,0.0002311562802813527
2025-08-11T06:00:00+00:00,0.00023231903849849973
2025-08-11T07:00:00+00:00,0.00023243478856661089
2025-08-11T08:00:00+00:00,0.0002342228953129654
2025-08-11T09:00:00+00:00,0.0002335509340799212
2025-08-11T10:00:00+00:00,0.00023445674717457692
2025-08-11T11:00:00+00:00,0.00023574961261227514
2025-08-11T12:00:00+00:00,0.00023890207862069777
2025-08-11T13:00:00+00:00,0.00023905365235797808
2025-08-11T14:00:00+00:00,0.00023312524801950407
2025-08-11T15:00:00+00:00,0.0002337675666781545
2025-08-11T16:00:00+00:00,0.00023088010816064294
2025-08-11T17:00:00+00:00,0.0002315376330867825
2025-08-11T18:00:00+00:00,0.00023262071299198195
2025-08-11T19:00:00+00:00,0.0002327357691531102
2025-08-11T20:00:00+00:00,0.00023510407848244394
2025-08-11T21:00:00+00:00,0.00023515431020702815
2025-08-11T22:00:00+00:00,0.00023732985392776071
2025-08-11T23:00:00+00:00,0.00023648375015108915
2025-08-12T00:00:00+00:00,0.0002362948761829196
2025-08-12T01:00:00+00:00,0.00023556491455858198
2025-08-12T02:00:00+00:00,0.0002340097463292794
2025-08-12T03:00:00+00:00,0.00023266848155625074
2025-08-12T04:00:00+00:00,0.00023325155283413496
2025-08-12T05:00:00+00:00,0.00023242391980043855
2025-08-12T06:00:00+00:00,0.00023293390030703457
2025-08-12T07:00:00+00:00,0.0002326973478388557
2025-08-12T08:00:00+00:00,0.000231882795162826
2025-08-12T09:00:00+00:00,0.00023175535210486132
2025-08-12T10:00:00+00:00,0.00023338388923649188
2025-08-12T11:00:00+00:00,0.0002336415013607362
2025-08-12T12:00:00+00:00,0.00023301446785061359
2025-08-12T13:00:00+00:00,0.0002277761970617997
2025-08-12T14:00:00+00:00,0.00022850201959122516
2025-08-12T15:00:00+00:00,0.00022623796100133207
2025-08-12T16:00:00+00:00,0.00022348587162328976
2025-08-12T17:00:00+00:00,0.0002239670111473975
2025-08-12T18:00:00+00:00,0.00022244504347756073
2025-08-12T19:00:00+00:00,0.00022270902792077265
2025-08-12T20:00:00+00:00,0.0002218584562950216
2025-08-12T21:00:00+00:00,0.0002170776050298631
2025-08-12T22:00:00+00:00,0.0002184823040865355
2025-08-12T23:00:00+00:00,0.00021823763089770084
2025-08-13T00:00:00+00:00,0.00021751957162952272
2025-08-13T01:00:00+00:00,0.0002161067866925187
2025-08-13T02:00:00+00:00,0.0002183378485019538
2025-08-13T03:00:00+00:00,0.00021613195910030156
2025-08-13T04:00:00+00:00,0.000215031442592655
2025-08-13T05:00:00+00:00,0.00021402463927257942
2025-08-13T06:00:00+00:00,0.00021579021780565995
2025-08-13T07:00:00+00:00,0.00021620214037154666
2025-08-13T08:00:00+00:00,0.0002161741537826085
2025-08-13T09:00:00+00:00,0.0002162174995863074
2025-08-13T10:00:00+00:00,0.00021293359670781137
2025-08-13T11:00:00+00:00,0.00021282985227136776
2025-08-13T12:00:00+00:00,0.00021337596072278762
2025-08-13T13:00:00+00:00,0.00021339286827140732
2025-08-13T14:00:00+00:00,0.0002135669717381007
2025-08-13T15:00:00+00:00,0.00021483370752786322
2025-08-13T16:00:00+00:00,0.00021383869217216463
2025-08-13T17:00:00+00:00,0.00021293261334625441
2025-08-13T18:00:00+00:00,0.0002121823003538384
2025-08-13T19:00:00+00:00,0.00021221995825651172
2025-08-13T20:00:00+00:00,0.00021123256353539115
2025-08-13T21:00:00+00:00,0.0002115645818804562
2025-08-13T22:00:00+00:00,0.0002118025427337429
2025-08-13T23:00:00+00:00,0.000209854420405222
2025-08-14T00:00:00+00:00,0.00021040724692572154
2025-08-14T01:00:00+00:00,0.0002117971931021682
2025-08-14T02:00:00+00:00,0.00021115105361166543
2025-08-14T03:00:00+00:00,0.00021031221415637215
2025-08-14T04:00:00+00:00,0.0002094025568373299
2025-08-14T05:00:00+00:00,0.00020978597965305623
2025-08-14T06:00:00+00:00,0.00021117379436395547
2025-08-14T07:00:00+00:00,0.00020927508908673742
2025-08-14T08:00:00+00:00,0.0002105737870949409
2025-08-14T09:00:00+00:00,0.00021102176139329505
2025-08-14T10:00:00+00:00,0.00021004855385141068
2025-08-14T11:00:00+00:00,0.00021250538304172468
2025-08-14T12:00:00+00:00,0.0002113157292391849
2025-08-14T13:00:00+00:00,0.0002175839646405062
2025-08-14T14:00:00+00:00,0.00021707018556422575
2025-08-14T15:00:00+00:00,0.0002144366820743462
2025-08-14T16:00:00+00:00,0.00021631325066769378
2025-08-14T17:00:00+00:00,0.00022029430713378244
2025-08-14T18:00:00+00:00,0.000219863650201153
2025-08-14T19:00:00+00:00,0.00022011393861362478
2025-08-14T20:00:00+00:00,0.0002199839420512116
2025-08-14T21:00:00+00:00,0.00022067972133894297
2025-08-14T22:00:00+00:00,0.00022348502749899252
2025-08-14T23:00:00+00:00,0.0002203172549354689
2025-08-15T00:00:00+00:00,0.0002191375981531357
2025-08-15T01:00:00+00:00,0.00021845987039088087
2025-08-15T02:00:00+00:00,0.00021690999858382467
2025-08-15T03:00:00+00:00,0.00021592580532213117
2025-08-15T04:00:00+00:00,0.000215519090769143
2025-08-15T05:00:00+00:00,0.0002159232968197368
2025-08-15T06:00:00+00:00,0.00021570342731081112
2025-08-15T07:00:00+00:00,0.00021478939746572508
2025-08-15T08:00:00+00:00,0.0002151598115917615
2025-08-15T09:00:00+00:00,0.0002150969164544678
2025-08-15T10:00:00+00:00,0.00021584522448839756
2025-08-15T11:00:00+00:00,0.00021529778027632685
2025-08-15T12:00:00+00:00,0.00021540046669902147
2025-08-15T13:00:00+00:00,0.000215677433813202
2025-08-15T14:00:00+00:00,0.00021937909654849526
2025-08-15T15:00:00+00:00,0.00022225768165776773
2025-08-15T16:00:00+00:00,0.00022471399046304332
2025-08-15T17:00:00+00:00,0.00022625943719129914
2025-08-15T18:00:00+00:00,0.00022484827643752666
2025-08-15T19:00:00+00:00,0.00022718636301957644
2025-08-15T20:00:00+00:00,0.0002278226611471783
2025-08-15T21:00:00+00:00,0.0002257968196292449
2025-08-15T22:00:00+00:00,0.00022558245564021671
2025-08-15T23:00:00+00:00,0.00022289969691459502
2025-08-16T00:00:00+00:00,0.0002255442771593517
2025-08-16T01:00:00+00:00,0.00022329940134573908
2025-08-16T02:00:00+00:00,0.00022259580193734912
2025-08-16T03:00:00+00:00,0.00022466436156835367
2025-08-16T04:00:00+00:00,0.00022525343840793896
2025-08-16T05:00:00+00:00,0.00022439052221457604
2025-08-16T06:00:00+00:00,0.0002257610843237896
2025-08-16T07:00:00+00:00,0.00022592832901282376
2025-08-16T08:00:00+00:00,0.00022415080091259184
2025-08-16T09:00:00+00:00,0.00022462279461782917
2025-08-16T10:00:00+00:00,0.0002267383114847069
2025-08-16T11:00:00+00:00,0.0002266716933273478
2025-08-16T12:00:00+00:00,0.0002276868614901223
2025-08-16T13:00:00+00:00,0.00022657391834740687
2025-08-16T14:00:00+00:00,0.00022723798682572897
2025-08-16T15:00:00+00:00,0.00022638062637937413
2025-08-16T16:00:00+00:00,0.00022699078908111793
2025-08-16T17:00:00+00:00,0.00022658547391193174
2025-08-16T18:00:00+00:00,0.00022677834596954714
2025-08-16T19:00:00+00:00,0.00022641876417247656
2025-08-16T20:00:00+00:00,0.00022601390109364824
2025-08-16T21:00:00+00:00,0.00022542677637150908
2025-08-16T22:00:00+00:00,0.0002261793294332602
2025-08-16T23:00:00+00:00,0.00022572077948331226
2025-08-17T00:00:00+00:00,0.00022596969562702814
2025-08-17T01:00:00+00:00,0.00022623866097166322
2025-08-17T02:00:00+00:00,0.00022658944883023098
2025-08-17T03:00:00+00:00,0.0002253817647247433
2025-08-17T04:00:00+00:00,0.00022431497735257448
2025-08-17T05:00:00+00:00,0.0002229266381835775
2025-08-17T06:00:00+00:00,0.00022328980089579266
2025-08-17T07:00:00+00:00,0.00022403449617778453
2025-08-17T08:00:00+00:00,0.0002234926705939158
2025-08-17T09:00:00+00:00,0.0002205974223020385
2025-08-17T10:00:00+00:00,0.00022008458717360943
2025-08-17T11:00:00+00:00,0.00021909349596605377
2025-08-17T12:00:00+00:00,0.00021935972952992047
2025-08-17T13:00:00+00:00,0.000220045717224877
2025-08-17T14:00:00+00:00,0.00022024382594699134
2025-08-17T15:00:00+00:00,0.0002193944671057979
2025-08-17T16:00:00+00:00,0.000218987865288415
2025-08-17T17:00:00+00:00,0.0002206065058217253
2025-08-17T18:00:00+00:00,0.0002206003394469587
2025-08-17T19:00:00+00:00,0.0002224131096529131
2025-08-17T20:00:00+00:00,0.00022415140695905493
2025-08-17T21:00:00+00:00,0.00022324105219760537
2025-08-17T22:00:00+00:00,0.00022307033981552537
2025-08-17T23:00:00+00:00,0.00022056876137950857
2025-08-18T00:00:00+00:00,0.00022285381086213928
2025-08-18T01:00:00+00:00,0.00022401981742041342
2025-08-18T02:00:00+00:00,0.00022702119481202474
2025-08-18T03:00:00+00:00,0.00023009767026851248
2025-08-18T04:00:00+00:00,0.00023130801852361556
2025-08-18T05:00:00+00:00,0.0002300814429239977
2025-08-18T06:00:00+00:00,0.0002319247703818734
2025-08-18T07:00:00+00:00,0.00023491678905605365
2025-08-18T09:00:00+00:00,0.00023482593023967595
2025-08-18T10:00:00+00:00,0.0002326634787197358
2025-08-18T11:00:00+00:00,0.00023418640407340792
2025-08-18T12:00:00+00:00,0.0002335617863078834
2025-08-18T13:00:00+00:00,0.00023007016945946114
2025-08-18T14:00:00+00:00,0.00023231504740989703
2025-08-18T15:00:00+00:00,0.00023055957270419077
2025-08-18T16:00:00+00:00,0.00022992738475350905
2025-08-18T17:00:00+00:00,0.0002310135351650238
2025-08-18T18:00:00+00:00,0.0002287494320962912
2025-08-18T19:00:00+00:00,0.0002285600743271106
2025-08-18T20:00:00+00:00,0.00022938326152058134
2025-08-18T21:00:00+00:00,0.0002303110082536272
2025-08-18T22:00:00+00:00,0.00022939624397600824
2025-08-18T23:00:00+00:00,0.0002300133367965933
2025-08-19T00:00:00+00:00,0.00023147402756545284
2025-08-19T01:00:00+00:00,0.0002300026049283447
2025-08-19T02:00:00+00:00,0.00023258921305912737
2025-08-19T03:00:00+00:00,0.00023301512304357012
2025-08-19T04:00:00+00:00,0.0002367419344620923
2025-08-19T05:00:00+00:00,0.00023638746259323416
2025-08-19T06:00:00+00:00,0.00023591886067081546
2025-08-19T07:00:00+00:00,0.00023567482266940374
2025-08-19T08:00:00+00:00,0.000236052863540214
2025-08-19T09:00:00+00:00,0.00023466552263802862
2025-08-19T10:00:00+00:00,0.0002332957770838444
2025-08-19T11:00:00+00:00,0.00023309224303622093
2025-08-19T12:00:00+00:00,0.00023195706572298595
2025-08-19T13:00:00+00:00,0.00023202680147587544
2025-08-19T14:00:00+00:00,0.00023276759245755585
2025-08-19T15:00:00+00:00,0.00023781188579106744
2025-08-19T16:00:00+00:00,0.00023830725123947808
2025-08-19T17:00:00+00:00,0.00024082628483239346
2025-08-19T18:00:00+00:00,0.0002387365183549242
2025-08-19T19:00:00+00:00,0.00024151402348144437
2025-08-19T20:00:00+00:00,0.0002406739901026619
2025-08-19T21:00:00+00:00,0.0002401811067300428
2025-08-19T22:00:00+00:00,0.0002407196903572117
2025-08-19T23:00:00+00:00,0.00024170486220366944
2025-08-20T00:00:00+00:00,0.0002447919390058437
2025-08-20T01:00:00+00:00,0.00024326105291045611
2025-08-20T02:00:00+00:00,0.00024268109074867546
2025-08-20T03:00:00+00:00,0.00024151509111714327
2025-08-20T04:00:00+00:00,0.00024134551898538273
2025-08-20T05:00:00+00:00,0.00023958856070455787
2025-08-20T06:00:00+00:00,0.00023886610864881224
2025-08-20T07:00:00+00:00,0.00023891996627637086
2025-08-20T08:00:00+00:00,0.00023834814026545907
2025-08-20T09:00:00+00:00,0.00023581764598888994
2025-08-20T10:00:00+00:00,0.00023658691621195426
2025-08-20T11:00:00+00:00,0.00023635096546221506
2025-08-20T12:00:00+00:00,0.00023783679913218342
2025-08-20T13:00:00+00:00,0.0002374642546805741
2025-08-20T14:00:00+00:00,0.00024134614022369076
2025-08-20T15:00:00+00:00,0.0002368374753389247
2025-08-20T16:00:00+00:00,0.00023476667909208318
2025-08-20T17:00:00+00:00,0.0002321694098844534
2025-08-20T18:00:00+00:00,0.00023008129407237011
2025-08-20T19:00:00+00:00,0.00023197143002982767
2025-08-20T20:00:00+00:00,0.00023004422770926545
2025-08-20T21:00:00+00:00,0.00022935455699224172
2025-08-20T22:00:00+00:00,0.00022927781033921582
2025-08-20T23:00:00+00:00,0.00022906121834419298
2025-08-21T00:00:00+00:00,0.00023043033548711465
2025-08-21T01:00:00+00:00,0.00023123006520088066
2025-08-21T02:00:00+00:00,0.00023051882404968085
2025-08-21T03:00:00+00:00,0.00023276754048739027
2025-08-21T04:00:00+00:00,0.00023250343021449847
2025-08-21T05:00:00+00:00,0.00023247976241401214
2025-08-21T06:00:00+00:00,0.000231588959786863
2025-08-21T07:00:00+00:00,0.00023236444285501613
2025-08-21T08:00:00+00:00,0.00023185676511930186
2025-08-21T09:00:00+00:00,0.0002327954552021777
2025-08-21T10:00:00+00:00,0.00023359624268829378
2025-08-21T11:00:00+00:00,0.00023280466184998872
2025-08-21T12:00:00+00:00,0.00023341075524575938
2025-08-21T13:00:00+00:00,0.00023531214517784173
2025-08-21T14:00:00+00:00,0.0002341588990248113
2025-08-21T15:00:00+00:00,0.0002338634079607596
2025-08-21T16:00:00+00:00,0.0002354574045657063
2025-08-21T17:00:00+00:00,0.0002366760820406385
2025-08-21T18:00:00+00:00,0.00023550418312945335
2025-08-21T19:00:00+00:00,0.00023439449919227448
2025-08-21T20:00:00+00:00,0.00023639278339114805
2025-08-21T21:00:00+00:00,0.00023509968643247147
2025-08-21T22:00:00+00:00,0.0002353774139828768
2025-08-21T23:00:00+00:00,0.00023509090437942237
2025-08-22T00:00:00+00:00,0.000236472253675278
2025-08-22T01:00:00+00:00,0.00023569043954456827
2025-08-22T02:00:00+00:00,0.00023462588194197645
2025-08-22T03:00:00+00:00,0.00023276470824653544
2025-08-22T04:00:00+00:00,0.00023353136020372607
2025-08-22T05:00:00+00:00,0.00023339239370800743
2025-08-22T06:00:00+00:00,0.00023285129940863884
2025-08-22T07:00:00+00:00,0.00023254003491440721
2025-08-22T08:00:00+00:00,0.00023011898973423068
2025-08-22T09:00:00+00:00,0.00023058138904823454
2025-08-22T10:00:00+00:00,0.00023078686305819874
2025-08-22T11:00:00+00:00,0.00023246961454437506
2025-08-22T12:00:00+00:00,0.000233743881659628
2025-08-22T13:00:00+00:00,0.00023501557167224292
2025-08-22T14:00:00+00:00,0.00023294715163599413
2025-08-22T15:00:00+00:00,0.00021632258030514665
2025-08-22T16:00:00+00:00,0.00021514569852161832
2025-08-22T17:00:00+00:00,0.0002103151384613233
2025-08-22T18:00:00+00:00,0.00020786871157511485
2025-08-22T19:00:00+00:00,0.00020870141736001986
2025-08-22T20:00:00+00:00,0.00020679086024833566
2025-08-22T21:00:00+00:00,0.00020641796350901714
2025-08-22T22:00:00+00:00,0.00020595650500674392
2025-08-22T23:00:00+00:00,0.00020781915701621403
2025-08-23T00:00:00+00:00,0.00020682516969080272
2025-08-23T01:00:00+00:00,0.00020777697095084762
2025-08-23T02:00:00+00:00,0.00020897306357473062
2025-08-23T03:00:00+00:00,0.000212365455899259
2025-08-23T04:00:00+00:00,0.00021275434151044772
2025-08-23T05:00:00+00:00,0.00021091644583531597
2025-08-23T06:00:00+00:00,0.0002103718308324594
2025-08-23T07:00:00+00:00,0.00021050584576338174
2025-08-23T08:00:00+00:00,0.0002118233782171346
2025-08-23T09:00:00+00:00,0.00021151047768565052
2025-08-23T10:00:00+00:00,0.0002108780633725337
2025-08-23T11:00:00+00:00,0.00021206276486839234
2025-08-23T12:00:00+00:00,0.00021238383457136857
2025-08-23T13:00:00+00:00,0.00021201508697805374
2025-08-23T14:00:00+00:00,0.00021177692113068968
2025-08-23T15:00:00+00:00,0.00021129065218283716
2025-08-23T16:00:00+00:00,0.00021038243469387986
2025-08-23T17:00:00+00:00,0.00021070433783997665
2025-08-23T18:00:00+00:00,0.0002105099087079747
2025-08-23T19:00:00+00:00,0.00021028873596286047
2025-08-23T20:00:00+00:00,0.00021001582519777475
2025-08-23T21:00:00+00:00,0.00021032359541518035
2025-08-23T22:00:00+00:00,0.00021052962191833504
2025-08-23T23:00:00+00:00,0.00020895256631668738
2025-08-24T00:00:00+00:00,0.0002092654628278566
2025-08-24T01:00:00+00:00,0.00020846388949737236
2025-08-24T02:00:00+00:00,0.00020925025521137565
2025-08-24T03:00:00+00:00,0.0002091310604759186
2025-08-24T04:00:00+00:00,0.00020848387491590546
2025-08-24T05:00:00+00:00,0.00020862970023042968
2025-08-24T06:00:00+00:00,0.00020893513501762175
2025-08-24T07:00:00+00:00,0.0002098055879286909
2025-08-24T08:00:00+00:00,0.00020966897668776074
2025-08-24T09:00:00+00:00,0.0002092460921877592
2025-08-24T10:00:00+00:00,0.00020933228101533842
2025-08-24T11:00:00+00:00,0.00021082970515544128
2025-08-24T12:00:00+00:00,0.000210380416795811
2025-08-24T13:00:00+00:00,0.0002102655485253745
2025-08-24T14:00:00+00:00,0.00020952902011373782
2025-08-24T15:00:00+00:00,0.00020859853124696365
2025-08-24T16:00:00+00:00,0.00020822655548907522
2025-08-24T17:00:00+00:00,0.00020703426104857776
2025-08-24T18:00:00+00:00,0.00020374865702303403
2025-08-24T19:00:00+00:00,0.00020283078756904346
2025-08-24T20:00:00+00:00,0.000209232598605682
2025-08-24T21:00:00+00:00,0.00020846557943748095
2025-08-24T22:00:00+00:00,0.00020827993293545867
2025-08-24T23:00:00+00:00,0.00020910528174055215
2025-08-25T00:00:00+00:00,0.00020909890824998697
2025-08-25T01:00:00+00:00,0.00021242064107681132
2025-08-25T02:00:00+00:00,0.00021124467045835826
2025-08-25T03:00:00+00:00,0.00020961337375271033
2025-08-25T04:00:00+00:00,0.00021050651129788967
2025-08-25T05:00:00+00:00,0.0002117862656100214
2025-08-25T06:00:00+00:00,0.0002121107470492297
2025-08-25T07:00:00+00:00,0.0002155950214185392
2025-08-25T08:00:00+00:00,0.00021759943942623055
2025-08-25T09:00:00+00:00,0.00021708774951726588
2025-08-25T10:00:00+00:00,0.00021710010313303474
2025-08-25T11:00:00+00:00,0.00021971608274970692
2025-08-25T12:00:00+00:00,0.00021711803228128578
2025-08-25T13:00:00+00:00,0.00021547599077175643
2025-08-25T14:00:00+00:00,0.00021567720572451384
2025-08-25T15:00:00+00:00,0.0002147344437604699
2025-08-25T16:00:00+00:00,0.00021648562782286492
2025-08-25T17:00:00+00:00,0.00021705242978616116
2025-08-25T18:00:00+00:00,0.00021747762265100854
2025-08-25T19:00:00+00:00,0.0002183840692075436
2025-08-25T20:00:00+00:00,0.00022528777273264365
2025-08-25T21:00:00+00:00,0.00022865285356215483
2025-08-25T22:00:00+00:00,0.0002282331346676413
2025-08-25T23:00:00+00:00,0.00022750707860280192
2025-08-26T00:00:00+00:00,0.0002280434140336494
2025-08-26T01:00:00+00:00,0.00023021582802763653
2025-08-26T02:00:00+00:00,0.00022613909001279725
2025-08-26T03:00:00+00:00,0.0002272220516374793
2025-08-26T04:00:00+00:00,0.00022703408691883566
2025-08-26T05:00:00+00:00,0.00022516489719759093
2025-08-26T06:00:00+00:00,0.00022534008012789207
2025-08-26T07:00:00+00:00,0.0002263904434091335
2025-08-26T08:00:00+00:00,0.0002254959779468506
2025-08-26T09:00:00+00:00,0.0002259533025327319
2025-08-26T10:00:00+00:00,0.00022596559441182644
2025-08-26T11:00:00+00:00,0.00022523372451896303
2025-08-26T12:00:00+00:00,0.00022622918550012624
2025-08-26T13:00:00+00:00,0.0002225990355872179
2025-08-26T14:00:00+00:00,0.00022407683617924526
2025-08-26T15:00:00+00:00,0.00021987916019890986
2025-08-26T16:00:00+00:00,0.00022107120895639056
2025-08-26T17:00:00+00:00,0.00022007131226462305
2025-08-26T18:00:00+00:00,0.0002213851850505055
2025-08-26T19:00:00+00:00,0.00021972687358127695
2025-08-26T20:00:00+00:00,0.00021768299527134458
2025-08-26T21:00:00+00:00,0.0002179777547875072
2025-08-26T22:00:00+00:00,0.00021742702860178318
2025-08-26T23:00:00+00:00,0.0002174260421026162
2025-08-27T00:00:00+00:00,0.00021713579081486626
2025-08-27T01:00:00+00:00,0.00021853936392870988
2025-08-27T02:00:00+00:00,0.00021913407143852174
2025-08-27T03:00:00+00:00,0.00021816673211719052
2025-08-27T04:00:00+00:00,0.00021654243050611092
2025-08-27T05:00:00+00:00,0.00021576458196567098
2025-08-27T06:00:00+00:00,0.00021660572128669116
2025-08-27T07:00:00+00:00,0.000217855169357234
2025-08-27T08:00:00+00:00,0.00021801298593517932
2025-08-27T09:00:00+00:00,0.00021755947231683545
2025-08-27T10:00:00+00:00,0.00021731321425201214
2025-08-27T11:00:00+00:00,0.000218065049201812
2025-08-27T12:00:00+00:00,0.00021677173210773358
2025-08-27T13:00:00+00:00,0.00021649006059753817
2025-08-27T14:00:00+00:00,0.0002172695114253226
2025-08-27T15:00:00+00:00,0.00021658026414873082
2025-08-27T16:00:00+00:00,0.00021475915029018093
2025-08-27T17:00:00+00:00,0.00021563785407245772
2025-08-27T18:00:00+00:00,0.00021548876766522935
2025-08-27T19:00:00+00:00,0.00021689064238577643
2025-08-27T20:00:00+00:00,0.0002185939843214543
2025-08-27T21:00:00+00:00,0.0002178783434105084
2025-08-27T22:00:00+00:00,0.0002210482704142942
2025-08-27T23:00:00+00:00,0.00022085577956032992
2025-08-28T00:00:00+00:00,0.0002219258002135573
2025-08-28T01:00:00+00:00,0.00022248533548547067
2025-08-28T02:00:00+00:00,0.00022114687695669148
2025-08-28T03:00:00+00:00,0.0002215858201809851
2025-08-28T04:00:00+00:00,0.00021986161483848542
2025-08-28T05:00:00+00:00,0.0002186350392877929
2025-08-28T06:00:00+00:00,0.0002191935872958067
2025-08-28T07:00:00+00:00,0.00021808353232102127
2025-08-28T08:00:00+00:00,0.00021795082731564027
2025-08-28T09:00:00+00:00,0.0002173593573682515
2025-08-28T10:00:00+00:00,0.0002179403351433908
2025-08-28T11:00:00+00:00,0.0002169982765320733
2025-08-28T12:00:00+00:00,0.00021753387787431925
2025-08-28T13:00:00+00:00,0.00021683959695723893
2025-08-28T14:00:00+00:00,0.00021838880119092014
2025-08-28T15:00:00+00:00,0.00021874458359922062
2025-08-28T16:00:00+00:00,0.00022183204018069846
2025-08-28T17:00:00+00:00,0.00022321567949476836
2025-08-28T18:00:00+00:00,0.0002226868161752122
2025-08-28T19:00:00+00:00,0.00022253504567197198
2025-08-28T20:00:00+00:00,0.00022414431101285294
2025-08-28T21:00:00+00:00,0.00022413532015112784
2025-08-28T22:00:00+00:00,0.00022266310649490776
2025-08-28T23:00:00+00:00,0.00022154300448162987
2025-08-29T00:00:00+00:00,0.00022158176528066357
2025-08-29T01:00:00+00:00,0.00022332440276643861
2025-08-29T02:00:00+00:00,0.00022436396785970787
2025-08-29T03:00:00+00:00,0.0002230198338133036
2025-08-29T04:00:00+00:00,0.00022250885922903165
2025-08-29T05:00:00+00:00,0.0002231892341404823
2025-08-29T06:00:00+00:00,0.0002231936350926455
2025-08-29T07:00:00+00:00,0.00022425328748412428
2025-08-29T08:00:00+00:00,0.0002277560822775925
2025-08-29T09:00:00+00:00,0.0002305218239421326
2025-08-29T10:00:00+00:00,0.0002304445559050344
2025-08-29T11:00:00+00:00,0.00022969768234013503
2025-08-29T12:00:00+00:00,0.00022997378469089396
2025-08-29T13:00:00+00:00,0.00022690428243498273
2025-08-29T14:00:00+00:00,0.00023072500411130498
2025-08-29T15:00:00+00:00,0.00023347560069078262
2025-08-29T16:00:00+00:00,0.00023051099888523246
2025-08-29T17:00:00+00:00,0.00023065943567508753
2025-08-29T18:00:00+00:00,0.0002303512962176941
2025-08-29T19:00:00+00:00,0.00023160641374848434
2025-08-29T20:00:00+00:00,0.00022989068109849969
2025-08-29T21:00:00+00:00,0.00023134505603881642
2025-08-29T22:00:00+00:00,0.00022899740848364563
2025-08-29T23:00:00+00:00,0.00022941154077774415
2025-08-30T00:00:00+00:00,0.00022925507237122017
2025-08-30T01:00:00+00:00,0.0002306080785113208
2025-08-30T02:00:00+00:00,0.00023342656188464679
2025-08-30T03:00:00+00:00,0.0002320910951494136
2025-08-30T04:00:00+00:00,0.00022945702910324506
2025-08-30T05:00:00+00:00,0.00022954175859279334
2025-08-30T06:00:00+00:00,0.00022816344728476628
2025-08-30T07:00:00+00:00,0.00022730084017825547
2025-08-30T08:00:00+00:00,0.00022681412939121046
2025-08-30T09:00:00+00:00,0.0002271449816368771
2025-08-30T10:00:00+00:00,0.00022745486180894014
2025-08-30T11:00:00+00:00,0.00022764613033215335
2025-08-30T12:00:00+00:00,0.0002275559689319187
2025-08-30T13:00:00+00:00,0.00022899366270024828
2025-08-30T14:00:00+00:00,0.00022941532794936253
2025-08-30T15:00:00+00:00,0.0002290368919290818
2025-08-30T16:00:00+00:00,0.0002285198478880532
2025-08-30T17:00:00+00:00,0.00022904208715519552
2025-08-30T18:00:00+00:00,0.00022901642397155385
2025-08-30T19:00:00+00:00,0.0002294027596420667
2025-08-30T20:00:00+00:00,0.0002295354741159332
2025-08-30T21:00:00+00:00,0.0002300859734603047
2025-08-30T22:00:00+00:00,0.00022989023639650348
2025-08-30T23:00:00+00:00,0.0002293227175484392
2025-08-31T00:00:00+00:00,0.0002285242219682468
2025-08-31T01:00:00+00:00,0.00022397402737003527
2025-08-31T02:00:00+00:00,0.0002242424417885922
2025-08-31T03:00:00+00:00,0.0002247073560712271
2025-08-31T04:00:00+00:00,0.00022295852821133526
2025-08-31T05:00:00+00:00,0.00022387875859024815
2025-08-31T06:00:00+00:00,0.00022419291572832722
2025-08-31T07:00:00+00:00,0.0002253243294541793
2025-08-31T08:00:00+00:00,0.00022451542865885014
2025-08-31T09:00:00+00:00,0.0002236051822533773
2025-08-31T10:00:00+00:00,0.00022383477835073015
2025-08-31T11:00:00+00:00,0.0002243565385728369
2025-08-31T12:00:00+00:00,0.00022343738456098456
2025-08-31T13:00:00+00:00,0.00022274998046760135
2025-08-31T14:00:00+00:00,0.0002236900436937618
2025-08-31T15:00:00+00:00,0.0002241437861300738
2025-08-31T16:00:00+00:00,0.00022282638829256634
2025-08-31T17:00:00+00:00,0.0002233648385470296
2025-08-31T18:00:00+00:00,0.0002230213794333954
2025-08-31T19:00:00+00:00,0.00022270299317808364
2025-08-31T20:00:00+00:00,0.00022411700797150597
2025-08-31T21:00:00+00:00,0.00022437421121087616
2025-08-31T22:00:00+00:00,0.00022360876389411626
2025-08-31T23:00:00+00:00,0.00022523843998767048
2025-09-01T00:00:00+00:00,0.0002277292807085531
2025-09-01T01:00:00+00:00,0.00022713776955450007
2025-09-01T02:00:00+00:00,0.0002262713942766806
2025-09-01T03:00:00+00:00,0.00022823346250797207
2025-09-01T04:00:00+00:00,0.00022707065054672427
2025-09-01T05:00:00+00:00,0.00022777906029266927
2025-09-01T06:00:00+00:00,0.0002274087568892815
2025-09-01T07:00:00+00:00,0.0002271413882604609
2025-09-01T08:00:00+00:00,0.00022340557799602927
2025-09-01T09:00:00+00:00,0.00022329606972028144
2025-09-01T10:00:00+00:00,0.00022460359624006432
2025-09-01T11:00:00+00:00,0.000227121719530181
2025-09-01T12:00:00+00:00,0.0002273558773285746
2025-09-01T13:00:00+00:00,0.00022705006912315063
2025-09-01T14:00:00+00:00,0.0002278887506976862
2025-09-01T15:00:00+00:00,0.000227270647293035
2025-09-01T16:00:00+00:00,0.0002292319694316571
2025-09-01T17:00:00+00:00,0.0002296068637946029
2025-09-01T18:00:00+00:00,0.00023111368393345514
2025-09-01T19:00:00+00:00,0.00023010946379011042
2025-09-01T20:00:00+00:00,0.00022883738280487416
2025-09-01T21:00:00+00:00,0.0002331163540035946
2025-09-01T22:00:00+00:00,0.00023565399768385207
2025-09-01T23:00:00+00:00,0.00023322602786028895
2025-09-02T00:00:00+00:00,0.00023168186147729956
2025-09-02T01:00:00+00:00,0.00023231228004268062
2025-09-02T02:00:00+00:00,0.00023121606970964842
2025-09-02T03:00:00+00:00,0.00022943654018771044
2025-09-02T04:00:00+00:00,0.00022890830188122675
2025-09-02T05:00:00+00:00,0.0002278461493779747
2025-09-02T06:00:00+00:00,0.0002279916781135048
2025-09-02T07:00:00+00:00,0.0002268759664385468
2025-09-02T08:00:00+00:00,0.00022833047945414954
2025-09-02T09:00:00+00:00,0.00022722612737681143
2025-09-02T10:00:00+00:00,0.00022741692557391393
2025-09-02T11:00:00+00:00,0.00022763789308201756
2025-09-02T12:00:00+00:00,0.00022949915084375912
2025-09-02T13:00:00+00:00,0.0002336324504259029
2025-09-02T14:00:00+00:00,0.00022858299037196018
2025-09-02T15:00:00+00:00,0.00022974736065354062
2025-09-02T16:00:00+00:00,0.00023285256277680403
2025-09-02T17:00:00+00:00,0.00023270115066468416
2025-09-02T18:00:00+00:00,0.00023128855442276406
2025-09-02T19:00:00+00:00,0.00023254503366262454
2025-09-02T20:00:00+00:00,0.0002338805762232457
2025-09-02T21:00:00+00:00,0.0002316181764645759
2025-09-02T22:00:00+00:00,0.00023135821053728002
2025-09-02T23:00:00+00:00,0.00023096179499796892
2025-09-03T00:00:00+00:00,0.0002310415024332299
2025-09-03T01:00:00+00:00,0.0002320675925139967
2025-09-03T02:00:00+00:00,0.00023092462650374114
2025-09-03T03:00:00+00:00,0.0002302920015951518
2025-09-03T04:00:00+00:00,0.0002305259481972248
2025-09-03T05:00:00+00:00,0.00023037032451442543
2025-09-03T06:00:00+00:00,0.00023172020089690549
2025-09-03T07:00:00+00:00,0.00023184850121563849
2025-09-03T08:00:00+00:00,0.00023179329018124033
2025-09-03T09:00:00+00:00,0.00023137933860997858
2025-09-03T10:00:00+00:00,0.00022976461211461296
2025-09-03T11:00:00+00:00,0.00022864712936640006
2025-09-03T12:00:00+00:00,0.00022846852247061162
2025-09-03T13:00:00+00:00,0.00022962420086427955
2025-09-03T14:00:00+00:00,0.00022569035472025639
2025-09-03T15:00:00+00:00,0.00022365936639091432
2025-09-03T16:00:00+00:00,0.00022303167052694728
2025-09-03T17:00:00+00:00,0.0002237460473239732
2025-09-03T18:00:00+00:00,0.00022332350357935946
2025-09-03T19:00:00+00:00,0.00022376903091649784
2025-09-03T20:00:00+00:00,0.00022325696795377013
2025-09-03T21:00:00+00:00,0.00022385045060996638
2025-09-03T22:00:00+00:00,0.00022410369170543194
2025-09-03T23:00:00+00:00,0.0002235790398480154
2025-09-04T00:00:00+00:00,0.0002245406456001308
2025-09-04T01:00:00+00:00,0.00022370281051057933
2025-09-04T02:00:00+00:00,0.0002238007203705112
2025-09-04T03:00:00+00:00,0.00022599934926427733
2025-09-04T04:00:00+00:00,0.00022721494061222268
2025-09-04T05:00:00+00:00,0.00022665314107483825
2025-09-04T06:00:00+00:00,0.00022882037544084982
2025-09-04T07:00:00+00:00,0.00022889946000794224
2025-09-04T08:00:00+00:00,0.0002284241206926422
2025-09-04T09:00:00+00:00,0.00022853909743587983
2025-09-04T10:00:00+00:00,0.0002274436448304807
2025-09-04T11:00:00+00:00,0.00022666673514179622
2025-09-04T12:00:00+00:00,0.0002267083633137707
2025-09-04T13:00:00+00:00,0.00022695948269434879
2025-09-04T14:00:00+00:00,0.00022824337056038255
2025-09-04T15:00:00+00:00,0.00022981672015223405
2025-09-04T16:00:00+00:00,0.00023181401787474202
2025-09-04T17:00:00+00:00,0.0002324384333826401
2025-09-04T18:00:00+00:00,0.00023178972852134648
2025-09-04T19:00:00+00:00,0.00023360821403378934
2025-09-04T20:00:00+00:00,0.00023384017597178792
2025-09-04T21:00:00+00:00,0.00023219690903568624
2025-09-04T22:00:00+00:00,0.00023139000819026261
2025-09-04T23:00:00+00:00,0.00023008611086194002
2025-09-05T00:00:00+00:00,0.00023261604512244785
2025-09-05T01:00:00+00:00,0.0002326194636277192
2025-09-05T02:00:00+00:00,0.00023093758774036708
2025-09-05T03:00:00+00:00,0.00023123843800337693
2025-09-05T04:00:00+00:00,0.00023096362332824608
2025-09-05T05:00:00+00:00,0.00023076561742916543
2025-09-05T06:00:00+00:00,0.00023037824325589936
2025-09-05T07:00:00+00:00,0.0002307047163454344
2025-09-05T08:00:00+00:00,0.00022605347412479312
2025-09-05T09:00:00+00:00,0.00022685341528020598
2025-09-05T10:00:00+00:00,0.00022747098304671314
2025-09-05T11:00:00+00:00,0.00022660896293376294
2025-09-05T12:00:00+00:00,0.0002262674911019356
2025-09-05T13:00:00+00:00,0.00022388958308743344
2025-09-05T14:00:00+00:00,0.0002250309687151719
2025-09-05T15:00:00+00:00,0.00023385030362494432
2025-09-05T16:00:00+00:00,0.00023339514987188735
2025-09-05T17:00:00+00:00,0.00023264558732118097
2025-09-05T18:00:00+00:00,0.00023295156567078383
2025-09-05T19:00:00+00:00,0.00023181820721852238
2025-09-05T20:00:00+00:00,0.00023115695467655438
2025-09-05T21:00:00+00:00,0.00023045815717016502
2025-09-05T22:00:00+00:00,0.00023242508541738378
2025-09-05T23:00:00+00:00,0.00023171725198521562
2025-09-06T00:00:00+00:00,0.0002320661832403178
2025-09-06T01:00:00+00:00,0.00023122578432729479
2025-09-06T02:00:00+00:00,0.00023147265744033422
2025-09-06T03:00:00+00:00,0.00023130284638041003
2025-09-06T04:00:00+00:00,0.00023143782480464776
2025-09-06T05:00:00+00:00,0.0002319463164833503
2025-09-06T06:00:00+00:00,0.0002327781256379123
2025-09-06T07:00:00+00:00,0.00023230346971413779
2025-09-06T08:00:00+00:00,0.00023186263183749308
2025-09-06T09:00:00+00:00,0.0002318969206980266
2025-09-06T10:00:00+00:00,0.00023283937412013302
2025-09-06T11:00:00+00:00,0.0002323354542057152
2025-09-06T12:00:00+00:00,0.0002324632233512596
2025-09-06T13:00:00+00:00,0.00023248482315095252
2025-09-06T14:00:00+00:00,0.00023273750350928267
2025-09-06T15:00:00+00:00,0.00023264881379343651
2025-09-06T16:00:00+00:00,0.00023396452368172653
2025-09-06T17:00:00+00:00,0.00023305126001326842
2025-09-06T18:00:00+00:00,0.00023384319350714338
2025-09-06T19:00:00+00:00,0.00023357108902320948
2025-09-06T20:00:00+00:00,0.00023482316837240534
2025-09-06T21:00:00+00:00,0.0002336698201116045
2025-09-06T22:00:00+00:00,0.0002332845480250407
2025-09-06T23:00:00+00:00,0.00023366601665053197
2025-09-07T00:00:00+00:00,0.00023389531646240435
2025-09-07T01:00:00+00:00,0.00023324858221536422
2025-09-07T02:00:00+00:00,0.00023252982771767195
2025-09-07T03:00:00+00:00,0.00023227175328262712
2025-09-07T04:00:00+00:00,0.0002326682863135538
2025-09-07T05:00:00+00:00,0.00023233320208544328
2025-09-07T06:00:00+00:00,0.00023271316605509855
2025-09-07T07:00:00+00:00,0.00023331065508818647
2025-09-07T08:00:00+00:00,0.0002326292850987996
2025-09-07T09:00:00+00:00,0.0002322993527443547
2025-09-07T10:00:00+00:00,0.00023251168711551514
2025-09-07T11:00:00+00:00,0.0002323097274459059
2025-09-07T12:00:00+00:00,0.0002319946117626323
2025-09-07T13:00:00+00:00,0.0002324643681156328
2025-09-07T14:00:00+00:00,0.0002322317869517638
2025-09-07T15:00:00+00:00,0.00023253806659575356
2025-09-07T16:00:00+00:00,0.00023248940945866877
2025-09-07T17:00:00+00:00,0.00023308512229202
2025-09-07T18:00:00+00:00,0.00023377589918011614
2025-09-07T19:00:00+00:00,0.00023344761142391756
2025-09-07T20:00:00+00:00,0.00023296642199290723
2025-09-07T21:00:00+00:00,0.0002325299735342051
2025-09-07T22:00:00+00:00,0.00023293937482661464
2025-09-07T23:00:00+00:00,0.00023173779737229285
2025-09-08T00:00:00+00:00,0.00023210123791093696
2025-09-08T01:00:00+00:00,0.00023231200888501009
2025-09-08T02:00:00+00:00,0.00023302204697403926
2025-09-08T03:00:00+00:00,0.00023196855169823239
2025-09-08T04:00:00+00:00,0.00023166469440298124
2025-09-08T05:00:00+00:00,0.00023255285792306524
2025-09-08T06:00:00+00:00,0.00023266790612998744
2025-09-08T07:00:00+00:00,0.0002328593953634086
2025-09-08T08:00:00+00:00,0.00023303204269375374
2025-09-08T09:00:00+00:00,0.00023253219648199954
2025-09-08T10:00:00+00:00,0.00023160630620230077
2025-09-08T11:00:00+00:00,0.00023096141849178172
2025-09-08T12:00:00+00:00,0.00023175886215016898
2025-09-08T13:00:00+00:00,0.00023135740242364696
2025-09-08T14:00:00+00:00,0.000231111599226511
2025-09-08T15:00:00+00:00,0.00023019258214539514
2025-09-08T16:00:00+00:00,0.00022882858650355575
2025-09-08T17:00:00+00:00,0.00023019282055098227
2025-09-08T18:00:00+00:00,0.00023187101455986962
2025-09-08T19:00:00+00:00,0.0002307915046979961
2025-09-08T20:00:00+00:00,0.00023296841279074197
2025-09-08T21:00:00+00:00,0.00023270013488783738
2025-09-08T22:00:00+00:00,0.00023150665567700396
2025-09-08T23:00:00+00:00,0.00023186189665269906
2025-09-09T00:00:00+00:00,0.000231990226502172
2025-09-09T01:00:00+00:00,0.00023236536955121057
2025-09-09T02:00:00+00:00,0.00023317327430591922
2025-09-09T03:00:00+00:00,0.00023301661509388073
2025-09-09T04:00:00+00:00,0.00023214984291613133
2025-09-09T05:00:00+00:00,0.00023174715258492975
2025-09-09T06:00:00+00:00,0.00023160531061316105
2025-09-09T07:00:00+00:00,0.00022878345213517103
2025-09-09T08:00:00+00:00,0.00022923849764302403
2025-09-09T09:00:00+00:00,0.0002293395162998486
2025-09-09T10:00:00+00:00,0.00022946104339277473
2025-09-09T11:00:00+00:00,0.00022982549756391467
2025-09-09T12:00:00+00:00,0.00022990118269039425
2025-09-09T13:00:00+00:00,0.0002300449427900212
2025-09-09T14:00:00+00:00,0.00022989006634622402
2025-09-09T15:00:00+00:00,0.00023219400310319987
2025-09-09T16:00:00+00:00,0.0002331195061513901
2025-09-09T17:00:00+00:00,0.00023305125269676755
2025-09-09T18:00:00+00:00,0.00023317234352450298
2025-09-09T19:00:00+00:00,0.0002331655814479082
2025-09-09T20:00:00+00:00,0.00023281949352681205
2025-09-09T21:00:00+00:00,0.0002327144843272335
2025-09-09T22:00:00+00:00,0.0002323532966676825
2025-09-09T23:00:00+00:00,0.0002315526519776351
2025-09-10T00:00:00+00:00,0.00023183927095476144
2025-09-10T01:00:00+00:00,0.00023317912296183066
2025-09-10T02:00:00+00:00,0.00023229315816238245
2025-09-10T03:00:00+00:00,0.00023170072041903941
2025-09-10T04:00:00+00:00,0.00023153963877702973
2025-09-10T05:00:00+00:00,0.00023185528009075758
2025-09-10T06:00:00+00:00,0.00023204235888359462
2025-09-10T07:00:00+00:00,0.00023167735179039397
2025-09-10T08:00:00+00:00,0.00023083365617889475
2025-09-10T09:00:00+00:00,0.00023095498485235653
2025-09-10T10:00:00+00:00,0.00023111087486355397
2025-09-10T11:00:00+00:00,0.00023094994061211957
2025-09-10T12:00:00+00:00,0.00023090954113033708
2025-09-10T13:00:00+00:00,0.0002288025514479652
2025-09-10T14:00:00+00:00,0.00022633907713399422
2025-09-10T15:00:00+00:00,0.00022691064135747872
2025-09-10T16:00:00+00:00,0.00022703223217803193
2025-09-10T17:00:00+00:00,0.0002283757945331126
2025-09-10T18:00:00+00:00,0.00022919934115369606
2025-09-10T19:00:00+00:00,0.00023020269660338854
2025-09-10T20:00:00+00:00,0.00023154887908439774
2025-09-10T21:00:00+00:00,0.00023089047132065845
2025-09-10T22:00:00+00:00,0.0002297532427961239
2025-09-10T23:00:00+00:00,0.00022996337803677102
2025-09-11T00:00:00+00:00,0.0002300151643018904
2025-09-11T01:00:00+00:00,0.00022940117154450197
2025-09-11T02:00:00+00:00,0.00022893854412094932
2025-09-11T03:00:00+00:00,0.0002281439563011778
2025-09-11T04:00:00+00:00,0.00022691069399688514
2025-09-11T05:00:00+00:00,0.00022658603675177556
2025-09-11T06:00:00+00:00,0.00022626063270953867
2025-09-11T07:00:00+00:00,0.0002254797350566982
2025-09-11T08:00:00+00:00,0.00022510531456273035
2025-09-11T09:00:00+00:00,0.00022544097049851555
2025-09-11T10:00:00+00:00,0.00022634243910955136
2025-09-11T11:00:00+00:00,0.00022577633937549354
2025-09-11T12:00:00+00:00,0.00022531247404022453
2025-09-11T13:00:00+00:00,0.00022533382804244955
2025-09-11T14:00:00+00:00,0.00022536691217640376
2025-09-11T15:00:00+00:00,0.00022569349932284016
2025-09-11T16:00:00+00:00,0.00022699476456323111
2025-09-11T17:00:00+00:00,0.00022627719316770182
2025-09-11T18:00:00+00:00,0.00022557130761928718
2025-09-11T19:00:00+00:00,0.00022630482276481833
2025-09-11T20:00:00+00:00,0.00022594616005483143
2025-09-11T21:00:00+00:00,0.00022634002218035093
2025-09-11T22:00:00+00:00,0.00022565147857079416
2025-09-11T23:00:00+00:00,0.00022428872528544523
2025-09-12T00:00:00+00:00,0.00022423934546014922
2025-09-12T01:00:00+00:00,0.00022104938086489975
2025-09-12T02:00:00+00:00,0.0002220703590502014
2025-09-12T03:00:00+00:00,0.00022180910053477026
2025-09-12T04:00:00+00:00,0.00022182719003389497
2025-09-12T05:00:00+00:00,0.00022106276986814998
2025-09-12T06:00:00+00:00,0.00021982846365441806
2025-09-12T07:00:00+00:00,0.00022033915346956367
2025-09-12T08:00:00+00:00,0.00022071481850769045
2025-09-12T09:00:00+00:00,0.00022108706262578343
2025-09-12T10:00:00+00:00,0.0002215240723630329
2025-09-12T11:00:00+00:00,0.00022147459410368274
2025-09-12T12:00:00+00:00,0.00022122685150631198
2025-09-12T13:00:00+00:00,0.00022087304234801234
2025-09-12T14:00:00+00:00,0.00022054154574616176
2025-09-12T15:00:00+00:00,0.00021996192878849814
2025-09-12T16:00:00+00:00,0.00021989298880769004
2025-09-12T17:00:00+00:00,0.00021850166075300913
2025-09-12T18:00:00+00:00,0.00021688442298945307
2025-09-12T19:00:00+00:00,0.00021623220393847625
2025-09-12T20:00:00+00:00,0.00021462629304545332
2025-09-12T21:00:00+00:00,0.00021426201811656869
2025-09-12T22:00:00+00:00,0.00021476282649013462
2025-09-12T23:00:00+00:00,0.00021260156977751744
2025-09-13T00:00:00+00:00,0.00021233543419550861
2025-09-13T01:00:00+00:00,0.00021227716308540618
2025-09-13T02:00:00+00:00,0.00021244233104747814
2025-09-13T03:00:00+00:00,0.00021252612051890363
2025-09-13T04:00:00+00:00,0.0002098632280197912
2025-09-13T05:00:00+00:00,0.00021048090056061323
2025-09-13T06:00:00+00:00,0.00021166152036463453
2025-09-13T07:00:00+00:00,0.00021224224686733486
2025-09-13T08:00:00+00:00,0.00021209146008111516
2025-09-13T09:00:00+00:00,0.00021145681812148587
2025-09-13T10:00:00+00:00,0.00021124383596582105
2025-09-13T11:00:00+00:00,0.00021196296312326116
2025-09-13T12:00:00+00:00,0.00021171896506036906
2025-09-13T13:00:00+00:00,0.00021170475994997353
2025-09-13T14:00:00+00:00,0.00021348792180692314
2025-09-13T15:00:00+00:00,0.0002130451343061609
2025-09-13T16:00:00+00:00,0.00021475484656158616
2025-09-13T17:00:00+00:00,0.00021637189116866822
2025-09-13T18:00:00+00:00,0.0002158152475374439
2025-09-13T19:00:00+00:00,0.00021516026650525568
2025-09-13T20:00:00+00:00,0.00021540997100868428
2025-09-13T21:00:00+00:00,0.0002145122172176028
2025-09-13T22:00:00+00:00,0.0002143698166743744
2025-09-13T23:00:00+00:00,0.00021453004599168035
2025-09-14T00:00:00+00:00,0.00021412878505608409
2025-09-14T01:00:00+00:00,0.00021395781122198498
2025-09-14T02:00:00+00:00,0.00021382958093141128
2025-09-14T03:00:00+00:00,0.0002132988154452483
2025-09-14T04:00:00+00:00,0.00021410173729470694
2025-09-14T05:00:00+00:00,0.00021443766545172887
2025-09-14T06:00:00+00:00,0.00021369282809102872
2025-09-14T07:00:00+00:00,0.00021415112562840025
2025-09-14T08:00:00+00:00,0.00021477206267524535
2025-09-14T09:00:00+00:00,0.00021446770297702626
2025-09-14T10:00:00+00:00,0.00021413148597372017
2025-09-14T11:00:00+00:00,0.00021441469881579246
2025-09-14T12:00:00+00:00,0.00021553929388319328
2025-09-14T13:00:00+00:00,0.0002160511384223535
2025-09-14T14:00:00+00:00,0.00021660418980322868
2025-09-14T15:00:00+00:00,0.00021733710029394417
2025-09-14T16:00:00+00:00,0.00021819649527472624
2025-09-14T17:00:00+00:00,0.0002175960081284636
2025-09-14T18:00:00+00:00,0.00021646560077275665
2025-09-14T19:00:00+00:00,0.00021708094980455432
2025-09-14T20:00:00+00:00,0.00021650900630178164
2025-09-14T21:00:00+00:00,0.00021644578046979153
2025-09-14T22:00:00+00:00,0.00021604839484525772
2025-09-14T23:00:00+00:00,0.00021593578324159154
2025-09-15T00:00:00+00:00,0.00021703390735047575
2025-09-15T01:00:00+00:00,0.00021723766842610703
2025-09-15T02:00:00+00:00,0.00021621913332539483
2025-09-15T03:00:00+00:00,0.0002162079378228031
2025-09-15T04:00:00+00:00,0.00021552066846361784
2025-09-15T05:00:00+00:00,0.0002152031061934607
2025-09-15T06:00:00+00:00,0.00021454703402895965
2025-09-15T07:00:00+00:00,0.00021574328211445973
2025-09-15T08:00:00+00:00,0.0002173174939180997
2025-09-15T09:00:00+00:00,0.00022139099492084977
2025-09-15T10:00:00+00:00,0.00022087496197768412
2025-09-15T11:00:00+00:00,0.00022065477819068396
2025-09-15T12:00:00+00:00,0.0002207186929805578
2025-09-15T13:00:00+00:00,0.0002213653102877248
2025-09-15T14:00:00+00:00,0.00022099549771629193
2025-09-15T15:00:00+00:00,0.00022117424308039415
2025-09-15T16:00:00+00:00,0.00022209650392689942
2025-09-15T17:00:00+00:00,0.0002223730155372515
2025-09-15T18:00:00+00:00,0.00022198493789461784
2025-09-15T19:00:00+00:00,0.0002220026288265311
2025-09-15T20:00:00+00:00,0.000222535109653264
2025-09-15T21:00:00+00:00,0.00022151648470048027
2025-09-15T22:00:00+00:00,0.00022094505984745604
2025-09-15T23:00:00+00:00,0.00022141174757395833
2025-09-16T00:00:00+00:00,0.00022104202548121215
2025-09-16T01:00:00+00:00,0.00022149224434133305
2025-09-16T02:00:00+00:00,0.00022098175470543994
2025-09-16T03:00:00+00:00,0.000221360396007823
2025-09-16T04:00:00+00:00,0.00022103219135681176
2025-09-16T05:00:00+00:00,0.00022125421877385214
2025-09-16T06:00:00+00:00,0.00022072113611206504
2025-09-16T07:00:00+00:00,0.00022184855824330604
2025-09-16T08:00:00+00:00,0.0002213744484706496
2025-09-16T09:00:00+00:00,0.0002214988733913836
2025-09-16T10:00:00+00:00,0.00022151888111878422
2025-09-16T11:00:00+00:00,0.00022216483049117573
2025-09-16T12:00:00+00:00,0.00022195810725993183
2025-09-16T13:00:00+00:00,0.00022204104901794072
2025-09-16T14:00:00+00:00,0.00022435659975567665
2025-09-16T15:00:00+00:00,0.00022484333529271925
2025-09-16T16:00:00+00:00,0.0002236985969189697
2025-09-16T17:00:00+00:00,0.0002238193256403729
2025-09-16T18:00:00+00:00,0.00022259713914375264
2025-09-16T19:00:00+00:00,0.00022311283944167814
2025-09-16T20:00:00+00:00,0.00022259860768968865
2025-09-16T21:00:00+00:00,0.00022231897891400093
2025-09-16T22:00:00+00:00,0.00022161745287614274
2025-09-16T23:00:00+00:00,0.00022098412268017147
2025-09-17T00:00:00+00:00,0.00022191179283168378
2025-09-17T01:00:00+00:00,0.00022141780807655127
2025-09-17T02:00:00+00:00,0.00022150237485835778
2025-09-17T03:00:00+00:00,0.0002207382095825461
2025-09-17T04:00:00+00:00,0.0002220966445822506
2025-09-17T05:00:00+00:00,0.00022342368792495256
2025-09-17T06:00:00+00:00,0.00022138796320025325
2025-09-17T07:00:00+00:00,0.00022013654985347106
2025-09-17T08:00:00+00:00,0.00021996098618587247
2025-09-17T09:00:00+00:00,0.00022163215287615497
2025-09-17T10:00:00+00:00,0.00022215822824233502
2025-09-17T11:00:00+00:00,0.00022288775581272177
2025-09-17T12:00:00+00:00,0.00022243236958168543
2025-09-17T13:00:00+00:00,0.00022194139110299262
2025-09-17T14:00:00+00:00,0.00022181543341981253
2025-09-17T15:00:00+00:00,0.00022255210955511497
2025-09-17T16:00:00+00:00,0.0002224999476228668
2025-09-17T17:00:00+00:00,0.00022251523646132476
2025-09-17T18:00:00+00:00,0.0002212166999671204
2025-09-17T19:00:00+00:00,0.00022402489762102042
2025-09-17T20:00:00+00:00,0.00022107596255291042
2025-09-17T21:00:00+00:00,0.00022206048088737373
2025-09-17T22:00:00+00:00,0.0002204606313990854
2025-09-17T23:00:00+00:00,0.00021739596688767393
2025-09-18T00:00:00+00:00,0.00021760783033425242
2025-09-18T01:00:00+00:00,0.0002177064823183543
2025-09-18T02:00:00+00:00,0.00021609617116302674
2025-09-18T03:00:00+00:00,0.00021659259741013088
2025-09-18T04:00:00+00:00,0.00021624898669269448
2025-09-18T05:00:00+00:00,0.00021691139024979615
2025-09-18T06:00:00+00:00,0.0002178066445480344
2025-09-18T07:00:00+00:00,0.0002185251091215568
2025-09-18T08:00:00+00:00,0.00021833328726099632
2025-09-18T09:00:00+00:00,0.0002171072103620115
2025-09-18T10:00:00+00:00,0.00021736243588117889
2025-09-18T11:00:00+00:00,0.00021836295926870228
2025-09-18T12:00:00+00:00,0.00021833417853863246
2025-09-18T13:00:00+00:00,0.0002184024120833166
2025-09-18T14:00:00+00:00,0.00021825649065681038
2025-09-18T15:00:00+00:00,0.00021736225393518082
2025-09-18T16:00:00+00:00,0.0002171668624807063
2025-09-18T17:00:00+00:00,0.0002159181717382929
2025-09-18T18:00:00+00:00,0.0002166242470084282
2025-09-18T19:00:00+00:00,0.00021635879590568645
2025-09-18T20:00:00+00:00,0.00021758314263664783
2025-09-18T21:00:00+00:00,0.00021709023349688637
2025-09-18T22:00:00+00:00,0.00021743247871011242
2025-09-18T23:00:00+00:00,0.0002177979985102506
2025-09-19T00:00:00+00:00,0.00021771313946613525
2025-09-19T01:00:00+00:00,0.00021677961997553324
2025-09-19T02:00:00+00:00,0.00021690817317517242
2025-09-19T03:00:00+00:00,0.00021758891613371647
2025-09-19T04:00:00+00:00,0.00021967778242842022
2025-09-19T05:00:00+00:00,0.00021934630574213396
2025-09-19T06:00:00+00:00,0.00021996882867123983
2025-09-19T07:00:00+00:00,0.00022072393084463453
2025-09-19T08:00:00+00:00,0.00022009028746899074
2025-09-19T09:00:00+00:00,0.00022031291917373806
2025-09-19T10:00:00+00:00,0.00022094746794082426
2025-09-19T11:00:00+00:00,0.00022063917819013703
2025-09-19T12:00:00+00:00,0.00022124640385441495
2025-09-19T13:00:00+00:00,0.00022114601830630203
2025-09-19T14:00:00+00:00,0.00022033334622206392
2025-09-19T15:00:00+00:00,0.00022202704837870072
2025-09-19T16:00:00+00:00,0.00022330110342560052
2025-09-19T17:00:00+00:00,0.00022289719089016097
2025-09-19T18:00:00+00:00,0.00022402608410830222
2025-09-19T19:00:00+00:00,0.00022428869259986513
2025-09-19T20:00:00+00:00,0.00022490399500714003
2025-09-19T21:00:00+00:00,0.00022398862145207618
2025-09-19T22:00:00+00:00,0.00022338638487426113
2025-09-19T23:00:00+00:00,0.00022353013906750157
2025-09-20T00:00:00+00:00,0.0002235615482994063
2025-09-20T01:00:00+00:00,0.0002232720816649261
2025-09-20T02:00:00+00:00,0.00022373959635447774
2025-09-20T03:00:00+00:00,0.00022377021005571805
2025-09-20T04:00:00+00:00,0.00022367701220446344
2025-09-20T05:00:00+00:00,0.00022329463800953796
2025-09-20T06:00:00+00:00,0.00022307317487698175
2025-09-20T07:00:00+00:00,0.00022333062874232656
2025-09-20T08:00:00+00:00,0.00022301466302816308
2025-09-20T09:00:00+00:00,0.00022356918778581802
2025-09-20T10:00:00+00:00,0.00022369275376342003
2025-09-20T11:00:00+00:00,0.00022382310574264484
2025-09-20T12:00:00+00:00,0.0002234765706166941
2025-09-20T13:00:00+00:00,0.000223795516897193
2025-09-20T14:00:00+00:00,0.00022358586285497068
2025-09-20T15:00:00+00:00,0.00022253558833989983
2025-09-20T16:00:00+00:00,0.00022216202472850207
2025-09-20T17:00:00+00:00,0.0002219653430904865
2025-09-20T18:00:00+00:00,0.00022275844122455059
2025-09-20T19:00:00+00:00,0.00022325749047613058
2025-09-20T20:00:00+00:00,0.00022300410339121086
2025-09-20T21:00:00+00:00,0.00022272106190292132
2025-09-20T22:00:00+00:00,0.0002224421660677756
2025-09-20T23:00:00+00:00,0.0002222660601073084
2025-09-21T00:00:00+00:00,0.00022298000156952376
2025-09-21T01:00:00+00:00,0.00022255302871860747
2025-09-21T02:00:00+00:00,0.0002230677855438244
2025-09-21T03:00:00+00:00,0.00022296010783402667
2025-09-21T04:00:00+00:00,0.00022302778387002593
2025-09-21T05:00:00+00:00,0.00022344091549350947
2025-09-21T06:00:00+00:00,0.0002230433886456571
2025-09-21T07:00:00+00:00,0.00022270415503498672
2025-09-21T08:00:00+00:00,0.00022301781219534792
2025-09-21T09:00:00+00:00,0.00022347574243117646
2025-09-21T10:00:00+00:00,0.00022375701206733882
2025-09-21T11:00:00+00:00,0.00022400525224476711
2025-09-21T12:00:00+00:00,0.00022385215583909274
2025-09-21T13:00:00+00:00,0.00022366190822823432
2025-09-21T14:00:00+00:00,0.00022311080573669053
2025-09-21T15:00:00+00:00,0.00022327415559331116
2025-09-21T16:00:00+00:00,0.00022285048184330714
2025-09-21T17:00:00+00:00,0.00022362255148461867
2025-09-21T18:00:00+00:00,0.0002227795173651698
2025-09-21T19:00:00+00:00,0.0002221736136664812
2025-09-21T20:00:00+00:00,0.00022233020019752603
2025-09-21T21:00:00+00:00,0.0002232337270154817
2025-09-21T22:00:00+00:00,0.00022320989394662073
2025-09-21T23:00:00+00:00,0.0002237155229557558
2025-09-22T00:00:00+00:00,0.0002247547541346113
2025-09-22T01:00:00+00:00,0.00023026261162889674
2025-09-22T02:00:00+00:00,0.00023062993308425308
2025-09-22T03:00:00+00:00,0.00023288342996456674
2025-09-22T04:00:00+00:00,0.0002321439635861936
2025-09-22T05:00:00+00:00,0.00023296007016113346
2025-09-22T06:00:00+00:00,0.00023759218921918685
2025-09-22T07:00:00+00:00,0.0002381020624637946
2025-09-22T08:00:00+00:00,0.0002379047177510979
2025-09-22T09:00:00+00:00,0.00023805778808393268
2025-09-22T10:00:00+00:00,0.00024043289449836267
2025-09-22T11:00:00+00:00,0.00023887010633683324
2025-09-22T12:00:00+00:00,0.00023897324062282837
2025-09-22T13:00:00+00:00,0.00023827993657638065
2025-09-22T14:00:00+00:00,0.00023814314548369168
2025-09-22T15:00:00+00:00,0.0002382169132575619
2025-09-22T16:00:00+00:00,0.00023961708512991076
2025-09-22T17:00:00+00:00,0.00023975006550735255
2025-09-22T18:00:00+00:00,0.00023969988110687213
2025-09-22T19:00:00+00:00,0.00024022465643020848
2025-09-22T20:00:00+00:00,0.00024130282201390466
2025-09-22T21:00:00+00:00,0.00023896994983231844
2025-09-22T22:00:00+00:00,0.0002381996171929091
2025-09-22T23:00:00+00:00,0.00023845560000471103
2025-09-23T00:00:00+00:00,0.00023793067010606097
2025-09-23T01:00:00+00:00,0.0002383125669350146
2025-09-23T02:00:00+00:00,0.00023956188939775047
2025-09-23T03:00:00+00:00,0.00024055909928789838
2025-09-23T04:00:00+00:00,0.00023839876817911425
2025-09-23T05:00:00+00:00,0.0002390921911318937
2025-09-23T06:00:00+00:00,0.00023862605746769486
2025-09-23T07:00:00+00:00,0.00023755190235069245
2025-09-23T08:00:00+00:00,0.00023750855788942426
2025-09-23T09:00:00+00:00,0.00023732794362957206
2025-09-23T10:00:00+00:00,0.00023816946756482463
2025-09-23T11:00:00+00:00,0.00023829313728598511
2025-09-23T12:00:00+00:00,0.00023814042280396894
2025-09-23T13:00:00+00:00,0.00023819855408626264
2025-09-23T14:00:00+00:00,0.00023847604798991502
2025-09-23T15:00:00+00:00,0.00023869295537901094
2025-09-23T16:00:00+00:00,0.00023878503011332463
2025-09-23T17:00:00+00:00,0.00023837364534025048
2025-09-23T18:00:00+00:00,0.00024074607173839503
2025-09-23T19:00:00+00:00,0.00024038204107042338
2025-09-23T20:00:00+00:00,0.00024054909178781281
2025-09-23T21:00:00+00:00,0.00023981941047746696
2025-09-23T22:00:00+00:00,0.00023882425658895427
2025-09-23T23:00:00+00:00,0.00023905556782705627
2025-09-24T00:00:00+00:00,0.0002398922068782713
2025-09-24T01:00:00+00:00,0.0002393200607150497
2025-09-24T02:00:00+00:00,0.0002383616482310196
2025-09-24T03:00:00+00:00,0.00023968749543203097
2025-09-24T04:00:00+00:00,0.00024106825640748215
2025-09-24T05:00:00+00:00,0.00024132660771299116
2025-09-24T06:00:00+00:00,0.00023941143898271482
2025-09-24T07:00:00+00:00,0.00023895833763015753
2025-09-24T08:00:00+00:00,0.00023936595535819727
2025-09-24T09:00:00+00:00,0.0002393332827659961
2025-09-24T10:00:00+00:00,0.00023889008468168043
2025-09-24T11:00:00+00:00,0.00023919016609589568
2025-09-24T12:00:00+00:00,0.00023884648983275844
2025-09-24T13:00:00+00:00,0.00023896772201593844
2025-09-24T14:00:00+00:00,0.00024022813383186745
2025-09-24T15:00:00+00:00,0.00023789577534020343
2025-09-24T16:00:00+00:00,0.00023937869710968635
2025-09-24T17:00:00+00:00,0.0002393780095167619
2025-09-24T18:00:00+00:00,0.00023867128968379725
2025-09-24T19:00:00+00:00,0.00023941430708438255
2025-09-24T20:00:00+00:00,0.00023987155015091423
2025-09-24T21:00:00+00:00,0.00023960925660861153
2025-09-24T22:00:00+00:00,0.00024075030601442736
2025-09-24T23:00:00+00:00,0.00024042510417394863
2025-09-25T00:00:00+00:00,0.00024059517825052222
2025-09-25T01:00:00+00:00,0.0002417583856071639
2025-09-25T02:00:00+00:00,0.00024392543080725156
2025-09-25T03:00:00+00:00,0.00024373598950883427
2025-09-25T04:00:00+00:00,0.00024692702298726577
2025-09-25T05:00:00+00:00,0.000249460583110353
2025-09-25T06:00:00+00:00,0.00024814293474147516
2025-09-25T07:00:00+00:00,0.0002499095089021324
2025-09-25T08:00:00+00:00,0.0002491685850650157
2025-09-25T09:00:00+00:00,0.0002489277790700539
2025-09-25T10:00:00+00:00,0.00024814483224093806
2025-09-25T11:00:00+00:00,0.00024877105473742624
2025-09-25T12:00:00+00:00,0.0002495621907355489
2025-09-25T13:00:00+00:00,0.00025102698674901963
2025-09-25T14:00:00+00:00,0.0002511953819040434
2025-09-25T15:00:00+00:00,0.00024903064006755556
2025-09-25T16:00:00+00:00,0.0002497416797855697
2025-09-25T17:00:00+00:00,0.00025349397957966487
2025-09-25T18:00:00+00:00,0.00025972585847574745
2025-09-25T19:00:00+00:00,0.00025404420406524434
2025-09-25T20:00:00+00:00,0.00025483336819080314
2025-09-25T21:00:00+00:00,0.0002567763996624375
2025-09-25T22:00:00+00:00,0.0002557708797021797
2025-09-25T23:00:00+00:00,0.0002564089309432111
2025-09-26T00:00:00+00:00,0.0002586188419779411
2025-09-26T01:00:00+00:00,0.00025469299262830306
2025-09-26T02:00:00+00:00,0.0002530456088640782
2025-09-26T03:00:00+00:00,0.0002522781133795267
2025-09-26T04:00:00+00:00,0.0002516064742315753
2025-09-26T05:00:00+00:00,0.0002529050036728462
2025-09-26T06:00:00+00:00,0.00025461967085271874
2025-09-26T07:00:00+00:00,0.00025456631238541204
2025-09-26T08:00:00+00:00,0.00025351719812481926
2025-09-26T09:00:00+00:00,0.00025376627562030256
2025-09-26T10:00:00+00:00,0.0002551971343905972
2025-09-26T11:00:00+00:00,0.00025672225221102206
2025-09-26T12:00:00+00:00,0.0002557378497173935
2025-09-26T13:00:00+00:00,0.0002539932035364908
2025-09-26T14:00:00+00:00,0.0002510128300742591
2025-09-26T15:00:00+00:00,0.00025406975222875915
2025-09-26T16:00:00+00:00,0.0002531273183248226
2025-09-26T17:00:00+00:00,0.00025025712576423945
2025-09-26T18:00:00+00:00,0.0002473716358810325
2025-09-26T19:00:00+00:00,0.00024693661858345405
2025-09-26T20:00:00+00:00,0.00024816059477491675
2025-09-26T21:00:00+00:00,0.00024921303768096824
2025-09-26T22:00:00+00:00,0.00024855486300443967
2025-09-26T23:00:00+00:00,0.0002479973986478823
2025-09-27T00:00:00+00:00,0.0002474583056425492
2025-09-27T01:00:00+00:00,0.0002479706049993236
2025-09-27T02:00:00+00:00,0.0002485723458368739
2025-09-27T03:00:00+00:00,0.00024889247819195697
2025-09-27T04:00:00+00:00,0.0002484298722043618
2025-09-27T05:00:00+00:00,0.0002482352255436078
2025-09-27T06:00:00+00:00,0.0002484031475003196
2025-09-27T07:00:00+00:00,0.00024843626203630703
2025-09-27T08:00:00+00:00,0.00024906956675957545
2025-09-27T09:00:00+00:00,0.0002505140345786823
2025-09-27T10:00:00+00:00,0.00024996956268573406
2025-09-27T11:00:00+00:00,0.00024911451771075967
2025-09-27T12:00:00+00:00,0.00024968310132267323
2025-09-27T13:00:00+00:00,0.000248214182265957
2025-09-27T14:00:00+00:00,0.00024844566998254587
2025-09-27T15:00:00+00:00,0.0002489542813544908
2025-09-27T16:00:00+00:00,0.0002484707434694547
2025-09-27T17:00:00+00:00,0.0002493641559415375
2025-09-27T18:00:00+00:00,0.00024966362869578923
2025-09-27T19:00:00+00:00,0.0002501340120710332
2025-09-27T20:00:00+00:00,0.00024964354371680457
2025-09-27T21:00:00+00:00,0.000249266372213875
2025-09-27T22:00:00+00:00,0.0002486592199839175
2025-09-27T23:00:00+00:00,0.0002482989894215555
2025-09-28T00:00:00+00:00,0.00024862539030584335
2025-09-28T01:00:00+00:00,0.0002486770986872124
2025-09-28T02:00:00+00:00,0.0002498029641811055
2025-09-28T03:00:00+00:00,0.0002495445964836752
2025-09-28T04:00:00+00:00,0.0002494974562801513
2025-09-28T05:00:00+00:00,0.00024949786233757326
2025-09-28T06:00:00+00:00,0.00024901496371342854
2025-09-28T07:00:00+00:00,0.00024929339629213153
2025-09-28T08:00:00+00:00,0.0002488868329245994
2025-09-28T09:00:00+00:00,0.00024949883019509427
2025-09-28T10:00:00+00:00,0.0002500048643881848
2025-09-28T11:00:00+00:00,0.0002499486266855137
2025-09-28T12:00:00+00:00,0.00025022905276415836
2025-09-28T13:00:00+00:00,0.0002509364876746559
2025-09-28T14:00:00+00:00,0.00024878897620714654
2025-09-28T15:00:00+00:00,0.00024820461579292693
2025-09-28T16:00:00+00:00,0.00024835754651910893
2025-09-28T17:00:00+00:00,0.00024772059439497204
2025-09-28T18:00:00+00:00,0.00024724481892517624
2025-09-28T19:00:00+00:00,0.00024718536386015487
2025-09-28T20:00:00+00:00,0.00024734285568241284
2025-09-28T21:00:00+00:00,0.0002464922421233553
2025-09-28T22:00:00+00:00,0.0002469053476104937
2025-09-28T23:00:00+00:00,0.00024166660809147743
2025-09-29T00:00:00+00:00,0.00024121014481185416
2025-09-29T01:00:00+00:00,0.00024209297531530707
2025-09-29T02:00:00+00:00,0.00024256272566425263
2025-09-29T03:00:00+00:00,0.00024298639653594486
2025-09-29T04:00:00+00:00,0.00024256700466416308
2025-09-29T05:00:00+00:00,0.00024247375712512095
2025-09-29T06:00:00+00:00,0.00024280977108128476
2025-09-29T07:00:00+00:00,0.00024378133175496978
2025-09-29T08:00:00+00:00,0.0002431085570114624
2025-09-29T09:00:00+00:00,0.00024202559942829244
2025-09-29T10:00:00+00:00,0.00024173764679763428
2025-09-29T11:00:00+00:00,0.00024240282813783756
2025-09-29T12:00:00+00:00,0.00024346698396732251
2025-09-29T13:00:00+00:00,0.00024356102542963168
2025-09-29T14:00:00+00:00,0.00023943364972146535
2025-09-29T15:00:00+00:00,0.00023801429186916378
2025-09-29T16:00:00+00:00,0.00023991442301413227
2025-09-29T17:00:00+00:00,0.00024092980783662019
2025-09-29T18:00:00+00:00,0.000240352986944125
2025-09-29T19:00:00+00:00,0.0002400691020443375
2025-09-29T20:00:00+00:00,0.00023861574594124754
2025-09-29T21:00:00+00:00,0.0002364555680612869
2025-09-29T22:00:00+00:00,0.0002364604744343186
2025-09-29T23:00:00+00:00,0.00023673518439109925
2025-09-30T00:00:00+00:00,0.00023702245937248993
2025-09-30T01:00:00+00:00,0.0002371037829574161
2025-09-30T02:00:00+00:00,0.00023770596269453683
2025-09-30T03:00:00+00:00,0.00023778912129305055
2025-09-30T04:00:00+00:00,0.0002378330133145963
2025-09-30T05:00:00+00:00,0.0002384767488699078
2025-09-30T06:00:00+00:00,0.00023885122143025352
2025-09-30T07:00:00+00:00,0.00023819265880646188
2025-09-30T08:00:00+00:00,0.00023887849807498204
2025-09-30T09:00:00+00:00,0.0002395691145943516
2025-09-30T10:00:00+00:00,0.00024079872658467686
2025-09-30T11:00:00+00:00,0.000239930881820757
2025-09-30T12:00:00+00:00,0.00023978518309962605
2025-09-30T13:00:00+00:00,0.0002399526446875785
2025-09-30T14:00:00+00:00,0.00024085028721741397
2025-09-30T15:00:00+00:00,0.00024098452708868481
2025-09-30T16:00:00+00:00,0.0002426433215790182
2025-09-30T17:00:00+00:00,0.0002439460776481439
2025-09-30T18:00:00+00:00,0.00024361233639943325
2025-09-30T19:00:00+00:00,0.00024298490454810487
2025-09-30T20:00:00+00:00,0.0002401704583225347
2025-09-30T21:00:00+00:00,0.00023823414021072152
2025-09-30T22:00:00+00:00,0.00023949860794091163
2025-09-30T23:00:00+00:00,0.00024135388575601048
2025-10-01T00:00:00+00:00,0.0002411316294963009
2025-10-01T01:00:00+00:00,0.00024116509882733865
2025-10-01T02:00:00+00:00,0.00023948809896782755
2025-10-01T03:00:00+00:00,0.00024067480538730065
2025-10-01T04:00:00+00:00,0.0002418583489931351
2025-10-01T05:00:00+00:00,0.00024127248701531136
2025-10-01T06:00:00+00:00,0.00024084849307790408
2025-10-01T07:00:00+00:00,0.0002417784264830222
2025-10-01T08:00:00+00:00,0.00024119538716831627
2025-10-01T09:00:00+00:00,0.00023346102445273768
2025-10-01T10:00:00+00:00,0.00023157691206175665
2025-10-01T11:00:00+00:00,0.0002333280463859204
2025-10-01T12:00:00+00:00,0.00023257304416979241
2025-10-01T13:00:00+00:00,0.00023324357734555684
2025-10-01T14:00:00+00:00,0.00023266888932531196
2025-10-01T15:00:00+00:00,0.00023098400336908983
2025-10-01T16:00:00+00:00,0.0002308663972783973
2025-10-01T17:00:00+00:00,0.0002308890986596019
2025-10-01T18:00:00+00:00,0.00023252663610827043
2025-10-01T19:00:00+00:00,0.0002315587263426612
2025-10-01T20:00:00+00:00,0.00023049400789494433
2025-10-01T21:00:00+00:00,0.000230649479814583
2025-10-01T22:00:00+00:00,0.00023218493447778777
2025-10-01T23:00:00+00:00,0.00023168598027246617
2025-10-02T00:00:00+00:00,0.00023019427973350036
2025-10-02T01:00:00+00:00,0.0002305071426237664
2025-10-02T02:00:00+00:00,0.0002274616943498653
2025-10-02T03:00:00+00:00,0.0002277444248210526
2025-10-02T04:00:00+00:00,0.00022831670357600938
2025-10-02T05:00:00+00:00,0.00022854635103904526
2025-10-02T06:00:00+00:00,0.0002279213734404408
2025-10-02T07:00:00+00:00,0.00022720996193090757
2025-10-02T08:00:00+00:00,0.00022832553500414868
2025-10-02T09:00:00+00:00,0.00022781731382731407
2025-10-02T10:00:00+00:00,0.00022741940953871717
2025-10-02T11:00:00+00:00,0.000227972890413287
2025-10-02T12:00:00+00:00,0.00022775003540013284
2025-10-02T13:00:00+00:00,0.0002274730272357477
2025-10-02T14:00:00+00:00,0.00022634802591148468
2025-10-02T15:00:00+00:00,0.0002286190558812196
2025-10-02T16:00:00+00:00,0.0002254352864518923
2025-10-02T17:00:00+00:00,0.00022459181098823341
2025-10-02T18:00:00+00:00,0.00022362938738307701
2025-10-02T19:00:00+00:00,0.0002225962570436663
2025-10-02T20:00:00+00:00,0.00022244466144158027
2025-10-02T21:00:00+00:00,0.0002228471712331684
2025-10-02T22:00:00+00:00,0.00022347906247071546
2025-10-02T23:00:00+00:00,0.00022397752382897904
2025-10-03T00:00:00+00:00,0.0002229494368859757
2025-10-03T01:00:00+00:00,0.0002234617261321309
2025-10-03T02:00:00+00:00,0.00022335533438602286
2025-10-03T03:00:00+00:00,0.00022187378116487422
2025-10-03T04:00:00+00:00,0.00022107509049515493
2025-10-03T05:00:00+00:00,0.00022221080239741774
2025-10-03T06:00:00+00:00,0.0002231778398954796
2025-10-03T07:00:00+00:00,0.00022364993801586748
2025-10-03T08:00:00+00:00,0.00022414653105700302
2025-10-03T09:00:00+00:00,0.00022402935976998566
2025-10-03T10:00:00+00:00,0.00022338385420083519
2025-10-03T11:00:00+00:00,0.00022243842935035007
2025-10-03T12:00:00+00:00,0.0002230091193141427
2025-10-03T13:00:00+00:00,0.0002228525265657179
2025-10-03T14:00:00+00:00,0.00022358475982312318
2025-10-03T15:00:00+00:00,0.00022274370069996283
2025-10-03T16:00:00+00:00,0.00022012631631676416
2025-10-03T17:00:00+00:00,0.00021985123610597637
2025-10-03T18:00:00+00:00,0.00022333895086865536
2025-10-03T19:00:00+00:00,0.00022197610948096762
2025-10-03T20:00:00+00:00,0.000221156805998216
2025-10-03T21:00:00+00:00,0.00022060956599481097
2025-10-03T22:00:00+00:00,0.0002210180187863579
2025-10-03T23:00:00+00:00,0.0002206794743127412
2025-10-04T00:00:00+00:00,0.00022143175134417767
2025-10-04T01:00:00+00:00,0.0002221490401239019
2025-10-04T02:00:00+00:00,0.0002230259827936285
2025-10-04T03:00:00+00:00,0.00022275414558712512
2025-10-04T04:00:00+00:00,0.000222703078164173
2025-10-04T05:00:00+00:00,0.00022230591729321223
2025-10-04T06:00:00+00:00,0.00022186860982021224
2025-10-04T07:00:00+00:00,0.0002216894609658627
2025-10-04T08:00:00+00:00,0.00022223676709851788
2025-10-04T09:00:00+00:00,0.00022245057832920748
2025-10-04T10:00:00+00:00,0.00022257219629982618
2025-10-04T11:00:00+00:00,0.0002226526855970053
2025-10-04T12:00:00+00:00,0.0002227738587564538
2025-10-04T13:00:00+00:00,0.00022300520355154102
2025-10-04T14:00:00+00:00,0.00022203629463662323
2025-10-04T15:00:00+00:00,0.00022321361602463483
2025-10-04T16:00:00+00:00,0.00022419993532914482
2025-10-04T17:00:00+00:00,0.00022392388419546468
2025-10-04T18:00:00+00:00,0.00022414609161526742
2025-10-04T19:00:00+00:00,0.0002244987143159299
2025-10-04T20:00:00+00:00,0.00022376288420036913
2025-10-04T21:00:00+00:00,0.000223212637617126
2025-10-04T22:00:00+00:00,0.0002227742896391557
2025-10-04T23:00:00+00:00,0.00022256935230592262
2025-10-05T00:00:00+00:00,0.0002226653049665732
2025-10-05T01:00:00+00:00,0.00022352261351559781
2025-10-05T02:00:00+00:00,0.00022269790048379303
2025-10-05T03:00:00+00:00,0.00021923136907431084
2025-10-05T04:00:00+00:00,0.000219990214997131
2025-10-05T05:00:00+00:00,0.0002182318138069964
2025-10-05T06:00:00+00:00,0.0002187405897351389
2025-10-05T07:00:00+00:00,0.00021909172075092995
2025-10-05T08:00:00+00:00,0.00021698980395768719
2025-10-05T09:00:00+00:00,0.0002178654302983732
2025-10-05T10:00:00+00:00,0.00021924080915252902
2025-10-05T11:00:00+00:00,0.0002199604359935083
2025-10-05T12:00:00+00:00,0.00021945348702190462
2025-10-05T13:00:00+00:00,0.00022028103954013314
2025-10-05T14:00:00+00:00,0.0002203165650299393
2025-10-05T15:00:00+00:00,0.0002203911006461301
2025-10-05T16:00:00+00:00,0.0002205565021013935
2025-10-05T17:00:00+00:00,0.00022119401998840768
2025-10-05T18:00:00+00:00,0.00022179859045546988
2025-10-05T19:00:00+00:00,0.00022112688822694792
2025-10-05T20:00:00+00:00,0.00022258592541644066
2025-10-05T21:00:00+00:00,0.000221902518105074
2025-10-05T22:00:00+00:00,0.0002217787201549249
2025-10-05T23:00:00+00:00,0.00022159905771386608
2025-10-06T00:00:00+00:00,0.0002213592196603883
2025-10-06T01:00:00+00:00,0.00022213141072706947
2025-10-06T02:00:00+00:00,0.0002206939977401892
2025-10-06T03:00:00+00:00,0.000220262238326288
2025-10-06T04:00:00+00:00,0.00022046143787361855
2025-10-06T05:00:00+00:00,0.0002210270852788354
2025-10-06T06:00:00+00:00,0.00022072967790820182
2025-10-06T07:00:00+00:00,0.00021927700351527591
2025-10-06T08:00:00+00:00,0.00022048438887363643
2025-10-06T09:00:00+00:00,0.00021905212710841103
2025-10-06T10:00:00+00:00,0.00021839198523995165
2025-10-06T11:00:00+00:00,0.0002184886980622285
2025-10-06T12:00:00+00:00,0.00021861822854219847
2025-10-06T13:00:00+00:00,0.00021822307267082723
2025-10-06T14:00:00+00:00,0.00021608825131998711
2025-10-06T15:00:00+00:00,0.0002150264083952769
2025-10-06T16:00:00+00:00,0.00021363636106711884
2025-10-06T17:00:00+00:00,0.00021367956721928411
2025-10-06T18:00:00+00:00,0.00021242731613757923
2025-10-06T19:00:00+00:00,0.00021206566458735967
2025-10-06T20:00:00+00:00,0.00021258424058963807
2025-10-06T21:00:00+00:00,0.0002132028390096286
2025-10-06T22:00:00+00:00,0.00021351736014769358
2025-10-06T23:00:00+00:00,0.00021264689553399438
2025-10-07T00:00:00+00:00,0.00021316162272678766
2025-10-07T01:00:00+00:00,0.0002135836813074296
2025-10-07T02:00:00+00:00,0.00021376940751022334
2025-10-07T03:00:00+00:00,0.00021344252181243164
2025-10-07T04:00:00+00:00,0.0002130214088573439
2025-10-07T05:00:00+00:00,0.00021194916207725148
2025-10-07T06:00:00+00:00,0.00021208969579281453
2025-10-07T07:00:00+00:00,0.0002138073025604704
2025-10-07T08:00:00+00:00,0.00021377540573204478
2025-10-07T09:00:00+00:00,0.00021385221168741797
2025-10-07T10:00:00+00:00,0.0002135385029753319
2025-10-07T11:00:00+00:00,0.00021289575173183634
2025-10-07T12:00:00+00:00,0.00021229660688507795
2025-10-07T13:00:00+00:00,0.00021057468025580602
2025-10-07T14:00:00+00:00,0.00021230954390388934
2025-10-07T15:00:00+00:00,0.00021714363222783662
2025-10-07T16:00:00+00:00,0.00022166564315396963
2025-10-07T17:00:00+00:00,0.00022211972572235334
2025-10-07T18:00:00+00:00,0.00022312543812542026
2025-10-07T19:00:00+00:00,0.00022379045713834822
2025-10-07T20:00:00+00:00,0.00022294386398295825
2025-10-07T21:00:00+00:00,0.00022152723912098843
2025-10-07T22:00:00+00:00,0.00022286129557829823
2025-10-07T23:00:00+00:00,0.00022226072200727976
2025-10-08T00:00:00+00:00,0.00022442008798591735
2025-10-08T01:00:00+00:00,0.0002232110769644172
2025-10-08T02:00:00+00:00,0.00022285034353991887
2025-10-08T03:00:00+00:00,0.00022289638287438816
2025-10-08T04:00:00+00:00,0.00022503670194844557
2025-10-08T05:00:00+00:00,0.00022423340609844462
2025-10-08T06:00:00+00:00,0.000225322564477258
2025-10-08T07:00:00+00:00,0.00022454848863553425
2025-10-08T08:00:00+00:00,0.0002239164117023831
2025-10-08T09:00:00+00:00,0.00022309428217142283
2025-10-08T10:00:00+00:00,0.0002231406993597245
2025-10-08T11:00:00+00:00,0.00022208284896511546
2025-10-08T12:00:00+00:00,0.0002226988913299208
2025-10-08T13:00:00+00:00,0.00022340300850387087
2025-10-08T14:00:00+00:00,0.00022370303591685782
2025-10-08T15:00:00+00:00,0.0002242840725158827
2025-10-08T16:00:00+00:00,0.00022465124848968835
2025-10-08T17:00:00+00:00,0.00022244490406526628
2025-10-08T18:00:00+00:00,0.00022041962483391678
2025-10-08T19:00:00+00:00,0.00022059276078372194
2025-10-08T20:00:00+00:00,0.00022125494229808336
2025-10-08T21:00:00+00:00,0.000221639534473691
2025-10-08T22:00:00+00:00,0.00022125891810597642
2025-10-08T23:00:00+00:00,0.00022084309956844716
2025-10-09T00:00:00+00:00,0.00022080156583712798
2025-10-09T01:00:00+00:00,0.00022129646811465002
2025-10-09T02:00:00+00:00,0.00022334245046593708
2025-10-09T03:00:00+00:00,0.00022638455107709614
2025-10-09T04:00:00+00:00,0.00022455211064685465
2025-10-09T05:00:00+00:00,0.000224380783138022
2025-10-09T06:00:00+00:00,0.00022437291012148108
2025-10-09T07:00:00+00:00,0.0002256432524150799
2025-10-09T08:00:00+00:00,0.0002254602932311841
2025-10-09T09:00:00+00:00,0.00023087296872741463
2025-10-09T10:00:00+00:00,0.0002306430466299522
2025-10-09T11:00:00+00:00,0.0002295084662719598
2025-10-09T12:00:00+00:00,0.00022849252318680717
2025-10-09T13:00:00+00:00,0.00022706473089243045
2025-10-09T14:00:00+00:00,0.00022880066622497756
2025-10-09T15:00:00+00:00,0.00023045217853910312
2025-10-09T16:00:00+00:00,0.00023172217435262494
2025-10-09T17:00:00+00:00,0.00023264554986433055
2025-10-09T18:00:00+00:00,0.00023134593941781688
2025-10-09T19:00:00+00:00,0.00023220434088361006
2025-10-09T20:00:00+00:00,0.00023069607787836377
2025-10-09T21:00:00+00:00,0.00023041751918499742
2025-10-09T22:00:00+00:00,0.00022943268085207324
2025-10-09T23:00:00+00:00,0.00022831121018887594
2025-10-10T00:00:00+00:00,0.00022884317499342514
2025-10-10T01:00:00+00:00,0.00022810546749051455
2025-10-10T02:00:00+00:00,0.00022854211556849654
2025-10-10T03:00:00+00:00,0.00022924874416549893
2025-10-10T04:00:00+00:00,0.0002295864582146143
2025-10-10T05:00:00+00:00,0.00023011501430888573
2025-10-10T06:00:00+00:00,0.00022887443304512854
2025-10-10T07:00:00+00:00,0.00023107016551774585
2025-10-10T08:00:00+00:00,0.00023103878457735443
2025-10-10T09:00:00+00:00,0.00023017808291336044
2025-10-10T10:00:00+00:00,0.00023130071280273512
2025-10-10T11:00:00+00:00,0.0002301691392804998
2025-10-10T12:00:00+00:00,0.00023001004101731896
2025-10-10T13:00:00+00:00,0.000229932120304455
2025-10-10T14:00:00+00:00,0.00022975159604218966
2025-10-10T15:00:00+00:00,0.00023104086241133623
2025-10-10T16:00:00+00:00,0.00024399750908368073
2025-10-10T17:00:00+00:00,0.00024331525742458422
2025-10-10T18:00:00+00:00,0.0002441680082342873
2025-10-10T19:00:00+00:00,0.0002461559299792665
2025-10-10T20:00:00+00:00,0.0002494076719057206
2025-10-10T21:00:00+00:00,0.00025699700620584933
2025-10-10T22:00:00+00:00,0.0002556132166347518
2025-10-10T23:00:00+00:00,0.00025918514190763223
2025-10-11T00:00:00+00:00,0.0002607119160639087
2025-10-11T01:00:00+00:00,0.00025987678655685755
2025-10-11T02:00:00+00:00,0.00026636263415031616
2025-10-11T03:00:00+00:00,0.00025996140228798197
2025-10-11T04:00:00+00:00,0.0002632426803694802
2025-10-11T05:00:00+00:00,0.0002614388448772768
2025-10-11T06:00:00+00:00,0.0002632703659399187
2025-10-11T07:00:00+00:00,0.00026413117696060006
2025-10-11T08:00:00+00:00,0.00026576863514362356
2025-10-11T09:00:00+00:00,0.0002615454104997563
2025-10-11T10:00:00+00:00,0.00026101560863619957
2025-10-11T11:00:00+00:00,0.0002605643298226417
2025-10-11T12:00:00+00:00,0.00026044349337345034
2025-10-11T13:00:00+00:00,0.00026138961073385867
2025-10-11T14:00:00+00:00,0.0002606136743885505
2025-10-11T15:00:00+00:00,0.0002619145014634785
2025-10-11T16:00:00+00:00,0.0002607655709130027
2025-10-11T17:00:00+00:00,0.0002614544333613975
2025-10-11T18:00:00+00:00,0.0002610836701059405
2025-10-11T19:00:00+00:00,0.0002619737846091385
2025-10-11T20:00:00+00:00,0.000265628608780167
2025-10-11T21:00:00+00:00,0.00027122459141685915
2025-10-11T22:00:00+00:00,0.00026732758969325564
2025-10-11T23:00:00+00:00,0.000266932763328781
2025-10-12T00:00:00+00:00,0.0002668067887881364
2025-10-12T01:00:00+00:00,0.00026965671931376107
2025-10-12T02:00:00+00:00,0.0002688061946289931
2025-10-12T03:00:00+00:00,0.0002675487297017738
2025-10-12T04:00:00+00:00,0.00026440091657037
2025-10-12T05:00:00+00:00,0.00026292414562791684
2025-10-12T06:00:00+00:00,0.00026219174816462915
2025-10-12T07:00:00+00:00,0.00026073016150393016
2025-10-12T08:00:00+00:00,0.00026113706060987497
2025-10-12T09:00:00+00:00,0.0002611730483266415
2025-10-12T10:00:00+00:00,0.00026001764431344204
2025-10-12T11:00:00+00:00,0.00026179728349164967
2025-10-12T12:00:00+00:00,0.0002614803782772303
2025-10-12T13:00:00+00:00,0.0002610638963807458
2025-10-12T14:00:00+00:00,0.00026170659579934346
2025-10-12T15:00:00+00:00,0.00024938259450651116
2025-10-12T16:00:00+00:00,0.0002460277362551562
2025-10-12T17:00:00+00:00,0.0002434938516528688
2025-10-12T18:00:00+00:00,0.0002419337238195279
2025-10-12T19:00:00+00:00,0.00024341576486868865
2025-10-12T20:00:00+00:00,0.0002415467908573229
2025-10-12T21:00:00+00:00,0.0002410587678014209
2025-10-12T22:00:00+00:00,0.00024141242401763482
2025-10-12T23:00:00+00:00,0.00024139395847290986
2025-10-13T00:00:00+00:00,0.00024041659052486628
2025-10-13T01:00:00+00:00,0.00024085620723467504
2025-10-13T02:00:00+00:00,0.00023918057534293464
2025-10-13T03:00:00+00:00,0.0002399397427708769
2025-10-13T04:00:00+00:00,0.0002415369002283927
2025-10-13T05:00:00+00:00,0.00024130312850611054
2025-10-13T06:00:00+00:00,0.0002419250732005226
2025-10-13T07:00:00+00:00,0.00023952374204256013
2025-10-13T08:00:00+00:00,0.0002394570901058481
2025-10-13T09:00:00+00:00,0.00023902248072712236
2025-10-13T10:00:00+00:00,0.00024011301438202538
2025-10-13T11:00:00+00:00,0.00024065000620284273
2025-10-13T12:00:00+00:00,0.0002451780105073396
2025-10-13T13:00:00+00:00,0.00024364336360898747
2025-10-13T14:00:00+00:00,0.00024022405315400318
2025-10-13T15:00:00+00:00,0.0002443209726808017
2025-10-13T16:00:00+00:00,0.00024167242560424386
2025-10-13T17:00:00+00:00,0.00023963854448934475
2025-10-13T18:00:00+00:00,0.00023677988438700826
2025-10-13T19:00:00+00:00,0.00023687072769897858
2025-10-13T20:00:00+00:00,0.00023437083049999554
2025-10-13T21:00:00+00:00,0.00023436085217870857
2025-10-13T22:00:00+00:00,0.00023457050337081695
2025-10-13T23:00:00+00:00,0.00023373926750070267
2025-10-14T00:00:00+00:00,0.000235480527165061
2025-10-14T01:00:00+00:00,0.00023601804261110253
2025-10-14T02:00:00+00:00,0.00023747248507789077
2025-10-14T03:00:00+00:00,0.00023939312271570448
2025-10-14T04:00:00+00:00,0.00024034041295018177
2025-10-14T05:00:00+00:00,0.0002440682609107682
2025-10-14T06:00:00+00:00,0.00024551267270555194
2025-10-14T07:00:00+00:00,0.0002495185196602773
2025-10-14T08:00:00+00:00,0.00025108958586944526
2025-10-14T09:00:00+00:00,0.0002503057430459007
2025-10-14T10:00:00+00:00,0.000251410179530605
2025-10-14T11:00:00+00:00,0.00025388831862717187
2025-10-14T12:00:00+00:00,0.00025151940949758896
2025-10-14T13:00:00+00:00,0.0002529380335522527
2025-10-14T14:00:00+00:00,0.0002526465324638776
2025-10-14T15:00:00+00:00,0.0002511359235279297
2025-10-14T16:00:00+00:00,0.000245766226887066
2025-10-14T17:00:00+00:00,0.00024169564795233433
2025-10-14T18:00:00+00:00,0.00024291453188084584
2025-10-14T19:00:00+00:00,0.0002427044630038281
2025-10-14T20:00:00+00:00,0.00024340455330218127
2025-10-14T21:00:00+00:00,0.00024266774775287035
2025-10-14T22:00:00+00:00,0.000242258204028951
2025-10-14T23:00:00+00:00,0.00024288709331703447
2025-10-15T00:00:00+00:00,0.00024200114851360616
2025-10-15T01:00:00+00:00,0.00024297305083457717
2025-10-15T02:00:00+00:00,0.00024274021560817882
2025-10-15T03:00:00+00:00,0.00024250491604290748
2025-10-15T04:00:00+00:00,0.0002447564578914261
2025-10-15T05:00:00+00:00,0.00024276745555276005
2025-10-15T06:00:00+00:00,0.0002431066897972915
2025-10-15T07:00:00+00:00,0.00024295411152323957
2025-10-15T08:00:00+00:00,0.00024247525095478348
2025-10-15T09:00:00+00:00,0.00023895028253812894
2025-10-15T10:00:00+00:00,0.00024058492666878607
2025-10-15T11:00:00+00:00,0.000242500363557682
2025-10-15T12:00:00+00:00,0.00024366154672963693
2025-10-15T13:00:00+00:00,0.0002440577541189064
2025-10-15T14:00:00+00:00,0.00024628674890930335
2025-10-15T15:00:00+00:00,0.0002495814955989055
2025-10-15T16:00:00+00:00,0.0002512540226948556
2025-10-15T17:00:00+00:00,0.0002513043363814167
2025-10-15T18:00:00+00:00,0.00025026827945120344
2025-10-15T19:00:00+00:00,0.00024961147612606783
2025-10-15T20:00:00+00:00,0.00025084628891283744
2025-10-15T21:00:00+00:00,0.00025186575645986896
2025-10-15T22:00:00+00:00,0.0002533927204236613
2025-10-15T23:00:00+00:00,0.00025218024179303976
2025-10-16T00:00:00+00:00,0.00025095950578010463
2025-10-16T01:00:00+00:00,0.00025090850921352583
2025-10-16T02:00:00+00:00,0.00024940362764534215
2025-10-16T03:00:00+00:00,0.0002479660525823489
2025-10-16T04:00:00+00:00,0.00024890006886508885
2025-10-16T05:00:00+00:00,0.0002498274969266395
2025-10-16T06:00:00+00:00,0.00025040478638669407
2025-10-16T07:00:00+00:00,0.00024720563962758973
2025-10-16T08:00:00+00:00,0.00024981716702373246
2025-10-16T09:00:00+00:00,0.00025023086249154465
2025-10-16T10:00:00+00:00,0.0002481791262975549
2025-10-16T11:00:00+00:00,0.00024645548858898174
2025-10-16T12:00:00+00:00,0.0002460758882219129
2025-10-16T13:00:00+00:00,0.00024633850433873904
2025-10-16T14:00:00+00:00,0.0002483614936933663
2025-10-16T15:00:00+00:00,0.00024877883547126694
2025-10-16T16:00:00+00:00,0.00025564956708813317
2025-10-16T17:00:00+00:00,0.0002538750285821009
2025-10-16T18:00:00+00:00,0.0002549636319748209
2025-10-16T19:00:00+00:00,0.00025600020272538145
2025-10-16T20:00:00+00:00,0.0002575115027668019
2025-10-16T21:00:00+00:00,0.0002593060142447418
2025-10-16T22:00:00+00:00,0.00025756121503512573
2025-10-16T23:00:00+00:00,0.000258010110799601
2025-10-17T00:00:00+00:00,0.0002566962738522467
2025-10-17T01:00:00+00:00,0.0002545888571066044
2025-10-17T02:00:00+00:00,0.000255664468994461
2025-10-17T03:00:00+00:00,0.00025475357309044503
2025-10-17T04:00:00+00:00,0.00025411140903974533
2025-10-17T05:00:00+00:00,0.00025543204902470367
2025-10-17T06:00:00+00:00,0.00025623805032218023
2025-10-17T07:00:00+00:00,0.00026166052137531064
2025-10-17T08:00:00+00:00,0.0002655291701070521
2025-10-17T09:00:00+00:00,0.00026948309948486424
2025-10-17T10:00:00+00:00,0.0002673817658167425
2025-10-17T11:00:00+00:00,0.0002682383425197743
2025-10-17T12:00:00+00:00,0.00026466022261797354
2025-10-17T13:00:00+00:00,0.00026449475693269544
2025-10-17T14:00:00+00:00,0.0002628427198878016
2025-10-17T15:00:00+00:00,0.0002658592935107945
2025-10-17T16:00:00+00:00,0.0002632194550354726
2025-10-17T17:00:00+00:00,0.000263746099059829
2025-10-17T18:00:00+00:00,0.0002618670619030334
2025-10-17T19:00:00+00:00,0.00026102383705121923
2025-10-17T20:00:00+00:00,0.000260878471364562
2025-10-17T21:00:00+00:00,0.0002591178947331237
2025-10-17T22:00:00+00:00,0.0002577135699411213
2025-10-17T23:00:00+00:00,0.0002593499369152054
2025-10-18T00:00:00+00:00,0.0002609452956162083
2025-10-18T01:00:00+00:00,0.0002602647143712444
2025-10-18T02:00:00+00:00,0.0002584865086225629
2025-10-18T03:00:00+00:00,0.000259674126453128
2025-10-18T04:00:00+00:00,0.0002582008881843853
2025-10-18T05:00:00+00:00,0.0002598471980405196
2025-10-18T06:00:00+00:00,0.0002585586450723256
2025-10-18T07:00:00+00:00,0.00025807751511879555
2025-10-18T08:00:00+00:00,0.0002562632233946208
2025-10-18T09:00:00+00:00,0.00025776474159411615
2025-10-18T10:00:00+00:00,0.00025771443183221076
2025-10-18T11:00:00+00:00,0.00025757770978772804
2025-10-18T12:00:00+00:00,0.0002578554249774454
2025-10-18T13:00:00+00:00,0.0002574555575097897
2025-10-18T14:00:00+00:00,0.00025836333275715143
2025-10-18T15:00:00+00:00,0.00025805868646924254
2025-10-18T16:00:00+00:00,0.00025771029151504124
2025-10-18T17:00:00+00:00,0.00025867595961715835
2025-10-18T18:00:00+00:00,0.000257127443886641
2025-10-18T19:00:00+00:00,0.0002571014924325729
2025-10-18T20:00:00+00:00,0.00025673079519138636
2025-10-18T21:00:00+00:00,0.0002572231208701957
2025-10-18T22:00:00+00:00,0.0002568933316348394
2025-10-18T23:00:00+00:00,0.00025725597315670595
2025-10-19T00:00:00+00:00,0.0002570244762408228
2025-10-19T01:00:00+00:00,0.0002582685823493607
2025-10-19T02:00:00+00:00,0.0002580141443092964
2025-10-19T03:00:00+00:00,0.00025819344761688414
2025-10-19T04:00:00+00:00,0.00025595216548291876
2025-10-19T05:00:00+00:00,0.0002561190552375791
2025-10-19T06:00:00+00:00,0.00025656686454235503
2025-10-19T07:00:00+00:00,0.0002578397179724576
2025-10-19T08:00:00+00:00,0.00025723505961170004
2025-10-19T09:00:00+00:00,0.00025836619313110616
2025-10-19T10:00:00+00:00,0.0002550205808408412
2025-10-19T11:00:00+00:00,0.0002549005750991862
2025-10-19T12:00:00+00:00,0.00025485546791606035
2025-10-19T13:00:00+00:00,0.00025491933834668584
2025-10-19T14:00:00+00:00,0.000251829104781417
2025-10-19T15:00:00+00:00,0.0002505399103271308
2025-10-19T16:00:00+00:00,0.00025128300636098605
2025-10-19T17:00:00+00:00,0.0002508591528755587
2025-10-19T18:00:00+00:00,0.0002503212341887429
2025-10-19T19:00:00+00:00,0.000249855087039574
2025-10-19T20:00:00+00:00,0.00025062993723780894
2025-10-19T21:00:00+00:00,0.0002498252312682987
2025-10-19T22:00:00+00:00,0.00025048532030129736
2025-10-19T23:00:00+00:00,0.00024852743846523625
2025-10-20T00:00:00+00:00,0.00025106861396755205
2025-10-20T01:00:00+00:00,0.0002539426076484944
2025-10-20T02:00:00+00:00,0.0002539767646717437
2025-10-20T03:00:00+00:00,0.0002526219640630035
2025-10-20T04:00:00+00:00,0.00024834093570820785
2025-10-20T05:00:00+00:00,0.0002468328707071748
2025-10-20T06:00:00+00:00,0.00024590057042538267
2025-10-20T07:00:00+00:00,0.00024498383526352165
2025-10-20T08:00:00+00:00,0.00024655397955657376
2025-10-20T09:00:00+00:00,0.00024707988566564264
2025-10-20T10:00:00+00:00,0.0002471057932564651
2025-10-20T11:00:00+00:00,0.00024828162085813974
2025-10-20T12:00:00+00:00,0.0002475625666464855
2025-10-20T13:00:00+00:00,0.00024796353101819374
2025-10-20T14:00:00+00:00,0.0002474110168814365
2025-10-20T15:00:00+00:00,0.00024732459224806975
2025-10-20T16:00:00+00:00,0.0002478538053087376
2025-10-20T17:00:00+00:00,0.0002537480428333742
2025-10-20T18:00:00+00:00,0.0002530635330264914
2025-10-20T19:00:00+00:00,0.0002517954558058654
2025-10-20T20:00:00+00:00,0.00025061492951638663
2025-10-20T21:00:00+00:00,0.00025016213285094656
2025-10-20T22:00:00+00:00,0.00025133130526099783
2025-10-20T23:00:00+00:00,0.0002506136811406634
2025-10-21T00:00:00+00:00,0.0002511784405970777
2025-10-21T01:00:00+00:00,0.0002515921541194764
2025-10-21T02:00:00+00:00,0.0002532786627047145
2025-10-21T03:00:00+00:00,0.00025397885176387994
2025-10-21T04:00:00+00:00,0.00025492009324547276
2025-10-21T05:00:00+00:00,0.0002594618142100428
2025-10-21T06:00:00+00:00,0.0002585964003620437
2025-10-21T07:00:00+00:00,0.00025712918948740345
2025-10-21T08:00:00+00:00,0.0002566544174429991
2025-10-21T09:00:00+00:00,0.00025843674118742417
2025-10-21T10:00:00+00:00,0.0002586636407408241
2025-10-21T11:00:00+00:00,0.0002570460990100844
2025-10-21T12:00:00+00:00,0.00025677379092472395
2025-10-21T13:00:00+00:00,0.0002568985403950344
2025-10-21T14:00:00+00:00,0.00025909474781277175
2025-10-21T15:00:00+00:00,0.0002501713864734635
2025-10-21T16:00:00+00:00,0.0002453932244911699
2025-10-21T17:00:00+00:00,0.0002454456662569615
2025-10-21T18:00:00+00:00,0.0002485803546790662
2025-10-21T19:00:00+00:00,0.0002489512739669406
2025-10-21T20:00:00+00:00,0.00024896229011074454
2025-10-21T21:00:00+00:00,0.0002524435235666569
2025-10-21T22:00:00+00:00,0.0002532643362078259
2025-10-21T23:00:00+00:00,0.0002560225244174579
2025-10-22T00:00:00+00:00,0.00025791695947450697
2025-10-22T01:00:00+00:00,0.0002599234211225666
2025-10-22T02:00:00+00:00,0.00025878433650128085
2025-10-22T03:00:00+00:00,0.0002585037226052572
2025-10-22T04:00:00+00:00,0.0002589256938788153
2025-10-22T05:00:00+00:00,0.000257586635282579
2025-10-22T06:00:00+00:00,0.0002587772305759669
2025-10-22T07:00:00+00:00,0.00025883988309228985
2025-10-22T08:00:00+00:00,0.0002586326939287249
2025-10-22T09:00:00+00:00,0.00025915208301975824
2025-10-22T10:00:00+00:00,0.0002602199714863174
2025-10-22T11:00:00+00:00,0.000260778540231301
2025-10-22T12:00:00+00:00,0.00026113982308920456
2025-10-22T13:00:00+00:00,0.0002597326160349811
2025-10-22T14:00:00+00:00,0.00025921887446297146
2025-10-22T15:00:00+00:00,0.00026177320006645757
2025-10-22T16:00:00+00:00,0.00026023718434502847
2025-10-22T17:00:00+00:00,0.0002598566473741042
2025-10-22T18:00:00+00:00,0.00026303134900337356
2025-10-22T19:00:00+00:00,0.0002629542089546984
2025-10-22T20:00:00+00:00,0.0002625677568919626
2025-10-22T21:00:00+00:00,0.0002643824639323359
2025-10-22T22:00:00+00:00,0.00026650224681109517
2025-10-22T23:00:00+00:00,0.0002665558480927938
2025-10-23T00:00:00+00:00,0.00026263102996927325
2025-10-23T01:00:00+00:00,0.0002617080425598271
2025-10-23T02:00:00+00:00,0.0002615898968642676
2025-10-23T03:00:00+00:00,0.00026154761011078676
2025-10-23T04:00:00+00:00,0.00026114903434844755
2025-10-23T05:00:00+00:00,0.00026046383811272587
2025-10-23T06:00:00+00:00,0.0002597276744754639
2025-10-23T07:00:00+00:00,0.0002572308442115282
2025-10-23T08:00:00+00:00,0.00025742757766017557
2025-10-23T09:00:00+00:00,0.0002570468888815707
2025-10-23T10:00:00+00:00,0.0002572404751419488
2025-10-23T11:00:00+00:00,0.000257667976366002
2025-10-23T12:00:00+00:00,0.0002585752816410465
2025-10-23T13:00:00+00:00,0.00025977846550369826
2025-10-23T14:00:00+00:00,0.0002594707765188695
2025-10-23T15:00:00+00:00,0.000260311641472289
2025-10-23T16:00:00+00:00,0.0002574142619142426
2025-10-23T17:00:00+00:00,0.0002545614921869158
2025-10-23T18:00:00+00:00,0.00025516909645140255
2025-10-23T19:00:00+00:00,0.00025823370808705407
2025-10-23T20:00:00+00:00,0.0002589350179450171
2025-10-23T21:00:00+00:00,0.0002596661057153365
2025-10-23T22:00:00+00:00,0.0002606375815647214
2025-10-23T23:00:00+00:00,0.000259468739678827
2025-10-24T00:00:00+00:00,0.0002592166154795499
2025-10-24T01:00:00+00:00,0.00025834978490880245
2025-10-24T02:00:00+00:00,0.00025769149945104784
2025-10-24T03:00:00+00:00,0.0002572569105310265
2025-10-24T04:00:00+00:00,0.0002571609364014033
2025-10-24T05:00:00+00:00,0.0002514109936822697
2025-10-24T06:00:00+00:00,0.0002512934841992254
2025-10-24T07:00:00+00:00,0.0002510691065336503
2025-10-24T08:00:00+00:00,0.00025343461307870377
2025-10-24T09:00:00+00:00,0.00025285547598926424
2025-10-24T10:00:00+00:00,0.0002526205393022225
2025-10-24T11:00:00+00:00,0.0002525404100578087
2025-10-24T12:00:00+00:00,0.00025314398973414485
2025-10-24T13:00:00+00:00,0.00025196016791508556
2025-10-24T14:00:00+00:00,0.000253818371063133
2025-10-24T15:00:00+00:00,0.0002563845847641279
2025-10-24T16:00:00+00:00,0.00025704300467993833
2025-10-24T17:00:00+00:00,0.0002576535772016622
2025-10-24T18:00:00+00:00,0.00025686065650608905
2025-10-24T19:00:00+00:00,0.0002556601420653646
2025-10-24T20:00:00+00:00,0.0002542792443037813
2025-10-24T21:00:00+00:00,0.0002539859972323923
2025-10-24T22:00:00+00:00,0.0002536347986886453
2025-10-24T23:00:00+00:00,0.0002542212623489844
2025-10-25T00:00:00+00:00,0.0002541862458561207
2025-10-25T01:00:00+00:00,0.0002552357794265981
2025-10-25T02:00:00+00:00,0.0002541606877469216
2025-10-25T03:00:00+00:00,0.00025403166791749724
2025-10-25T04:00:00+00:00,0.00025472504689045324
2025-10-25T05:00:00+00:00,0.00025470030930274624
2025-10-25T06:00:00+00:00,0.0002544093715985794
2025-10-25T07:00:00+00:00,0.00025430246546664855
2025-10-25T08:00:00+00:00,0.0002543441768892151
2025-10-25T09:00:00+00:00,0.0002530433275180161
2025-10-25T10:00:00+00:00,0.00025349277660783204
2025-10-25T11:00:00+00:00,0.0002535833831600713
2025-10-25T12:00:00+00:00,0.00025362567528714
2025-10-25T13:00:00+00:00,0.00025314500874877046
2025-10-25T14:00:00+00:00,0.00025351661991174484
2025-10-25T15:00:00+00:00,0.00025398206271969037
2025-10-25T16:00:00+00:00,0.00025426691166181067
2025-10-25T17:00:00+00:00,0.0002541949811784669
2025-10-25T18:00:00+00:00,0.00025410694828090214
2025-10-25T19:00:00+00:00,0.00025270460407867323
2025-10-25T20:00:00+00:00,0.00025273274726081494
2025-10-25T21:00:00+00:00,0.0002532753476781765
2025-10-25T22:00:00+00:00,0.00025317592623271484
2025-10-25T23:00:00+00:00,0.0002522180835345683
2025-10-26T00:00:00+00:00,0.00025283167457133777
2025-10-26T01:00:00+00:00,0.0002530191269905993
2025-10-26T02:00:00+00:00,0.0002533717823670136
2025-10-26T03:00:00+00:00,0.00025438856054452657
2025-10-26T04:00:00+00:00,0.0002542701249080839
2025-10-26T05:00:00+00:00,0.00025374621806465407
2025-10-26T06:00:00+00:00,0.0002533779760617953
2025-10-26T07:00:00+00:00,0.00025341426346065833
2025-10-26T08:00:00+00:00,0.0002529507353590377
2025-10-26T09:00:00+00:00,0.00025246450532192535
2025-10-26T10:00:00+00:00,0.00025106987476568716
2025-10-26T11:00:00+00:00,0.0002508411543268753
2025-10-26T12:00:00+00:00,0.0002473465447149043
2025-10-26T13:00:00+00:00,0.00024554230562559814
2025-10-26T14:00:00+00:00,0.00024486789179051883
2025-10-26T15:00:00+00:00,0.00024571624328581835
2025-10-26T16:00:00+00:00,0.000245295666462614
2025-10-26T17:00:00+00:00,0.0002464250150937851
2025-10-26T18:00:00+00:00,0.0002460431532878401
2025-10-26T19:00:00+00:00,0.00024532520913356904
2025-10-26T20:00:00+00:00,0.0002457827315456953
2025-10-26T21:00:00+00:00,0.0002457177305463462
2025-10-26T22:00:00+00:00,0.00024485831012457113
2025-10-26T23:00:00+00:00,0.000240054530285001
2025-10-27T00:00:00+00:00,0.00024019888146207443
2025-10-27T01:00:00+00:00,0.00023957987798766883
2025-10-27T02:00:00+00:00,0.00023851318148504188
2025-10-27T03:00:00+00:00,0.00023770059182051943
2025-10-27T04:00:00+00:00,0.00023769123221509717
2025-10-27T05:00:00+00:00,0.00023712370004948206
2025-10-27T06:00:00+00:00,0.00023624734572879708
2025-10-27T07:00:00+00:00,0.00023621394685243238
2025-10-27T08:00:00+00:00,0.00023803587071339415
2025-10-27T09:00:00+00:00,0.0002398948310578517
2025-10-27T10:00:00+00:00,0.00024031953932971125
2025-10-27T11:00:00+00:00,0.00023974569407659522
2025-10-27T12:00:00+00:00,0.0002402789157615628
2025-10-27T13:00:00+00:00,0.00024117278540540665
2025-10-27T14:00:00+00:00,0.00023936261810124327
2025-10-27T15:00:00+00:00,0.00024091969205172355
2025-10-27T16:00:00+00:00,0.00023955634225623955
2025-10-27T17:00:00+00:00,0.00023714906901366214
2025-10-27T18:00:00+00:00,0.0002368090355070101
2025-10-27T19:00:00+00:00,0.00023704443480616406
2025-10-27T20:00:00+00:00,0.00023790491838368078
2025-10-27T21:00:00+00:00,0.00024183994971482825
2025-10-27T22:00:00+00:00,0.00024214097285563878
2025-10-27T23:00:00+00:00,0.000242829432293105
2025-10-28T00:00:00+00:00,0.00024243870525359273
2025-10-28T01:00:00+00:00,0.0002427273660471611
2025-10-28T02:00:00+00:00,0.0002416386813056235
2025-10-28T03:00:00+00:00,0.0002441171473373709
2025-10-28T04:00:00+00:00,0.000244430942661247
2025-10-28T05:00:00+00:00,0.0002435179600666479
2025-10-28T06:00:00+00:00,0.00024533143168526777
2025-10-28T07:00:00+00:00,0.00024316752750822162
2025-10-28T08:00:00+00:00,0.00024293518469835148
2025-10-28T09:00:00+00:00,0.00024234117870339337
2025-10-28T10:00:00+00:00,0.00024245835169607916
2025-10-28T11:00:00+00:00,0.00024287118672763102
2025-10-28T12:00:00+00:00,0.00024318233390568694
2025-10-28T13:00:00+00:00,0.00024198871630887485
2025-10-28T14:00:00+00:00,0.0002406049913849617
2025-10-28T15:00:00+00:00,0.00024331323798413055
2025-10-28T16:00:00+00:00,0.00024395822114183928
2025-10-28T17:00:00+00:00,0.00024174564303100133
2025-10-28T18:00:00+00:00,0.0002414364551389425
2025-10-28T19:00:00+00:00,0.00024316156145168488
2025-10-28T20:00:00+00:00,0.0002474078623065424
2025-10-28T21:00:00+00:00,0.0002508659330454224
2025-10-28T22:00:00+00:00,0.000251051969241424
2025-10-28T23:00:00+00:00,0.0002501938299211326
2025-10-29T00:00:00+00:00,0.0002510150472578265
2025-10-29T01:00:00+00:00,0.0002515253803680182
2025-10-29T02:00:00+00:00,0.00025098362062893435
2025-10-29T03:00:00+00:00,0.00024969706264558886
2025-10-29T04:00:00+00:00,0.00025006311055875195
2025-10-29T05:00:00+00:00,0.00024895169365483536
2025-10-29T06:00:00+00:00,0.00024824128868536013
2025-10-29T07:00:00+00:00,0.00024824286749529877
2025-10-29T08:00:00+00:00,0.00024832206695763034
2025-10-29T09:00:00+00:00,0.0002493010799704598
2025-10-29T10:00:00+00:00,0.00024985120484842104
2025-10-29T11:00:00+00:00,0.00025024166978832046
2025-10-29T12:00:00+00:00,0.00024908394373760427
2025-10-29T13:00:00+00:00,0.00024897066993615445
2025-10-29T14:00:00+00:00,0.00025029707271830714
2025-10-29T15:00:00+00:00,0.00025062663026240086
2025-10-29T16:00:00+00:00,0.00025319471678687664
2025-10-29T17:00:00+00:00,0.000252145455289213
2025-10-29T18:00:00+00:00,0.0002494193761231896
2025-10-29T19:00:00+00:00,0.00025383098873487536
2025-10-29T20:00:00+00:00,0.00025500707242183835
2025-10-29T21:00:00+00:00,0.00025307385966058196
2025-10-29T22:00:00+00:00,0.0002525063594758508
2025-10-29T23:00:00+00:00,0.0002532570227143263
2025-10-30T00:00:00+00:00,0.0002564450880309548
2025-10-30T01:00:00+00:00,0.00025561930391891863
2025-10-30T02:00:00+00:00,0.0002543143457697439
2025-10-30T03:00:00+00:00,0.00025334971340174414
2025-10-30T04:00:00+00:00,0.00025422422255272326
2025-10-30T05:00:00+00:00,0.00025837086628051386
2025-10-30T06:00:00+00:00,0.00025485796114015487
2025-10-30T07:00:00+00:00,0.00025500758157492875
2025-10-30T08:00:00+00:00,0.0002538435263148027
2025-10-30T09:00:00+00:00,0.000254553795452521
2025-10-30T10:00:00+00:00,0.000256005029141403
2025-10-30T11:00:00+00:00,0.00025668568070940127
2025-10-30T12:00:00+00:00,0.00025729324386549704
2025-10-30T13:00:00+00:00,0.0002623819090257078
