datetime_utc,price_in_eth
2025-08-01T14:00:00+00:00,0.00027752656459843024
2025-08-01T15:00:00+00:00,0.00027606393245496286
2025-08-01T16:00:00+00:00,0.0002766729398565989
2025-08-01T17:00:00+00:00,0.0002797954622316824
2025-08-01T18:00:00+00:00,0.0002794369777451373
2025-08-01T19:00:00+00:00,0.0002811369965759987
2025-08-01T20:00:00+00:00,0.0002844503185362155
2025-08-01T21:00:00+00:00,0.0002824440300290654
2025-08-01T22:00:00+00:00,0.00028259569310662994
2025-08-01T23:00:00+00:00,0.000289003655930061
2025-08-02T00:00:00+00:00,0.0002862222977380832
2025-08-02T01:00:00+00:00,0.00028463588019532433
2025-08-02T02:00:00+00:00,0.00028484897036023344
2025-08-02T03:00:00+00:00,0.0002840564218935736
2025-08-02T04:00:00+00:00,0.0002835978884059772
2025-08-02T05:00:00+00:00,0.00028312213094466924
2025-08-02T06:00:00+00:00,0.00028407591970702913
2025-08-02T07:00:00+00:00,0.0002877534345329023
2025-08-02T08:00:00+00:00,0.00028426009070701275
2025-08-02T09:00:00+00:00,0.00028679994208297057
2025-08-02T10:00:00+00:00,0.00028656718924260606
2025-08-02T11:00:00+00:00,0.0002864323008427655
2025-08-02T12:00:00+00:00,0.00028517762534069287
2025-08-02T13:00:00+00:00,0.000284787977384796
2025-08-02T14:00:00+00:00,0.0002851341743307804
2025-08-02T15:00:00+00:00,0.00028802741945218983
2025-08-02T16:00:00+00:00,0.0002891926175059492
2025-08-02T17:00:00+00:00,0.00028826640495614275
2025-08-02T18:00:00+00:00,0.00029199914901768543
2025-08-02T19:00:00+00:00,0.0002956975117453415
2025-08-02T20:00:00+00:00,0.00029417320871942174
2025-08-02T21:00:00+00:00,0.0002924794181400885
2025-08-02T22:00:00+00:00,0.00029242102431314775
2025-08-02T23:00:00+00:00,0.00029279617387345644
2025-08-03T00:00:00+00:00,0.00029364548629158234
2025-08-03T01:00:00+00:00,0.00029368874887812435
2025-08-03T02:00:00+00:00,0.00029286206190513864
2025-08-03T03:00:00+00:00,0.0002915529248600754
2025-08-03T04:00:00+00:00,0.0002901623171774577
2025-08-03T05:00:00+00:00,0.00029064451556813897
2025-08-03T06:00:00+00:00,0.0002904024897720869
2025-08-03T07:00:00+00:00,0.00029041403774285
2025-08-03T08:00:00+00:00,0.0002895149083320645
2025-08-03T09:00:00+00:00,0.0002891332540461193
2025-08-03T10:00:00+00:00,0.0002885623614779178
2025-08-03T11:00:00+00:00,0.00028688384856150485
2025-08-03T12:00:00+00:00,0.00028685811457476463
2025-08-03T13:00:00+00:00,0.00028603663739968895
2025-08-03T14:00:00+00:00,0.00028650910460741323
2025-08-03T15:00:00+00:00,0.00028791750079068854
2025-08-03T16:00:00+00:00,0.00028802702039833645
2025-08-03T17:00:00+00:00,0.0002863030663280011
2025-08-03T18:00:00+00:00,0.00028678158377071325
2025-08-03T19:00:00+00:00,0.0002864043654988835
2025-08-03T20:00:00+00:00,0.00028575158418870527
2025-08-03T21:00:00+00:00,0.000286452436256491
2025-08-03T22:00:00+00:00,0.0002854937971012486
2025-08-03T23:00:00+00:00,0.000285358148374585
2025-08-04T00:00:00+00:00,0.000286028906136744
2025-08-04T01:00:00+00:00,0.0002819438300537295
2025-08-04T02:00:00+00:00,0.00028270043944982753
2025-08-04T03:00:00+00:00,0.00028019442784142217
2025-08-04T04:00:00+00:00,0.0002812479259742573
2025-08-04T05:00:00+00:00,0.0002827792841384833
2025-08-04T06:00:00+00:00,0.00028321066356456955
2025-08-04T07:00:00+00:00,0.0002823141080284996
2025-08-04T08:00:00+00:00,0.00028147328318116495
2025-08-04T09:00:00+00:00,0.00028143604540220465
2025-08-04T10:00:00+00:00,0.0002817383213602142
2025-08-04T11:00:00+00:00,0.0002810846490538912
2025-08-04T12:00:00+00:00,0.00028115787901641877
2025-08-04T13:00:00+00:00,0.00027996569265411307
2025-08-04T14:00:00+00:00,0.00027644019391475906
2025-08-04T15:00:00+00:00,0.0002747340350372209
2025-08-04T16:00:00+00:00,0.0002744848790118338
2025-08-04T17:00:00+00:00,0.0002712079739931448
2025-08-04T18:00:00+00:00,0.0002713256469526114
2025-08-04T19:00:00+00:00,0.00027141052680294505
2025-08-04T20:00:00+00:00,0.0002729004330539058
2025-08-04T21:00:00+00:00,0.00026988725086899275
2025-08-04T22:00:00+00:00,0.00026893143091705717
2025-08-04T23:00:00+00:00,0.0002681238421506386
2025-08-05T00:00:00+00:00,0.00026888963763490106
2025-08-05T01:00:00+00:00,0.00027057832044216423
2025-08-05T02:00:00+00:00,0.0002712934983254911
2025-08-05T03:00:00+00:00,0.0002718853444912117
2025-08-05T04:00:00+00:00,0.000273581385644298
2025-08-05T05:00:00+00:00,0.00027381226952031857
2025-08-05T06:00:00+00:00,0.00027239883043355344
2025-08-05T07:00:00+00:00,0.00027399202159013173
2025-08-05T08:00:00+00:00,0.0002768587344515399
2025-08-05T09:00:00+00:00,0.0002752737837597289
2025-08-05T10:00:00+00:00,0.00027343522800705376
2025-08-05T11:00:00+00:00,0.00027208102772395326
2025-08-05T12:00:00+00:00,0.00027277418120746525
2025-08-05T13:00:00+00:00,0.0002753739321073092
2025-08-05T14:00:00+00:00,0.00027399362294943633
2025-08-05T15:00:00+00:00,0.0002796255096847479
2025-08-05T16:00:00+00:00,0.0002807528136280595
2025-08-05T17:00:00+00:00,0.0002793929315733573
2025-08-05T18:00:00+00:00,0.00027768336144832296
2025-08-05T19:00:00+00:00,0.000279893785749191
2025-08-05T20:00:00+00:00,0.0002797817250807864
2025-08-05T21:00:00+00:00,0.00028019198701471714
2025-08-05T22:00:00+00:00,0.00028063151029825677
2025-08-05T23:00:00+00:00,0.0002779628676666261
2025-08-06T00:00:00+00:00,0.00027673790693626436
2025-08-06T01:00:00+00:00,0.00027953595389986315
2025-08-06T02:00:00+00:00,0.0002786442397108867
2025-08-06T03:00:00+00:00,0.0002787369971702421
2025-08-06T04:00:00+00:00,0.0002790830383519174
2025-08-06T05:00:00+00:00,0.0002796984887814001
2025-08-06T06:00:00+00:00,0.000275233639769649
2025-08-06T07:00:00+00:00,0.0002755587371585668
2025-08-06T08:00:00+00:00,0.00027473036578636826
2025-08-06T09:00:00+00:00,0.000276435825505925
2025-08-06T10:00:00+00:00,0.00027577548549923627
2025-08-06T11:00:00+00:00,0.00027660022522964754
2025-08-06T12:00:00+00:00,0.0002762882415873067
2025-08-06T13:00:00+00:00,0.0002792909607778623
2025-08-06T14:00:00+00:00,0.0002766968418184925
2025-08-06T15:00:00+00:00,0.00027549998625663724
2025-08-06T16:00:00+00:00,0.0002729691115511704
2025-08-06T17:00:00+00:00,0.00027423119607210034
2025-08-06T18:00:00+00:00,0.00027149698961991323
2025-08-06T19:00:00+00:00,0.0002714983992153611
2025-08-06T20:00:00+00:00,0.0002718675734552514
2025-08-06T21:00:00+00:00,0.00027194428296112836
2025-08-06T22:00:00+00:00,0.00027278345601092316
2025-08-06T23:00:00+00:00,0.0002717141559855383
2025-08-07T00:00:00+00:00,0.00027130198463595
2025-08-07T01:00:00+00:00,0.00027202638005911317
2025-08-07T02:00:00+00:00,0.00027283518716035706
2025-08-07T03:00:00+00:00,0.000273239283339196
2025-08-07T04:00:00+00:00,0.0002733604589318457
2025-08-07T05:00:00+00:00,0.00027289237269770213
2025-08-07T06:00:00+00:00,0.00027114632758004864
2025-08-07T07:00:00+00:00,0.00027039110376822023
2025-08-07T08:00:00+00:00,0.00026968308318246786
2025-08-07T09:00:00+00:00,0.00026854992135954593
2025-08-07T10:00:00+00:00,0.0002671483997089017
2025-08-07T11:00:00+00:00,0.00026157994911537094
2025-08-07T12:00:00+00:00,0.00026103226884829504
2025-08-07T13:00:00+00:00,0.00026012974840886277
2025-08-07T14:00:00+00:00,0.00025955750063355506
2025-08-07T15:00:00+00:00,0.0002617619934399732
2025-08-07T16:00:00+00:00,0.00026074212186096696
2025-08-07T17:00:00+00:00,0.00026199891630730504
2025-08-07T18:00:00+00:00,0.00026145370441234777
2025-08-07T19:00:00+00:00,0.00026140738358770285
2025-08-07T20:00:00+00:00,0.00025952287017651785
2025-08-07T21:00:00+00:00,0.000258263090803175
2025-08-07T22:00:00+00:00,0.0002583154375656021
2025-08-07T23:00:00+00:00,0.0002553568185095424
2025-08-08T00:00:00+00:00,0.0002560644771789718
2025-08-08T01:00:00+00:00,0.0002562884580266072
2025-08-08T02:00:00+00:00,0.00025724840266644247
2025-08-08T03:00:00+00:00,0.0002565067103153155
2025-08-08T04:00:00+00:00,0.00025432347036122267
2025-08-08T05:00:00+00:00,0.0002548949352313955
2025-08-08T06:00:00+00:00,0.0002560610188838852
2025-08-08T07:00:00+00:00,0.000255709706783304
2025-08-08T08:00:00+00:00,0.0002549263002138743
2025-08-08T09:00:00+00:00,0.0002567666379188814
2025-08-08T10:00:00+00:00,0.0002564332564745273
2025-08-08T11:00:00+00:00,0.0002563252626679149
2025-08-08T12:00:00+00:00,0.0002552848610638977
2025-08-08T13:00:00+00:00,0.0002566218226417342
2025-08-08T14:00:00+00:00,0.000250220931776239
2025-08-08T15:00:00+00:00,0.00025137467796216336
2025-08-08T16:00:00+00:00,0.0002533070260320049
2025-08-08T17:00:00+00:00,0.00025221966514312854
2025-08-08T18:00:00+00:00,0.00024834625426933826
2025-08-08T19:00:00+00:00,0.00024683092344613615
2025-08-08T20:00:00+00:00,0.0002465844483800725
2025-08-08T21:00:00+00:00,0.0002464511914689713
2025-08-08T22:00:00+00:00,0.00024709928367730905
2025-08-08T23:00:00+00:00,0.00024831838204263465
2025-08-09T00:00:00+00:00,0.00024908403835288554
2025-08-09T01:00:00+00:00,0.0002491091050278549
2025-08-09T02:00:00+00:00,0.0002480110763507386
2025-08-09T03:00:00+00:00,0.0002480000393333979
2025-08-09T04:00:00+00:00,0.00024672029228877816
2025-08-09T05:00:00+00:00,0.0002448865864306186
2025-08-09T06:00:00+00:00,0.00023952136650303511
2025-08-09T07:00:00+00:00,0.0002403050499679405
2025-08-09T08:00:00+00:00,0.00023972472213766924
2025-08-09T09:00:00+00:00,0.00023932228631822625
2025-08-09T10:00:00+00:00,0.00023692888467924318
2025-08-09T11:00:00+00:00,0.0002372388782945652
2025-08-09T12:00:00+00:00,0.00023883783877108326
2025-08-09T13:00:00+00:00,0.00023856276333155999
2025-08-09T14:00:00+00:00,0.0002397320496032606
2025-08-09T15:00:00+00:00,0.0002376096019918639
2025-08-09T16:00:00+00:00,0.00023784643881370724
2025-08-09T17:00:00+00:00,0.00023742035353031636
2025-08-09T18:00:00+00:00,0.00023622219659637768
2025-08-09T19:00:00+00:00,0.0002355044197909822
2025-08-09T20:00:00+00:00,0.0002345365688866085
2025-08-09T21:00:00+00:00,0.0002334787660589534
2025-08-09T22:00:00+00:00,0.00023368515293111062
2025-08-09T23:00:00+00:00,0.00023490310713132972
2025-08-10T00:00:00+00:00,0.00023426938049138477
2025-08-10T01:00:00+00:00,0.00023274866065301863
2025-08-10T02:00:00+00:00,0.00023259937561103186
2025-08-10T03:00:00+00:00,0.00023529328590530393
2025-08-10T04:00:00+00:00,0.00023613608855863302
2025-08-10T05:00:00+00:00,0.00023554942487994518
2025-08-10T06:00:00+00:00,0.00023685682210102836
2025-08-10T07:00:00+00:00,0.00023663058243966016
2025-08-10T08:00:00+00:00,0.00023865781776162158
2025-08-10T09:00:00+00:00,0.00023729976545008204
2025-08-10T10:00:00+00:00,0.00023683439105069064
2025-08-10T11:00:00+00:00,0.0002380909463353845
2025-08-10T12:00:00+00:00,0.00023864427557342371
2025-08-10T13:00:00+00:00,0.0002380971142048145
2025-08-10T14:00:00+00:00,0.0002396382066458508
2025-08-10T15:00:00+00:00,0.00023683332432167278
2025-08-10T16:00:00+00:00,0.00023693214346614126
2025-08-10T17:00:00+00:00,0.0002362623219577454
2025-08-10T18:00:00+00:00,0.00023631383777804544
2025-08-10T19:00:00+00:00,0.00023601860778328727
2025-08-10T20:00:00+00:00,0.00023512997181433809
2025-08-10T21:00:00+00:00,0.00023784089033594973
2025-08-10T22:00:00+00:00,0.00023692427310913794
2025-08-10T23:00:00+00:00,0.00023604406167721822
2025-08-11T00:00:00+00:00,0.00023517207007729574
2025-08-11T01:00:00+00:00,0.0002341573239484316
2025-08-11T02:00:00+00:00,0.00023278082039192768
2025-08-11T03:00:00+00:00,0.00023231275699213896
2025-08-11T04:00:00+00:00,0.00023207793532166858
2025-08-11T05:00:00+00:00,0.00023133664775697751
2025-08-11T06:00:00+00:00,0.00023255298887776374
2025-08-11T07:00:00+00:00,0.00023251761035349164
2025-08-11T08:00:00+00:00,0.0002343236412055617
2025-08-11T09:00:00+00:00,0.00023378167848228638
2025-08-11T10:00:00+00:00,0.00023440858199386477
2025-08-11T11:00:00+00:00,0.00023590753033801077
2025-08-11T12:00:00+00:00,0.00023927263179776388
2025-08-11T13:00:00+00:00,0.0002391249074356727
2025-08-11T14:00:00+00:00,0.0002335161428062305
2025-08-11T15:00:00+00:00,0.00023341810298305133
2025-08-11T16:00:00+00:00,0.00023109638646033335
2025-08-11T17:00:00+00:00,0.00023164834098197122
2025-08-11T18:00:00+00:00,0.00023249465252666064
2025-08-11T19:00:00+00:00,0.00023268902547464527
2025-08-11T20:00:00+00:00,0.0002352287826136731
2025-08-11T21:00:00+00:00,0.0002352180063900825
2025-08-11T22:00:00+00:00,0.00023752667409913895
2025-08-11T23:00:00+00:00,0.00023630594044054726
2025-08-12T00:00:00+00:00,0.00023604100336553562
2025-08-12T01:00:00+00:00,0.00023547923313021386
2025-08-12T02:00:00+00:00,0.00023427657100788155
2025-08-12T03:00:00+00:00,0.00023265496361871377
2025-08-12T04:00:00+00:00,0.0002335010924947383
2025-08-12T05:00:00+00:00,0.00023247148490258536
2025-08-12T06:00:00+00:00,0.0002328588703447505
2025-08-12T07:00:00+00:00,0.00023280863087976386
2025-08-12T08:00:00+00:00,0.0002320800795910278
2025-08-12T09:00:00+00:00,0.0002318455060845371
2025-08-12T10:00:00+00:00,0.0002334625854154835
2025-08-12T11:00:00+00:00,0.0002338310887378132
2025-08-12T12:00:00+00:00,0.00023317049076918242
2025-08-12T13:00:00+00:00,0.00022760937288583683
2025-08-12T14:00:00+00:00,0.00022909092384616772
2025-08-12T15:00:00+00:00,0.00022633488962483904
2025-08-12T16:00:00+00:00,0.00022369692509194506
2025-08-12T17:00:00+00:00,0.00022409998197130666
2025-08-12T18:00:00+00:00,0.0002224764628736873
2025-08-12T19:00:00+00:00,0.00022277694236607425
2025-08-12T20:00:00+00:00,0.00022206251579231864
2025-08-12T21:00:00+00:00,0.0002170083416898143
2025-08-12T22:00:00+00:00,0.00021857963457893296
2025-08-12T23:00:00+00:00,0.00021875770463696562
2025-08-13T00:00:00+00:00,0.00021758533911471435
2025-08-13T01:00:00+00:00,0.00021628510250271184
2025-08-13T02:00:00+00:00,0.00021839042625252395
2025-08-13T03:00:00+00:00,0.00021591539096976016
2025-08-13T04:00:00+00:00,0.0002153890000215882
2025-08-13T05:00:00+00:00,0.00021403815333530306
2025-08-13T06:00:00+00:00,0.00021583579484625888
2025-08-13T07:00:00+00:00,0.0002163179387855401
2025-08-13T08:00:00+00:00,0.00021652670602387877
2025-08-13T09:00:00+00:00,0.00021625876523515282
2025-08-13T10:00:00+00:00,0.00021327737627409513
2025-08-13T11:00:00+00:00,0.00021286405574325637
2025-08-13T12:00:00+00:00,0.00021329914457566588
2025-08-13T13:00:00+00:00,0.00021339780962572122
2025-08-13T14:00:00+00:00,0.0002135928334118031
2025-08-13T15:00:00+00:00,0.0002146123062945866
2025-08-13T16:00:00+00:00,0.0002136388832452993
2025-08-13T17:00:00+00:00,0.00021303045548780872
2025-08-13T18:00:00+00:00,0.00021213890899200057
2025-08-13T19:00:00+00:00,0.0002123961177473629
2025-08-13T20:00:00+00:00,0.00021135635752387279
2025-08-13T21:00:00+00:00,0.00021169243122004966
2025-08-13T22:00:00+00:00,0.00021163907018613618
2025-08-13T23:00:00+00:00,0.00020974860938455687
2025-08-14T00:00:00+00:00,0.0002104253056447373
2025-08-14T01:00:00+00:00,0.00021179255164007746
2025-08-14T02:00:00+00:00,0.00021102271603222304
2025-08-14T03:00:00+00:00,0.00021043028122884366
2025-08-14T04:00:00+00:00,0.00020956849577899393
2025-08-14T05:00:00+00:00,0.00020998479839525204
2025-08-14T06:00:00+00:00,0.0002111587905477724
2025-08-14T07:00:00+00:00,0.00020927568534590194
2025-08-14T08:00:00+00:00,0.0002106413694586501
2025-08-14T09:00:00+00:00,0.00021093026559555303
2025-08-14T10:00:00+00:00,0.00021017359332468495
2025-08-14T11:00:00+00:00,0.00021271781530090664
2025-08-14T12:00:00+00:00,0.00021157144394102072
2025-08-14T13:00:00+00:00,0.000216421932443181
2025-08-14T14:00:00+00:00,0.00022068902155714397
2025-08-14T15:00:00+00:00,0.0002144837083737751
2025-08-14T16:00:00+00:00,0.0002162018518791756
2025-08-14T17:00:00+00:00,0.0002200924018068275
2025-08-14T18:00:00+00:00,0.000220402467892327
2025-08-14T19:00:00+00:00,0.0002200405445605447
2025-08-14T20:00:00+00:00,0.00022017497505940047
2025-08-14T21:00:00+00:00,0.00022090921912427827
2025-08-14T22:00:00+00:00,0.00022364779468209616
2025-08-14T23:00:00+00:00,0.00022036593221850905
2025-08-15T00:00:00+00:00,0.0002191708546345423
2025-08-15T01:00:00+00:00,0.00021860755820613212
2025-08-15T02:00:00+00:00,0.00021703352436541979
2025-08-15T03:00:00+00:00,0.00021595937261255168
2025-08-15T04:00:00+00:00,0.00021578791596605984
2025-08-15T05:00:00+00:00,0.00021600159278425452
2025-08-15T06:00:00+00:00,0.00021610417399145517
2025-08-15T07:00:00+00:00,0.00021484459113030414
2025-08-15T08:00:00+00:00,0.00021537425700998467
2025-08-15T09:00:00+00:00,0.00021518418053938863
2025-08-15T10:00:00+00:00,0.0002159527209364543
2025-08-15T11:00:00+00:00,0.00021544591943027834
2025-08-15T12:00:00+00:00,0.00021555902957725963
2025-08-15T13:00:00+00:00,0.00021565477665605787
2025-08-15T14:00:00+00:00,0.00021936270506392054
2025-08-15T15:00:00+00:00,0.00022235262083714083
2025-08-15T16:00:00+00:00,0.0002249521443458541
2025-08-15T17:00:00+00:00,0.00022643089679159667
2025-08-15T18:00:00+00:00,0.00022496665549307697
2025-08-15T19:00:00+00:00,0.00022693293512718256
2025-08-15T20:00:00+00:00,0.00022789471702080755
2025-08-15T21:00:00+00:00,0.00022618885242921044
2025-08-15T22:00:00+00:00,0.00022591554919311596
2025-08-15T23:00:00+00:00,0.0002234924983760025
2025-08-16T00:00:00+00:00,0.00022561297090972906
2025-08-16T01:00:00+00:00,0.00022331484063521387
2025-08-16T02:00:00+00:00,0.000222701382167799
2025-08-16T03:00:00+00:00,0.00022491401202535323
2025-08-16T04:00:00+00:00,0.00022574013686889815
2025-08-16T05:00:00+00:00,0.00022453191875484055
2025-08-16T06:00:00+00:00,0.00022585178575730712
2025-08-16T07:00:00+00:00,0.00022588172090999158
2025-08-16T08:00:00+00:00,0.00022417973518332426
2025-08-16T09:00:00+00:00,0.00022470613088106242
2025-08-16T10:00:00+00:00,0.00022631052410633493
2025-08-16T11:00:00+00:00,0.00022658138719256252
2025-08-16T12:00:00+00:00,0.00022857161317831737
2025-08-16T13:00:00+00:00,0.00022687828436847228
2025-08-16T14:00:00+00:00,0.00022738684562473795
2025-08-16T15:00:00+00:00,0.00022654301935259372
2025-08-16T16:00:00+00:00,0.0002270906065960627
2025-08-16T17:00:00+00:00,0.00022666733179082846
2025-08-16T18:00:00+00:00,0.0002268258790968699
2025-08-16T19:00:00+00:00,0.00022660442653820587
2025-08-16T20:00:00+00:00,0.00022638955879424508
2025-08-16T21:00:00+00:00,0.00022559921589849816
2025-08-16T22:00:00+00:00,0.00022626334850488444
2025-08-16T23:00:00+00:00,0.0002258439534877479
2025-08-17T00:00:00+00:00,0.00022605827108533531
2025-08-17T01:00:00+00:00,0.00022644097455557522
2025-08-17T02:00:00+00:00,0.00022668901342717907
2025-08-17T03:00:00+00:00,0.00022543258016742467
2025-08-17T04:00:00+00:00,0.000224610954774771
2025-08-17T05:00:00+00:00,0.00022311593075085466
2025-08-17T06:00:00+00:00,0.00022330179079894257
2025-08-17T07:00:00+00:00,0.00022412443630344273
2025-08-17T08:00:00+00:00,0.0002238112987693895
2025-08-17T09:00:00+00:00,0.000220938174691593
2025-08-17T10:00:00+00:00,0.00022008259778939055
2025-08-17T11:00:00+00:00,0.00021929859871149736
2025-08-17T12:00:00+00:00,0.00021947379178745256
2025-08-17T13:00:00+00:00,0.00022025962278682482
2025-08-17T14:00:00+00:00,0.0002202899200519291
2025-08-17T15:00:00+00:00,0.0002194177570219497
2025-08-17T16:00:00+00:00,0.00021919627666576203
2025-08-17T17:00:00+00:00,0.00022159488895769568
2025-08-17T18:00:00+00:00,0.00022083773807385522
2025-08-17T19:00:00+00:00,0.0002226010405907649
2025-08-17T20:00:00+00:00,0.00022512407658536633
2025-08-17T21:00:00+00:00,0.00022348451847329788
2025-08-17T22:00:00+00:00,0.00022311135837213257
2025-08-17T23:00:00+00:00,0.000220918341409255
2025-08-18T00:00:00+00:00,0.00022324750748261863
2025-08-18T01:00:00+00:00,0.0002236034286183085
2025-08-18T02:00:00+00:00,0.00022685601173246257
2025-08-18T03:00:00+00:00,0.00023107393977395173
2025-08-18T04:00:00+00:00,0.0002317794958821182
2025-08-18T05:00:00+00:00,0.0002302678890992829
2025-08-18T06:00:00+00:00,0.00023233493302477853
2025-08-18T07:00:00+00:00,0.00023506548794231894
2025-08-18T08:00:00+00:00,0.00023440103502780628
2025-08-18T09:00:00+00:00,0.00023522523899348474
2025-08-18T10:00:00+00:00,0.00023264996125451736
2025-08-18T11:00:00+00:00,0.00023428552259151453
2025-08-18T12:00:00+00:00,0.00023402468522047126
2025-08-18T13:00:00+00:00,0.00023008965581525822
2025-08-18T14:00:00+00:00,0.00023237111962352687
2025-08-18T15:00:00+00:00,0.00023095502529155222
2025-08-18T16:00:00+00:00,0.0002302744649859154
2025-08-18T17:00:00+00:00,0.00023135546943953974
2025-08-18T18:00:00+00:00,0.00022938150386003374
2025-08-18T19:00:00+00:00,0.00022876711834508265
2025-08-18T20:00:00+00:00,0.00022953888097738276
2025-08-18T21:00:00+00:00,0.00023050478295695158
2025-08-18T22:00:00+00:00,0.00022996104914866047
2025-08-18T23:00:00+00:00,0.00023012069484852773
2025-08-19T00:00:00+00:00,0.00023183225682624526
2025-08-19T01:00:00+00:00,0.0002303237283522285
2025-08-19T02:00:00+00:00,0.00023273317852462108
2025-08-19T03:00:00+00:00,0.00023317065092275677
2025-08-19T04:00:00+00:00,0.00023683136841464648
2025-08-19T05:00:00+00:00,0.00023677509908172418
2025-08-19T06:00:00+00:00,0.00023598134460200577
2025-08-19T07:00:00+00:00,0.0002357305709608732
2025-08-19T08:00:00+00:00,0.00023622494629331743
2025-08-19T09:00:00+00:00,0.00023494434175237524
2025-08-19T10:00:00+00:00,0.00023355364190066135
2025-08-19T11:00:00+00:00,0.00023319619889059398
2025-08-19T12:00:00+00:00,0.00023235156136172677
2025-08-19T13:00:00+00:00,0.00023212427500449357
2025-08-19T14:00:00+00:00,0.00023309933083774884
2025-08-19T15:00:00+00:00,0.0002378598075996879
2025-08-19T16:00:00+00:00,0.0002385262368511258
2025-08-19T17:00:00+00:00,0.00024066863379319992
2025-08-19T18:00:00+00:00,0.0002389698822588763
2025-08-19T19:00:00+00:00,0.00024180823528659954
2025-08-19T20:00:00+00:00,0.00024107851094414158
2025-08-19T21:00:00+00:00,0.00024048458431011444
2025-08-19T22:00:00+00:00,0.00024092633568566427
2025-08-19T23:00:00+00:00,0.0002419429800303705
2025-08-20T00:00:00+00:00,0.0002451326181632662
2025-08-20T01:00:00+00:00,0.0002433304599822704
2025-08-20T02:00:00+00:00,0.00024353222317186028
2025-08-20T03:00:00+00:00,0.0002418352445614683
2025-08-20T04:00:00+00:00,0.00024167902864612805
2025-08-20T05:00:00+00:00,0.00023978514017425684
2025-08-20T06:00:00+00:00,0.00023909043507065457
2025-08-20T07:00:00+00:00,0.00023930118159566573
2025-08-20T08:00:00+00:00,0.00023850255645812668
2025-08-20T09:00:00+00:00,0.00023611466983698535
2025-08-20T10:00:00+00:00,0.00023680985429303504
2025-08-20T11:00:00+00:00,0.00023647742160738674
2025-08-20T12:00:00+00:00,0.0002381389271441483
2025-08-20T13:00:00+00:00,0.0002378260201291393
2025-08-20T14:00:00+00:00,0.0002421530334801354
2025-08-20T15:00:00+00:00,0.00023686656111765082
2025-08-20T16:00:00+00:00,0.00023491853029875543
2025-08-20T17:00:00+00:00,0.0002324477882848471
2025-08-20T18:00:00+00:00,0.00023039226090020877
2025-08-20T19:00:00+00:00,0.00023219245384499735
2025-08-20T20:00:00+00:00,0.0002304050775904205
2025-08-20T21:00:00+00:00,0.00022968264950430205
2025-08-20T22:00:00+00:00,0.00022962977279161856
2025-08-20T23:00:00+00:00,0.0002293808324597807
2025-08-21T00:00:00+00:00,0.00023054948581106486
2025-08-21T01:00:00+00:00,0.00023146562963632055
2025-08-21T02:00:00+00:00,0.0002309369958479701
2025-08-21T03:00:00+00:00,0.00023302761693034637
2025-08-21T04:00:00+00:00,0.0002325337260605358
2025-08-21T05:00:00+00:00,0.00023270195598564558
2025-08-21T06:00:00+00:00,0.00023178780918173812
2025-08-21T07:00:00+00:00,0.0002327683661327208
2025-08-21T08:00:00+00:00,0.00023209520693636616
2025-08-21T09:00:00+00:00,0.00023297786300917897
2025-08-21T10:00:00+00:00,0.0002338771733431716
2025-08-21T11:00:00+00:00,0.00023310740264544927
2025-08-21T12:00:00+00:00,0.00023329797612999943
2025-08-21T13:00:00+00:00,0.000235349782414125
2025-08-21T14:00:00+00:00,0.00023465732140599057
2025-08-21T15:00:00+00:00,0.00023397996798667252
2025-08-21T16:00:00+00:00,0.00023572954201279847
2025-08-21T17:00:00+00:00,0.0002368276303953127
2025-08-21T18:00:00+00:00,0.00023571271489140276
2025-08-21T19:00:00+00:00,0.00023442257226191575
2025-08-21T20:00:00+00:00,0.00023662995243339778
2025-08-21T21:00:00+00:00,0.00023540036412900787
2025-08-21T22:00:00+00:00,0.00023559266741175302
2025-08-21T23:00:00+00:00,0.00023544827904050855
2025-08-22T00:00:00+00:00,0.00023676021943942372
2025-08-22T01:00:00+00:00,0.0002361039359725347
2025-08-22T02:00:00+00:00,0.000235005574661716
2025-08-22T03:00:00+00:00,0.00023302185181020828
2025-08-22T04:00:00+00:00,0.00023383392844670252
2025-08-22T05:00:00+00:00,0.00023364199841452167
2025-08-22T06:00:00+00:00,0.00023307358154037725
2025-08-22T07:00:00+00:00,0.00023286434434341963
2025-08-22T08:00:00+00:00,0.00023029423980367223
2025-08-22T09:00:00+00:00,0.00023074819286412037
2025-08-22T10:00:00+00:00,0.0002309548012798393
2025-08-22T11:00:00+00:00,0.0002327480977544008
2025-08-22T12:00:00+00:00,0.00023411078814475312
2025-08-22T13:00:00+00:00,0.0002351469166710964
2025-08-22T14:00:00+00:00,0.00023349518188009154
2025-08-22T15:00:00+00:00,0.00021726364204860784
2025-08-22T16:00:00+00:00,0.00021534858157238798
2025-08-22T17:00:00+00:00,0.00021060556759822078
2025-08-22T18:00:00+00:00,0.0002080773628987627
2025-08-22T19:00:00+00:00,0.00020880898702368096
2025-08-22T20:00:00+00:00,0.0002069185145107601
2025-08-22T21:00:00+00:00,0.00020644831892760037
2025-08-22T22:00:00+00:00,0.00020622351768617627
2025-08-22T23:00:00+00:00,0.0002081749992088822
2025-08-23T00:00:00+00:00,0.00020720700607594156
2025-08-23T01:00:00+00:00,0.00020804290100607275
2025-08-23T02:00:00+00:00,0.00020907299504499858
2025-08-23T03:00:00+00:00,0.00021181200289253446
2025-08-23T04:00:00+00:00,0.000213013097161294
2025-08-23T05:00:00+00:00,0.00021131171964132643
2025-08-23T06:00:00+00:00,0.0002106153156029882
2025-08-23T07:00:00+00:00,0.00021065668231358287
2025-08-23T08:00:00+00:00,0.00021192201682171448
2025-08-23T09:00:00+00:00,0.00021168935911122975
2025-08-23T10:00:00+00:00,0.00021124161976098256
2025-08-23T11:00:00+00:00,0.0002122629818196315
2025-08-23T12:00:00+00:00,0.00021255383505640516
2025-08-23T13:00:00+00:00,0.00021203414453183135
2025-08-23T14:00:00+00:00,0.0002118782032686845
2025-08-23T15:00:00+00:00,0.00021159585158159872
2025-08-23T16:00:00+00:00,0.00021063266094595076
2025-08-23T17:00:00+00:00,0.00021083256061944433
2025-08-23T18:00:00+00:00,0.0002107562072348269
2025-08-23T19:00:00+00:00,0.0002105325306714671
2025-08-23T20:00:00+00:00,0.00021012599133935086
2025-08-23T21:00:00+00:00,0.00021049265067492762
2025-08-23T22:00:00+00:00,0.000210764335046389
2025-08-23T23:00:00+00:00,0.00020928610901143696
2025-08-24T00:00:00+00:00,0.000209601687697433
2025-08-24T01:00:00+00:00,0.00020871510735767884
2025-08-24T02:00:00+00:00,0.0002091584880461169
2025-08-24T03:00:00+00:00,0.00020933410016616498
2025-08-24T04:00:00+00:00,0.00020815763727235348
2025-08-24T05:00:00+00:00,0.00020904493437815346
2025-08-24T06:00:00+00:00,0.000209278506134198
2025-08-24T07:00:00+00:00,0.000209919160187564
2025-08-24T08:00:00+00:00,0.00020995163476094717
2025-08-24T09:00:00+00:00,0.0002094444678345322
2025-08-24T10:00:00+00:00,0.0002094859067888907
2025-08-24T11:00:00+00:00,0.00021096061098278512
2025-08-24T12:00:00+00:00,0.00021069680786779416
2025-08-24T13:00:00+00:00,0.00021060587162749928
2025-08-24T14:00:00+00:00,0.00020983609176398606
2025-08-24T15:00:00+00:00,0.00020895259147387944
2025-08-24T16:00:00+00:00,0.00020856260607846267
2025-08-24T17:00:00+00:00,0.0002072730925348817
2025-08-24T18:00:00+00:00,0.00020392157703688998
2025-08-24T19:00:00+00:00,0.0002029768448791191
2025-08-24T20:00:00+00:00,0.0002081935107934723
2025-08-24T21:00:00+00:00,0.00020855166272363234
2025-08-24T22:00:00+00:00,0.00020827546620141307
2025-08-24T23:00:00+00:00,0.0002093844808516096
2025-08-25T00:00:00+00:00,0.00020928128179598647
2025-08-25T01:00:00+00:00,0.00021257201775319595
2025-08-25T02:00:00+00:00,0.00021128336270298545
2025-08-25T03:00:00+00:00,0.0002099226573901412
2025-08-25T04:00:00+00:00,0.0002105231779858299
2025-08-25T05:00:00+00:00,0.00021201756509400905
2025-08-25T06:00:00+00:00,0.00021206745611816868
2025-08-25T07:00:00+00:00,0.00021549895885717113
2025-08-25T08:00:00+00:00,0.0002175532462222417
2025-08-25T09:00:00+00:00,0.00021740863456152492
2025-08-25T10:00:00+00:00,0.0002173868648096837
2025-08-25T11:00:00+00:00,0.00022000165294062523
2025-08-25T12:00:00+00:00,0.00021737700513420392
2025-08-25T13:00:00+00:00,0.00021570760775026593
2025-08-25T14:00:00+00:00,0.00021601000927064576
2025-08-25T15:00:00+00:00,0.0002150415653048839
2025-08-25T16:00:00+00:00,0.00021655817464637987
2025-08-25T17:00:00+00:00,0.0002173125212642733
2025-08-25T18:00:00+00:00,0.0002179996243462646
2025-08-25T19:00:00+00:00,0.00021842529976872732
2025-08-25T20:00:00+00:00,0.00022511653403295534
2025-08-25T21:00:00+00:00,0.00022909468634344017
2025-08-25T22:00:00+00:00,0.00022830325846724843
2025-08-25T23:00:00+00:00,0.0002275353546420297
2025-08-26T00:00:00+00:00,0.00022800830885454562
2025-08-26T01:00:00+00:00,0.00022985466425979331
2025-08-26T02:00:00+00:00,0.0002261700948757174
2025-08-26T03:00:00+00:00,0.00022745281526138596
2025-08-26T04:00:00+00:00,0.00022722574064051342
2025-08-26T05:00:00+00:00,0.00022526623717304884
2025-08-26T06:00:00+00:00,0.00022551530076136476
2025-08-26T07:00:00+00:00,0.00022657895504003085
2025-08-26T08:00:00+00:00,0.0002254043777501319
2025-08-26T09:00:00+00:00,0.00022624523582216762
2025-08-26T10:00:00+00:00,0.0002262009039603274
2025-08-26T11:00:00+00:00,0.00022541966744766474
2025-08-26T12:00:00+00:00,0.00022625494487083124
2025-08-26T13:00:00+00:00,0.00022255266017759547
2025-08-26T14:00:00+00:00,0.00022461475281696156
2025-08-26T15:00:00+00:00,0.00022015004013223836
2025-08-26T16:00:00+00:00,0.00022147390420644542
2025-08-26T17:00:00+00:00,0.00022042085541876697
2025-08-26T18:00:00+00:00,0.00022162362141648124
2025-08-26T19:00:00+00:00,0.0002198436427730947
2025-08-26T20:00:00+00:00,0.00021780610633647236
2025-08-26T21:00:00+00:00,0.0002181644427796768
2025-08-26T22:00:00+00:00,0.00021768147996815716
2025-08-26T23:00:00+00:00,0.0002173848440534839
2025-08-27T00:00:00+00:00,0.00021728609132065996
2025-08-27T01:00:00+00:00,0.00021872516015697028
2025-08-27T02:00:00+00:00,0.00021932650824989879
2025-08-27T03:00:00+00:00,0.00021845536606878945
2025-08-27T04:00:00+00:00,0.00021750312773999346
2025-08-27T05:00:00+00:00,0.00021594647735217085
2025-08-27T06:00:00+00:00,0.00021679539394951473
2025-08-27T07:00:00+00:00,0.00021797317065503434
2025-08-27T08:00:00+00:00,0.00021787661376041655
2025-08-27T09:00:00+00:00,0.00021795630135707097
2025-08-27T10:00:00+00:00,0.0002175631524486475
2025-08-27T11:00:00+00:00,0.00021830047680592574
2025-08-27T12:00:00+00:00,0.0002169719503143885
2025-08-27T13:00:00+00:00,0.00021695696486082242
2025-08-27T14:00:00+00:00,0.00021729157337494747
2025-08-27T15:00:00+00:00,0.0002168729094109032
2025-08-27T16:00:00+00:00,0.00021504601921744604
2025-08-27T17:00:00+00:00,0.00021581275444301656
2025-08-27T18:00:00+00:00,0.0002155404082418833
2025-08-27T19:00:00+00:00,0.00021701602826482825
2025-08-27T20:00:00+00:00,0.00021870147279817774
2025-08-27T21:00:00+00:00,0.00021813734770913983
2025-08-27T22:00:00+00:00,0.00022127539175720537
2025-08-27T23:00:00+00:00,0.00022094554212756865
2025-08-28T00:00:00+00:00,0.0002222155320910684
2025-08-28T01:00:00+00:00,0.0002223901751008013
2025-08-28T02:00:00+00:00,0.00022140942737864617
2025-08-28T03:00:00+00:00,0.00022171306152050555
2025-08-28T04:00:00+00:00,0.00021995027520690108
2025-08-28T05:00:00+00:00,0.0002188995154081619
2025-08-28T06:00:00+00:00,0.00021942595665855357
2025-08-28T07:00:00+00:00,0.00021824810419125153
2025-08-28T08:00:00+00:00,0.00021812015217125556
2025-08-28T09:00:00+00:00,0.00021745238676052362
2025-08-28T10:00:00+00:00,0.00021800942202343144
2025-08-28T11:00:00+00:00,0.00021713967545603045
2025-08-28T12:00:00+00:00,0.00021771002625067557
2025-08-28T13:00:00+00:00,0.0002170541873043055
2025-08-28T14:00:00+00:00,0.000219151771489595
2025-08-28T15:00:00+00:00,0.00021896954294583996
2025-08-28T16:00:00+00:00,0.00022169769730591307
2025-08-28T17:00:00+00:00,0.00022365456479184
2025-08-28T18:00:00+00:00,0.00022288811333906982
2025-08-28T19:00:00+00:00,0.00022259437753899362
2025-08-28T20:00:00+00:00,0.0002239826784822549
2025-08-28T21:00:00+00:00,0.00022436155550697193
2025-08-28T22:00:00+00:00,0.00022282415542959372
2025-08-28T23:00:00+00:00,0.00022176323822911882
2025-08-29T00:00:00+00:00,0.00022179045849702052
2025-08-29T01:00:00+00:00,0.000223318987172965
2025-08-29T02:00:00+00:00,0.00022450096962041
2025-08-29T03:00:00+00:00,0.0002231838111341344
2025-08-29T04:00:00+00:00,0.0002226726229084122
2025-08-29T05:00:00+00:00,0.00022328931549369437
2025-08-29T06:00:00+00:00,0.00022322203517220342
2025-08-29T07:00:00+00:00,0.00022444440583508987
2025-08-29T08:00:00+00:00,0.0002277986018846025
2025-08-29T09:00:00+00:00,0.0002302888870516405
2025-08-29T10:00:00+00:00,0.0002307064948629588
2025-08-29T11:00:00+00:00,0.00022985531677271052
2025-08-29T12:00:00+00:00,0.00023009969881051048
2025-08-29T13:00:00+00:00,0.00022708958612378038
2025-08-29T14:00:00+00:00,0.00023087765039189693
2025-08-29T15:00:00+00:00,0.00023342619685799967
2025-08-29T16:00:00+00:00,0.00023078171346318526
2025-08-29T17:00:00+00:00,0.00023088429150086527
2025-08-29T18:00:00+00:00,0.00023044804737488091
2025-08-29T19:00:00+00:00,0.00023164184750425868
2025-08-29T20:00:00+00:00,0.00022960618239113714
2025-08-29T21:00:00+00:00,0.0002314566416817486
2025-08-29T22:00:00+00:00,0.00022909063460642523
2025-08-29T23:00:00+00:00,0.00022943801144335453
2025-08-30T00:00:00+00:00,0.0002294307129097658
2025-08-30T01:00:00+00:00,0.00023085116374415283
2025-08-30T02:00:00+00:00,0.00023321338862703267
2025-08-30T03:00:00+00:00,0.00023223477295273906
2025-08-30T04:00:00+00:00,0.00022951970451248358
2025-08-30T05:00:00+00:00,0.0002294866808551261
2025-08-30T06:00:00+00:00,0.00022805460474403894
2025-08-30T07:00:00+00:00,0.00022741166245557128
2025-08-30T08:00:00+00:00,0.00022674808634656762
2025-08-30T09:00:00+00:00,0.00022728789432962789
2025-08-30T10:00:00+00:00,0.00022756603066093192
2025-08-30T11:00:00+00:00,0.00022747791191204673
2025-08-30T12:00:00+00:00,0.00022771011582431653
2025-08-30T13:00:00+00:00,0.00022914592618136434
2025-08-30T14:00:00+00:00,0.00022928987595341156
2025-08-30T15:00:00+00:00,0.00022928423967647448
2025-08-30T16:00:00+00:00,0.00022844725098816374
2025-08-30T17:00:00+00:00,0.00022919633401673775
2025-08-30T18:00:00+00:00,0.00022906864632892557
2025-08-30T19:00:00+00:00,0.00022946020115688327
2025-08-30T20:00:00+00:00,0.00022932325705498288
2025-08-30T21:00:00+00:00,0.0002302329360310616
2025-08-30T22:00:00+00:00,0.00022993472340007175
2025-08-30T23:00:00+00:00,0.00022954227629065442
2025-08-31T00:00:00+00:00,0.0002287512566525691
2025-08-31T01:00:00+00:00,0.00022425166061239128
2025-08-31T02:00:00+00:00,0.0002243321807033054
2025-08-31T03:00:00+00:00,0.00022473592302223278
2025-08-31T04:00:00+00:00,0.0002233228346982678
2025-08-31T05:00:00+00:00,0.00022378927034125083
2025-08-31T06:00:00+00:00,0.0002242279371872141
2025-08-31T07:00:00+00:00,0.00022526457345691824
2025-08-31T08:00:00+00:00,0.00022444487956349853
2025-08-31T09:00:00+00:00,0.00022374470874842272
2025-08-31T10:00:00+00:00,0.00022403959368584402
2025-08-31T11:00:00+00:00,0.0002242606906936363
2025-08-31T12:00:00+00:00,0.0002234306599683698
2025-08-31T13:00:00+00:00,0.00022283364498249534
2025-08-31T14:00:00+00:00,0.00022376318455079116
2025-08-31T15:00:00+00:00,0.00022427769805289998
2025-08-31T16:00:00+00:00,0.00022295120260873853
2025-08-31T17:00:00+00:00,0.0002231807224607418
2025-08-31T18:00:00+00:00,0.00022303546410093686
2025-08-31T19:00:00+00:00,0.00022269145272152884
2025-08-31T20:00:00+00:00,0.00022416615669397754
2025-08-31T21:00:00+00:00,0.00022449300272519228
2025-08-31T22:00:00+00:00,0.00022352461502904268
2025-08-31T23:00:00+00:00,0.00022525579944180737
2025-09-01T00:00:00+00:00,0.00022787555286346413
2025-09-01T01:00:00+00:00,0.00022713185204689074
2025-09-01T02:00:00+00:00,0.00022652367929800482
2025-09-01T03:00:00+00:00,0.000228247054518701
2025-09-01T04:00:00+00:00,0.0002272196638208545
2025-09-01T05:00:00+00:00,0.00022784852912167164
2025-09-01T06:00:00+00:00,0.00022743487572235684
2025-09-01T07:00:00+00:00,0.00022734710669820827
2025-09-01T08:00:00+00:00,0.0002238106512370554
2025-09-01T09:00:00+00:00,0.00022337156675683245
2025-09-01T10:00:00+00:00,0.0002247135771246165
2025-09-01T11:00:00+00:00,0.00022726947414284713
2025-09-01T12:00:00+00:00,0.00022737226220144008
2025-09-01T13:00:00+00:00,0.00022705413105489325
2025-09-01T14:00:00+00:00,0.00022789238896900462
2025-09-01T15:00:00+00:00,0.0002273582594441736
2025-09-01T16:00:00+00:00,0.00022922660981646367
2025-09-01T17:00:00+00:00,0.00022965963500139864
2025-09-01T18:00:00+00:00,0.000231070117131979
2025-09-01T19:00:00+00:00,0.0002300265110569455
2025-09-01T20:00:00+00:00,0.00022878165626523433
2025-09-01T21:00:00+00:00,0.0002328941488942997
2025-09-01T22:00:00+00:00,0.00023597454746423092
2025-09-01T23:00:00+00:00,0.00023318951065254173
2025-09-02T00:00:00+00:00,0.0002318162640458539
2025-09-02T01:00:00+00:00,0.00023236997985011753
2025-09-02T02:00:00+00:00,0.00023127876970498984
2025-09-02T03:00:00+00:00,0.000229339373881949
2025-09-02T04:00:00+00:00,0.00022893942094638186
2025-09-02T05:00:00+00:00,0.00022781972715827425
2025-09-02T06:00:00+00:00,0.0002281064038529114
2025-09-02T07:00:00+00:00,0.00022698574774585053
2025-09-02T08:00:00+00:00,0.00022855432681888566
2025-09-02T09:00:00+00:00,0.0002272160783882631
2025-09-02T10:00:00+00:00,0.00022746703245268336
2025-09-02T11:00:00+00:00,0.00022756387947282913
2025-09-02T12:00:00+00:00,0.00022956710902741724
2025-09-02T13:00:00+00:00,0.00023364075954029022
2025-09-02T14:00:00+00:00,0.00022850302496912913
2025-09-02T15:00:00+00:00,0.00022966338407246704
2025-09-02T16:00:00+00:00,0.0002328238619491201
2025-09-02T17:00:00+00:00,0.0002327596106534391
2025-09-02T18:00:00+00:00,0.00023123496832057347
2025-09-02T19:00:00+00:00,0.00023272770180313642
2025-09-02T20:00:00+00:00,0.00023371592412916404
2025-09-02T21:00:00+00:00,0.0002317275571821045
2025-09-02T22:00:00+00:00,0.0002314456640912135
2025-09-02T23:00:00+00:00,0.00023100374736103541
2025-09-03T00:00:00+00:00,0.0002314073935985743
2025-09-03T01:00:00+00:00,0.00023214432637420782
2025-09-03T02:00:00+00:00,0.00023104838729955408
2025-09-03T03:00:00+00:00,0.00023044868051997242
2025-09-03T04:00:00+00:00,0.00023059763125447556
2025-09-03T05:00:00+00:00,0.00023031161383723457
2025-09-03T06:00:00+00:00,0.00023175687877534127
2025-09-03T07:00:00+00:00,0.00023172298481971074
2025-09-03T08:00:00+00:00,0.0002319954136741347
2025-09-03T09:00:00+00:00,0.00023138738813916602
2025-09-03T10:00:00+00:00,0.00022998760973649666
2025-09-03T11:00:00+00:00,0.00022876399059303316
2025-09-03T12:00:00+00:00,0.00022852390134452466
2025-09-03T13:00:00+00:00,0.0002296576003170971
2025-09-03T14:00:00+00:00,0.0002256575133843885
2025-09-03T15:00:00+00:00,0.0002236411830060084
2025-09-03T16:00:00+00:00,0.00022307340966075062
2025-09-03T17:00:00+00:00,0.00022386877069373735
2025-09-03T18:00:00+00:00,0.00022340727379712764
2025-09-03T19:00:00+00:00,0.00022399888416292153
2025-09-03T20:00:00+00:00,0.0002234295654839225
2025-09-03T21:00:00+00:00,0.0002239363879683576
2025-09-03T22:00:00+00:00,0.0002242025821754409
2025-09-03T23:00:00+00:00,0.0002236728471956362
2025-09-04T00:00:00+00:00,0.00022462565567414415
2025-09-04T01:00:00+00:00,0.00022377156486987917
2025-09-04T02:00:00+00:00,0.00022394873622128458
2025-09-04T03:00:00+00:00,0.00022607058271460523
2025-09-04T04:00:00+00:00,0.00022721716952508897
2025-09-04T05:00:00+00:00,0.00022667256894988525
2025-09-04T06:00:00+00:00,0.00022887702380999634
2025-09-04T07:00:00+00:00,0.00022891009604897452
2025-09-04T08:00:00+00:00,0.00022836315095738313
2025-09-04T09:00:00+00:00,0.00022852902757687443
2025-09-04T10:00:00+00:00,0.00022750233238118242
2025-09-04T11:00:00+00:00,0.00022685905696790895
2025-09-04T12:00:00+00:00,0.00022662835407742118
2025-09-04T13:00:00+00:00,0.0002270451131381932
2025-09-04T14:00:00+00:00,0.00022827523180785932
2025-09-04T15:00:00+00:00,0.00022963360681479877
2025-09-04T16:00:00+00:00,0.0002318933110132286
2025-09-04T17:00:00+00:00,0.0002323215563476133
2025-09-04T18:00:00+00:00,0.0002316673211755926
2025-09-04T19:00:00+00:00,0.00023349189787054487
2025-09-04T20:00:00+00:00,0.00023376048326716545
2025-09-04T21:00:00+00:00,0.00023226010791701612
2025-09-04T22:00:00+00:00,0.00023138268741965915
2025-09-04T23:00:00+00:00,0.00023044787841856363
2025-09-05T00:00:00+00:00,0.00023235881072840019
2025-09-05T01:00:00+00:00,0.00023262750018168983
2025-09-05T02:00:00+00:00,0.000231098065975932
2025-09-05T03:00:00+00:00,0.00023115900730050253
2025-09-05T04:00:00+00:00,0.0002311709674693971
2025-09-05T05:00:00+00:00,0.00023080288399166137
2025-09-05T06:00:00+00:00,0.00023057255592898377
2025-09-05T07:00:00+00:00,0.00023075333729033145
2025-09-05T08:00:00+00:00,0.00022604764426923323
2025-09-05T09:00:00+00:00,0.00022682706837527403
2025-09-05T10:00:00+00:00,0.00022755593091813994
2025-09-05T11:00:00+00:00,0.00022662952475702408
2025-09-05T12:00:00+00:00,0.00022633445757566672
2025-09-05T13:00:00+00:00,0.00022426539367308076
2025-09-05T14:00:00+00:00,0.0002249870799618128
2025-09-05T15:00:00+00:00,0.00023390669755968618
2025-09-05T16:00:00+00:00,0.00023328184277479142
2025-09-05T17:00:00+00:00,0.00023278239843328884
2025-09-05T18:00:00+00:00,0.00023311300122165604
2025-09-05T19:00:00+00:00,0.00023207113404208343
2025-09-05T20:00:00+00:00,0.00023107314150133676
2025-09-05T21:00:00+00:00,0.00023051153954753263
2025-09-05T22:00:00+00:00,0.00023216504226654513
2025-09-05T23:00:00+00:00,0.00023182710510405704
2025-09-06T00:00:00+00:00,0.00023197218787904077
2025-09-06T01:00:00+00:00,0.00023126056417094846
2025-09-06T02:00:00+00:00,0.00023085303295839284
2025-09-06T03:00:00+00:00,0.00023141011266412072
2025-09-06T04:00:00+00:00,0.00023163203801795796
2025-09-06T05:00:00+00:00,0.00023188245610465037
2025-09-06T06:00:00+00:00,0.0002328043031261506
2025-09-06T07:00:00+00:00,0.00023220735193863105
2025-09-06T08:00:00+00:00,0.00023171456491942553
2025-09-06T09:00:00+00:00,0.00023211271849275659
2025-09-06T10:00:00+00:00,0.0002327688745809727
2025-09-06T11:00:00+00:00,0.00023241303950406246
2025-09-06T12:00:00+00:00,0.00023268374338330508
2025-09-06T13:00:00+00:00,0.00023251183626999916
2025-09-06T14:00:00+00:00,0.0002330260482461496
2025-09-06T15:00:00+00:00,0.00023288769655065318
2025-09-06T16:00:00+00:00,0.00023381848322913683
2025-09-06T17:00:00+00:00,0.0002332978944721874
2025-09-06T18:00:00+00:00,0.00023390602824773865
2025-09-06T19:00:00+00:00,0.00023371199234210454
2025-09-06T20:00:00+00:00,0.00023499302619700232
2025-09-06T21:00:00+00:00,0.00023366048348740664
2025-09-06T22:00:00+00:00,0.0002332885915406248
2025-09-06T23:00:00+00:00,0.00023376630016216102
2025-09-07T00:00:00+00:00,0.00023407355812382743
2025-09-07T01:00:00+00:00,0.00023338194060471568
2025-09-07T02:00:00+00:00,0.00023257501878407068
2025-09-07T03:00:00+00:00,0.00023241621868235209
2025-09-07T04:00:00+00:00,0.00023265830709632424
2025-09-07T05:00:00+00:00,0.00023221811814921772
2025-09-07T06:00:00+00:00,0.0002329686842295732
2025-09-07T07:00:00+00:00,0.00023321331842116123
2025-09-07T08:00:00+00:00,0.00023267273436199213
2025-09-07T09:00:00+00:00,0.00023231739694537867
2025-09-07T10:00:00+00:00,0.00023268724739991601
2025-09-07T11:00:00+00:00,0.00023215438856469435
2025-09-07T12:00:00+00:00,0.00023195788938326693
2025-09-07T13:00:00+00:00,0.00023221309262011784
2025-09-07T14:00:00+00:00,0.00023221399622198633
2025-09-07T15:00:00+00:00,0.00023241723404287024
2025-09-07T16:00:00+00:00,0.00023271867518635862
2025-09-07T17:00:00+00:00,0.00023306543227779642
2025-09-07T18:00:00+00:00,0.00023386897327737512
2025-09-07T19:00:00+00:00,0.0002337140465342221
2025-09-07T20:00:00+00:00,0.00023286994509952275
2025-09-07T21:00:00+00:00,0.00023271217771663702
2025-09-07T22:00:00+00:00,0.00023309247810168217
2025-09-07T23:00:00+00:00,0.00023176575412451228
2025-09-08T00:00:00+00:00,0.00023236208153045194
2025-09-08T01:00:00+00:00,0.00023231444835833436
2025-09-08T02:00:00+00:00,0.00023325074994527591
2025-09-08T03:00:00+00:00,0.00023211057481200884
2025-09-08T04:00:00+00:00,0.00023176523565202663
2025-09-08T05:00:00+00:00,0.00023277616149189827
2025-09-08T06:00:00+00:00,0.00023259732791955102
2025-09-08T07:00:00+00:00,0.00023292722996866847
2025-09-08T08:00:00+00:00,0.00023296171300762954
2025-09-08T09:00:00+00:00,0.00023263482960520182
2025-09-08T10:00:00+00:00,0.0002316099554912291
2025-09-08T11:00:00+00:00,0.00023100171616902514
2025-09-08T12:00:00+00:00,0.00023195179720278237
2025-09-08T13:00:00+00:00,0.00023146738224980013
2025-09-08T14:00:00+00:00,0.00023104821866525892
2025-09-08T15:00:00+00:00,0.00023030640216657467
2025-09-08T16:00:00+00:00,0.00022895417354253922
2025-09-08T17:00:00+00:00,0.0002305068815154235
2025-09-08T18:00:00+00:00,0.00023206722097132446
2025-09-08T19:00:00+00:00,0.00023083945916957708
2025-09-08T20:00:00+00:00,0.0002330773844517343
2025-09-08T21:00:00+00:00,0.0002327966812979259
2025-09-08T22:00:00+00:00,0.00023150395511636925
2025-09-08T23:00:00+00:00,0.00023199841075706407
2025-09-09T00:00:00+00:00,0.00023198595839081943
2025-09-09T01:00:00+00:00,0.00023239140732873216
2025-09-09T02:00:00+00:00,0.0002333329420338195
2025-09-09T03:00:00+00:00,0.0002329276846688166
2025-09-09T04:00:00+00:00,0.00023217492215482806
2025-09-09T05:00:00+00:00,0.00023183269489063184
2025-09-09T06:00:00+00:00,0.00023179207582140363
2025-09-09T07:00:00+00:00,0.0002285894838974782
2025-09-09T08:00:00+00:00,0.000229147817578922
2025-09-09T09:00:00+00:00,0.00022922855542206652
2025-09-09T10:00:00+00:00,0.00022967811419498315
2025-09-09T11:00:00+00:00,0.0002299163992068521
2025-09-09T12:00:00+00:00,0.000230036934513579
2025-09-09T13:00:00+00:00,0.00023001548013898375
2025-09-09T14:00:00+00:00,0.00022961063424864071
2025-09-09T15:00:00+00:00,0.00023219621377719747
2025-09-09T16:00:00+00:00,0.00023337648150102764
2025-09-09T17:00:00+00:00,0.00023305854118149457
2025-09-09T18:00:00+00:00,0.00023331818205163724
2025-09-09T19:00:00+00:00,0.00023305484171615243
2025-09-09T20:00:00+00:00,0.00023297580373105332
2025-09-09T21:00:00+00:00,0.0002325557589973857
2025-09-09T22:00:00+00:00,0.00023237461436115408
2025-09-09T23:00:00+00:00,0.00023139589684417384
2025-09-10T00:00:00+00:00,0.0002318820390043716
2025-09-10T01:00:00+00:00,0.0002332080398170601
2025-09-10T02:00:00+00:00,0.00023222824737446324
2025-09-10T03:00:00+00:00,0.00023161773503192718
2025-09-10T04:00:00+00:00,0.00023167327110406476
2025-09-10T05:00:00+00:00,0.0002319021722847158
2025-09-10T06:00:00+00:00,0.00023219282532588526
2025-09-10T07:00:00+00:00,0.0002315050649746702
2025-09-10T08:00:00+00:00,0.00023084052705671948
2025-09-10T09:00:00+00:00,0.00023114736283807915
2025-09-10T10:00:00+00:00,0.0002310962321352925
2025-09-10T11:00:00+00:00,0.00023112905880697893
2025-09-10T12:00:00+00:00,0.0002309226924018723
2025-09-10T13:00:00+00:00,0.00022880406805152667
2025-09-10T14:00:00+00:00,0.00022645078712762057
2025-09-10T15:00:00+00:00,0.00022673793856113028
2025-09-10T16:00:00+00:00,0.00022691183239343724
2025-09-10T17:00:00+00:00,0.0002284805106292823
2025-09-10T18:00:00+00:00,0.00022935407160743008
2025-09-10T19:00:00+00:00,0.0002303110703927381
2025-09-10T20:00:00+00:00,0.00023143555672808726
2025-09-10T21:00:00+00:00,0.00023090655963784658
2025-09-10T22:00:00+00:00,0.00022981337833342082
2025-09-10T23:00:00+00:00,0.0002299365157252703
2025-09-11T00:00:00+00:00,0.00022994543493315645
2025-09-11T01:00:00+00:00,0.00022942040605236877
2025-09-11T02:00:00+00:00,0.0002290608710882201
2025-09-11T03:00:00+00:00,0.00022819980077634793
2025-09-11T04:00:00+00:00,0.00022707622506516403
2025-09-11T05:00:00+00:00,0.00022649437020203674
2025-09-11T06:00:00+00:00,0.00022619816415832156
2025-09-11T07:00:00+00:00,0.0002253958048968976
2025-09-11T08:00:00+00:00,0.00022506691413741732
2025-09-11T09:00:00+00:00,0.0002255442754690277
2025-09-11T10:00:00+00:00,0.00022648081178721654
2025-09-11T11:00:00+00:00,0.00022579842487298928
2025-09-11T12:00:00+00:00,0.00022545013744139066
2025-09-11T13:00:00+00:00,0.00022543850619375575
2025-09-11T14:00:00+00:00,0.00022555137845379125
2025-09-11T15:00:00+00:00,0.00022584309572702455
2025-09-11T16:00:00+00:00,0.0002270476388215108
2025-09-11T17:00:00+00:00,0.00022629140516275853
2025-09-11T18:00:00+00:00,0.00022569083650278592
2025-09-11T19:00:00+00:00,0.00022636055675746977
2025-09-11T20:00:00+00:00,0.00022596607549492143
2025-09-11T21:00:00+00:00,0.0002265099157832628
2025-09-11T22:00:00+00:00,0.00022570562976986192
2025-09-11T23:00:00+00:00,0.0002241681072572191
2025-09-12T00:00:00+00:00,0.00022415740364831494
2025-09-12T01:00:00+00:00,0.00022104040900608937
2025-09-12T02:00:00+00:00,0.00022196763069335342
2025-09-12T03:00:00+00:00,0.00022192335085877534
2025-09-12T04:00:00+00:00,0.0002217798122795938
2025-09-12T05:00:00+00:00,0.00022094454901917674
2025-09-12T06:00:00+00:00,0.0002200739032471337
2025-09-12T07:00:00+00:00,0.0002202236162476827
2025-09-12T08:00:00+00:00,0.00022069663806199619
2025-09-12T09:00:00+00:00,0.0002211146036927795
2025-09-12T10:00:00+00:00,0.00022150691467336147
2025-09-12T11:00:00+00:00,0.0002215522757048648
2025-09-12T12:00:00+00:00,0.0002212731223770039
2025-09-12T13:00:00+00:00,0.00022085731844780703
2025-09-12T14:00:00+00:00,0.00022048095088668992
2025-09-12T15:00:00+00:00,0.00021987395398684806
2025-09-12T16:00:00+00:00,0.00022000386314741972
2025-09-12T17:00:00+00:00,0.00021855728453445064
2025-09-12T18:00:00+00:00,0.0002167421099905074
2025-09-12T19:00:00+00:00,0.00021634687000571346
2025-09-12T20:00:00+00:00,0.00021470243158526453
2025-09-12T21:00:00+00:00,0.00021417230266966098
2025-09-12T22:00:00+00:00,0.00021475121491033416
2025-09-12T23:00:00+00:00,0.00021261126708560559
2025-09-13T00:00:00+00:00,0.00021232982541891473
2025-09-13T01:00:00+00:00,0.00021235135411682582
2025-09-13T02:00:00+00:00,0.00021230035650370843
2025-09-13T03:00:00+00:00,0.0002126291812037025
2025-09-13T04:00:00+00:00,0.00020997151117379704
2025-09-13T05:00:00+00:00,0.00021058810630668486
2025-09-13T06:00:00+00:00,0.0002118258951153847
2025-09-13T07:00:00+00:00,0.00021219352716170248
2025-09-13T08:00:00+00:00,0.00021201079212324604
2025-09-13T09:00:00+00:00,0.0002114906803340542
2025-09-13T10:00:00+00:00,0.00021140400848896268
2025-09-13T11:00:00+00:00,0.00021189788870424705
2025-09-13T12:00:00+00:00,0.00021164840953630804
2025-09-13T13:00:00+00:00,0.00021161281230473242
2025-09-13T14:00:00+00:00,0.00021312479227493685
2025-09-13T15:00:00+00:00,0.00021315478536281714
2025-09-13T16:00:00+00:00,0.0002147137753629836
2025-09-13T17:00:00+00:00,0.00021626000136043143
2025-09-13T18:00:00+00:00,0.00021586029037364373
2025-09-13T19:00:00+00:00,0.00021523245483105445
2025-09-13T20:00:00+00:00,0.00021547884941729557
2025-09-13T21:00:00+00:00,0.0002145356445337298
2025-09-13T22:00:00+00:00,0.00021453007483606068
2025-09-13T23:00:00+00:00,0.00021462257685786156
2025-09-14T00:00:00+00:00,0.00021423872497444197
2025-09-14T01:00:00+00:00,0.00021401860469884564
2025-09-14T02:00:00+00:00,0.0002137607779282686
2025-09-14T03:00:00+00:00,0.00021330376741315866
2025-09-14T04:00:00+00:00,0.0002142923068119211
2025-09-14T05:00:00+00:00,0.00021434868470388246
2025-09-14T06:00:00+00:00,0.0002138143050169519
2025-09-14T07:00:00+00:00,0.00021417452816909106
2025-09-14T08:00:00+00:00,0.00021486716282095975
2025-09-14T09:00:00+00:00,0.00021461607170250176
2025-09-14T10:00:00+00:00,0.0002140694783791483
2025-09-14T11:00:00+00:00,0.00021436795486457066
2025-09-14T12:00:00+00:00,0.0002156328231240983
2025-09-14T13:00:00+00:00,0.000215902821178346
2025-09-14T14:00:00+00:00,0.0002167391623142513
2025-09-14T15:00:00+00:00,0.00021746171287777567
2025-09-14T16:00:00+00:00,0.00021818875291326444
2025-09-14T17:00:00+00:00,0.00021765869398218964
2025-09-14T18:00:00+00:00,0.00021669288979968878
2025-09-14T19:00:00+00:00,0.00021709254264483296
2025-09-14T20:00:00+00:00,0.00021661801097783493
2025-09-14T21:00:00+00:00,0.00021657801278219104
2025-09-14T22:00:00+00:00,0.00021611438434843226
2025-09-14T23:00:00+00:00,0.0002160674771689999
2025-09-15T00:00:00+00:00,0.0002170719521902979
2025-09-15T01:00:00+00:00,0.000217299247381164
2025-09-15T02:00:00+00:00,0.00021624729413563605
2025-09-15T03:00:00+00:00,0.00021629519280914907
2025-09-15T04:00:00+00:00,0.00021556509443030909
2025-09-15T05:00:00+00:00,0.00021538013148438985
2025-09-15T06:00:00+00:00,0.00021452777852131355
2025-09-15T07:00:00+00:00,0.0002159715289998242
2025-09-15T08:00:00+00:00,0.00021765587057645286
2025-09-15T09:00:00+00:00,0.0002216688784068082
2025-09-15T10:00:00+00:00,0.0002208196412167899
2025-09-15T11:00:00+00:00,0.00022079632991310028
2025-09-15T12:00:00+00:00,0.00022083888770965828
2025-09-15T13:00:00+00:00,0.00022129804996258288
2025-09-15T14:00:00+00:00,0.00022104143864326242
2025-09-15T15:00:00+00:00,0.00022139274328435363
2025-09-15T16:00:00+00:00,0.00022234679792029996
2025-09-15T17:00:00+00:00,0.00022230382462223324
2025-09-15T18:00:00+00:00,0.00022219043361884923
2025-09-15T19:00:00+00:00,0.00022207584573705452
2025-09-15T20:00:00+00:00,0.0002226565635637396
2025-09-15T21:00:00+00:00,0.00022158086614081806
2025-09-15T22:00:00+00:00,0.00022112428220278122
2025-09-15T23:00:00+00:00,0.00022155015567252177
2025-09-16T00:00:00+00:00,0.00022109715656671
2025-09-16T01:00:00+00:00,0.00022156784584182439
2025-09-16T02:00:00+00:00,0.00022107613706100115
2025-09-16T03:00:00+00:00,0.0002212196265641346
2025-09-16T04:00:00+00:00,0.00022118602313514965
2025-09-16T05:00:00+00:00,0.00022140133418296519
2025-09-16T06:00:00+00:00,0.00022071381969385098
2025-09-16T07:00:00+00:00,0.00022195153706280183
2025-09-16T08:00:00+00:00,0.0002213701484877229
2025-09-16T09:00:00+00:00,0.00022171778544120672
2025-09-16T10:00:00+00:00,0.0002216070091697306
2025-09-16T11:00:00+00:00,0.0002221757295274618
2025-09-16T12:00:00+00:00,0.00022212398559977648
2025-09-16T13:00:00+00:00,0.00022218781908826715
2025-09-16T14:00:00+00:00,0.00022440694527031164
2025-09-16T15:00:00+00:00,0.00022499566623126793
2025-09-16T16:00:00+00:00,0.00022393604981930357
2025-09-16T17:00:00+00:00,0.0002240858871265799
2025-09-16T18:00:00+00:00,0.0002226161077102168
2025-09-16T19:00:00+00:00,0.0002231235831046673
2025-09-16T20:00:00+00:00,0.00022272312700327777
2025-09-16T21:00:00+00:00,0.00022258559505002848
2025-09-16T22:00:00+00:00,0.00022164558659136914
2025-09-16T23:00:00+00:00,0.00022098008410403102
2025-09-17T00:00:00+00:00,0.00022203654667910357
2025-09-17T01:00:00+00:00,0.00022161337945815805
2025-09-17T02:00:00+00:00,0.00022164003294095582
2025-09-17T03:00:00+00:00,0.0002205213257403555
2025-09-17T04:00:00+00:00,0.0002220507124966206
2025-09-17T05:00:00+00:00,0.00022357080374405558
2025-09-17T06:00:00+00:00,0.0002215880460235687
2025-09-17T07:00:00+00:00,0.00022028013534555423
2025-09-17T08:00:00+00:00,0.00022013351240324534
2025-09-17T09:00:00+00:00,0.0002216307471274971
2025-09-17T10:00:00+00:00,0.0002221615413199858
2025-09-17T11:00:00+00:00,0.00022298461096883072
2025-09-17T12:00:00+00:00,0.00022256449929765272
2025-09-17T13:00:00+00:00,0.00022211045929638063
2025-09-17T14:00:00+00:00,0.00022194682099290264
2025-09-17T15:00:00+00:00,0.00022271257169565955
2025-09-17T16:00:00+00:00,0.00022258323738519195
2025-09-17T17:00:00+00:00,0.00022259631211105793
2025-09-17T18:00:00+00:00,0.00022112771167366084
2025-09-17T19:00:00+00:00,0.00022401726022524635
2025-09-17T20:00:00+00:00,0.00022110000025489428
2025-09-17T21:00:00+00:00,0.00022229285143369237
2025-09-17T22:00:00+00:00,0.00022054278092437497
2025-09-17T23:00:00+00:00,0.00021762246428736682
2025-09-18T00:00:00+00:00,0.0002178377427062712
2025-09-18T01:00:00+00:00,0.00021807590592403647
2025-09-18T02:00:00+00:00,0.00021628166937311537
2025-09-18T03:00:00+00:00,0.00021677575790945004
2025-09-18T04:00:00+00:00,0.0002164547668485593
2025-09-18T05:00:00+00:00,0.00021699452595245507
2025-09-18T06:00:00+00:00,0.0002178887301115773
2025-09-18T07:00:00+00:00,0.00021863264367836467
2025-09-18T08:00:00+00:00,0.00021845944860435438
2025-09-18T09:00:00+00:00,0.00021725664610589614
2025-09-18T10:00:00+00:00,0.00021739595259675135
2025-09-18T11:00:00+00:00,0.00021843264865315862
2025-09-18T12:00:00+00:00,0.00021859432097897448
2025-09-18T13:00:00+00:00,0.0002187976320394972
2025-09-18T14:00:00+00:00,0.000218452778316095
2025-09-18T15:00:00+00:00,0.00021761757781284065
2025-09-18T16:00:00+00:00,0.000217373793563606
2025-09-18T17:00:00+00:00,0.00021600195420838408
2025-09-18T18:00:00+00:00,0.00021673029740117052
2025-09-18T19:00:00+00:00,0.00021666546773101643
2025-09-18T20:00:00+00:00,0.00021778186367678052
2025-09-18T21:00:00+00:00,0.00021716779990581838
2025-09-18T22:00:00+00:00,0.00021750204102108925
2025-09-18T23:00:00+00:00,0.00021783126604573726
2025-09-19T00:00:00+00:00,0.00021787903439677588
2025-09-19T01:00:00+00:00,0.00021695274047036763
2025-09-19T02:00:00+00:00,0.0002171731667947813
2025-09-19T03:00:00+00:00,0.00021771910704654037
2025-09-19T04:00:00+00:00,0.00021992138507988715
2025-09-19T05:00:00+00:00,0.00021942380573780328
2025-09-19T06:00:00+00:00,0.000220094031269292
2025-09-19T07:00:00+00:00,0.00022088669750599835
2025-09-19T08:00:00+00:00,0.00022022810095167453
2025-09-19T09:00:00+00:00,0.00022055247570022303
2025-09-19T10:00:00+00:00,0.0002210323687412795
2025-09-19T11:00:00+00:00,0.00022083388867532027
2025-09-19T12:00:00+00:00,0.00022159121013241251
2025-09-19T13:00:00+00:00,0.0002212757380317996
2025-09-19T14:00:00+00:00,0.00022047784661033371
2025-09-19T15:00:00+00:00,0.00022189937782992833
2025-09-19T16:00:00+00:00,0.0002233083485318779
2025-09-19T17:00:00+00:00,0.00022292954084127847
2025-09-19T18:00:00+00:00,0.00022423522618733574
2025-09-19T19:00:00+00:00,0.00022428741908515738
2025-09-19T20:00:00+00:00,0.0002251208283443753
2025-09-19T21:00:00+00:00,0.00022412750760863418
2025-09-19T22:00:00+00:00,0.00022361672946487145
2025-09-19T23:00:00+00:00,0.00022370638161333355
2025-09-20T00:00:00+00:00,0.00022372363217064916
2025-09-20T01:00:00+00:00,0.00022358703044138154
2025-09-20T02:00:00+00:00,0.00022377484554484
2025-09-20T03:00:00+00:00,0.0002237772282066527
2025-09-20T04:00:00+00:00,0.00022383283757771097
2025-09-20T05:00:00+00:00,0.00022329792163685571
2025-09-20T06:00:00+00:00,0.00022314177945215023
2025-09-20T07:00:00+00:00,0.0002233581718614939
2025-09-20T08:00:00+00:00,0.00022309062331723667
2025-09-20T09:00:00+00:00,0.00022363287172046998
2025-09-20T10:00:00+00:00,0.00022377797180402843
2025-09-20T11:00:00+00:00,0.00022392059390796722
2025-09-20T12:00:00+00:00,0.00022354502441756876
2025-09-20T13:00:00+00:00,0.00022393879167892437
2025-09-20T14:00:00+00:00,0.00022370359632643033
2025-09-20T15:00:00+00:00,0.0002226606956957007
2025-09-20T16:00:00+00:00,0.0002221693342222055
2025-09-20T17:00:00+00:00,0.00022206651996459497
2025-09-20T18:00:00+00:00,0.0002229754316393523
2025-09-20T19:00:00+00:00,0.0002234696051853187
2025-09-20T20:00:00+00:00,0.00022323156536749287
2025-09-20T21:00:00+00:00,0.00022288241720881338
2025-09-20T22:00:00+00:00,0.00022260899215137376
2025-09-20T23:00:00+00:00,0.00022230181520268378
2025-09-21T00:00:00+00:00,0.00022319972484418813
2025-09-21T01:00:00+00:00,0.0002226897380568762
2025-09-21T02:00:00+00:00,0.00022316912542488408
2025-09-21T03:00:00+00:00,0.00022316429927825353
2025-09-21T04:00:00+00:00,0.0002230673577919046
2025-09-21T05:00:00+00:00,0.00022346236683633847
2025-09-21T06:00:00+00:00,0.00022310802881313663
2025-09-21T07:00:00+00:00,0.0002226804070395701
2025-09-21T08:00:00+00:00,0.00022316801059248524
2025-09-21T09:00:00+00:00,0.00022362180724251393
2025-09-21T10:00:00+00:00,0.00022402493455862872
2025-09-21T11:00:00+00:00,0.0002242934375469959
2025-09-21T12:00:00+00:00,0.00022406447140051024
2025-09-21T13:00:00+00:00,0.00022385121903659524
2025-09-21T14:00:00+00:00,0.00022318433341231465
2025-09-21T15:00:00+00:00,0.0002232867687760689
2025-09-21T16:00:00+00:00,0.00022298381517818944
2025-09-21T17:00:00+00:00,0.00022369820055504017
2025-09-21T18:00:00+00:00,0.00022317295395014075
2025-09-21T19:00:00+00:00,0.00022222415929771383
2025-09-21T20:00:00+00:00,0.0002223695956000965
2025-09-21T21:00:00+00:00,0.00022336689651086198
2025-09-21T22:00:00+00:00,0.0002232738861277983
2025-09-21T23:00:00+00:00,0.00022385183690030742
2025-09-22T00:00:00+00:00,0.00022482358323585203
2025-09-22T01:00:00+00:00,0.00023015214276695618
2025-09-22T02:00:00+00:00,0.0002304893584760987
2025-09-22T03:00:00+00:00,0.0002330207954264382
2025-09-22T04:00:00+00:00,0.00023218745756884934
2025-09-22T05:00:00+00:00,0.0002329502419041738
2025-09-22T06:00:00+00:00,0.00023765820215620475
2025-09-22T07:00:00+00:00,0.00023852183264522567
2025-09-22T08:00:00+00:00,0.00023779185467381813
2025-09-22T09:00:00+00:00,0.00023810018914933575
2025-09-22T10:00:00+00:00,0.00024051664344697205
2025-09-22T11:00:00+00:00,0.00023902628917395056
2025-09-22T12:00:00+00:00,0.00023917326043282306
2025-09-22T13:00:00+00:00,0.00023835544653554424
2025-09-22T14:00:00+00:00,0.00023870021614568845
2025-09-22T15:00:00+00:00,0.00023847944731704426
2025-09-22T16:00:00+00:00,0.00023967551936770578
2025-09-22T17:00:00+00:00,0.00023987356895526868
2025-09-22T18:00:00+00:00,0.00023982678697833436
2025-09-22T19:00:00+00:00,0.00024042426962730485
2025-09-22T20:00:00+00:00,0.0002415666889768247
2025-09-22T21:00:00+00:00,0.0002389854295577637
2025-09-22T22:00:00+00:00,0.00023845267486779237
2025-09-22T23:00:00+00:00,0.0002387818077114878
2025-09-23T00:00:00+00:00,0.0002379680435545192
2025-09-23T01:00:00+00:00,0.00023840436733988708
2025-09-23T02:00:00+00:00,0.00023974303796260983
2025-09-23T03:00:00+00:00,0.00024081882347392117
2025-09-23T04:00:00+00:00,0.0002385585348337786
2025-09-23T05:00:00+00:00,0.00023931892944126291
2025-09-23T06:00:00+00:00,0.00023870905873657402
2025-09-23T07:00:00+00:00,0.0002377582917371239
2025-09-23T08:00:00+00:00,0.00023765286318135087
2025-09-23T09:00:00+00:00,0.000237626672041753
2025-09-23T10:00:00+00:00,0.00023837685447721207
2025-09-23T11:00:00+00:00,0.0002386309599252721
2025-09-23T12:00:00+00:00,0.00023832015239166806
2025-09-23T13:00:00+00:00,0.00023832926968221557
2025-09-23T14:00:00+00:00,0.00023872639963541407
2025-09-23T15:00:00+00:00,0.00023900302262481682
2025-09-23T16:00:00+00:00,0.00023895555208143222
2025-09-23T17:00:00+00:00,0.00023888169655205752
2025-09-23T18:00:00+00:00,0.00024102849408664514
2025-09-23T19:00:00+00:00,0.0002407798962709889
2025-09-23T20:00:00+00:00,0.00024077122327856212
2025-09-23T21:00:00+00:00,0.00024025414948566294
2025-09-23T22:00:00+00:00,0.00023893519599246267
2025-09-23T23:00:00+00:00,0.0002390811506416179
2025-09-24T00:00:00+00:00,0.0002400229302233759
2025-09-24T01:00:00+00:00,0.00023955972559573104
2025-09-24T02:00:00+00:00,0.00023851877159887237
2025-09-24T03:00:00+00:00,0.00023995543829759193
2025-09-24T04:00:00+00:00,0.00024131988063050573
2025-09-24T05:00:00+00:00,0.00024143179316230847
2025-09-24T06:00:00+00:00,0.00023975665801274015
2025-09-24T07:00:00+00:00,0.00023905436535639465
2025-09-24T08:00:00+00:00,0.00023949837054424572
2025-09-24T09:00:00+00:00,0.000239492641058541
2025-09-24T10:00:00+00:00,0.00023894780195508208
2025-09-24T11:00:00+00:00,0.00023940875753218787
2025-09-24T12:00:00+00:00,0.0002391376817944888
2025-09-24T13:00:00+00:00,0.00023926164931408343
2025-09-24T14:00:00+00:00,0.00024031543612350982
2025-09-24T15:00:00+00:00,0.00023817270535426437
2025-09-24T16:00:00+00:00,0.00023941383331720477
2025-09-24T17:00:00+00:00,0.00023960200013820824
2025-09-24T18:00:00+00:00,0.00023898284782717833
2025-09-24T19:00:00+00:00,0.00023944421988730003
2025-09-24T20:00:00+00:00,0.00024009316362441565
2025-09-24T21:00:00+00:00,0.00023980231364744586
2025-09-24T22:00:00+00:00,0.00024138028098659144
2025-09-24T23:00:00+00:00,0.0002406379964005128
2025-09-25T00:00:00+00:00,0.00024097799654913162
2025-09-25T01:00:00+00:00,0.00024211807336472864
2025-09-25T02:00:00+00:00,0.00024431603955089523
2025-09-25T03:00:00+00:00,0.00024375871593027834
2025-09-25T04:00:00+00:00,0.00024711352145751587
2025-09-25T05:00:00+00:00,0.0002497482800519282
2025-09-25T06:00:00+00:00,0.0002482435640047021
2025-09-25T07:00:00+00:00,0.0002502356511154305
2025-09-25T08:00:00+00:00,0.00024948596153822255
2025-09-25T09:00:00+00:00,0.00024914056125657346
2025-09-25T10:00:00+00:00,0.00024834729982103334
2025-09-25T11:00:00+00:00,0.0002488972225931176
2025-09-25T12:00:00+00:00,0.0002499422998280873
2025-09-25T13:00:00+00:00,0.0002510514763692509
2025-09-25T14:00:00+00:00,0.00025135629097025776
2025-09-25T15:00:00+00:00,0.0002492827330500071
2025-09-25T16:00:00+00:00,0.0002500563575160567
2025-09-25T17:00:00+00:00,0.00025325761560331036
2025-09-25T18:00:00+00:00,0.0002599352875899154
2025-09-25T19:00:00+00:00,0.0002545092566682464
2025-09-25T20:00:00+00:00,0.00025492431428161957
2025-09-25T21:00:00+00:00,0.00025687787625147906
2025-09-25T22:00:00+00:00,0.0002559241581860079
2025-09-25T23:00:00+00:00,0.00025671211521423326
2025-09-26T00:00:00+00:00,0.00025890002145652146
2025-09-26T01:00:00+00:00,0.00025600874528032997
2025-09-26T02:00:00+00:00,0.0002531369770904719
2025-09-26T03:00:00+00:00,0.0002527393579533652
2025-09-26T04:00:00+00:00,0.0002520752820691404
2025-09-26T05:00:00+00:00,0.00025313300005311913
2025-09-26T06:00:00+00:00,0.0002545502866663926
2025-09-26T07:00:00+00:00,0.00025465954465137317
2025-09-26T08:00:00+00:00,0.0002540508515928975
2025-09-26T09:00:00+00:00,0.000253890590139681
2025-09-26T10:00:00+00:00,0.00025545471299545544
2025-09-26T11:00:00+00:00,0.0002572047604798022
2025-09-26T12:00:00+00:00,0.0002560652479038346
2025-09-26T13:00:00+00:00,0.0002544055340062585
2025-09-26T14:00:00+00:00,0.00025162541691476113
2025-09-26T15:00:00+00:00,0.0002542535806255724
2025-09-26T16:00:00+00:00,0.0002531236598338008
2025-09-26T17:00:00+00:00,0.000250608536197553
2025-09-26T18:00:00+00:00,0.00024752284811318566
2025-09-26T19:00:00+00:00,0.00024706957764731376
2025-09-26T20:00:00+00:00,0.0002486429925600177
2025-09-26T21:00:00+00:00,0.00024927271492557895
2025-09-26T22:00:00+00:00,0.0002486213748109124
2025-09-26T23:00:00+00:00,0.0002483370291605182
2025-09-27T00:00:00+00:00,0.00024771249103420513
2025-09-27T01:00:00+00:00,0.0002481621985621126
2025-09-27T02:00:00+00:00,0.0002484892182779531
2025-09-27T03:00:00+00:00,0.00024901605945689396
2025-09-27T04:00:00+00:00,0.0002487460264442379
2025-09-27T05:00:00+00:00,0.0002482814609970864
2025-09-27T06:00:00+00:00,0.0002486256856989709
2025-09-27T07:00:00+00:00,0.0002486972590913845
2025-09-27T08:00:00+00:00,0.00024921143379397524
2025-09-27T09:00:00+00:00,0.00025085836543519666
2025-09-27T10:00:00+00:00,0.00025008444995039213
2025-09-27T11:00:00+00:00,0.0002492839054189035
2025-09-27T12:00:00+00:00,0.0002497410331430525
2025-09-27T13:00:00+00:00,0.0002485050542083247
2025-09-27T14:00:00+00:00,0.00024866961456432426
2025-09-27T15:00:00+00:00,0.000249129739444473
2025-09-27T16:00:00+00:00,0.000248789813551666
2025-09-27T17:00:00+00:00,0.0002496933677076904
2025-09-27T18:00:00+00:00,0.0002497985381919418
2025-09-27T19:00:00+00:00,0.0002503642992231106
2025-09-27T20:00:00+00:00,0.00024993006170802865
2025-09-27T21:00:00+00:00,0.0002493812570190986
2025-09-27T22:00:00+00:00,0.0002488662567971183
2025-09-27T23:00:00+00:00,0.0002483192605476734
2025-09-28T00:00:00+00:00,0.000248898046145051
2025-09-28T01:00:00+00:00,0.0002488558510047558
2025-09-28T02:00:00+00:00,0.0002500603794386393
2025-09-28T03:00:00+00:00,0.00024996649411040647
2025-09-28T04:00:00+00:00,0.0002496645651956025
2025-09-28T05:00:00+00:00,0.00024956484869665573
2025-09-28T06:00:00+00:00,0.0002492871143563785
2025-09-28T07:00:00+00:00,0.0002493458063564277
2025-09-28T08:00:00+00:00,0.00024915278071426184
2025-09-28T09:00:00+00:00,0.00024960840813719414
2025-09-28T10:00:00+00:00,0.0002502193623575558
2025-09-28T11:00:00+00:00,0.0002500537038120431
2025-09-28T12:00:00+00:00,0.00025037182053945387
2025-09-28T13:00:00+00:00,0.00025104265507274235
2025-09-28T14:00:00+00:00,0.0002490040597991944
2025-09-28T15:00:00+00:00,0.00024838702069535887
2025-09-28T16:00:00+00:00,0.00024838118190676503
2025-09-28T17:00:00+00:00,0.0002480034174079519
2025-09-28T18:00:00+00:00,0.0002475303040487153
2025-09-28T19:00:00+00:00,0.0002474266365318783
2025-09-28T20:00:00+00:00,0.00024759856985732086
2025-09-28T21:00:00+00:00,0.00024654554154737013
2025-09-28T22:00:00+00:00,0.0002473285343100083
2025-09-28T23:00:00+00:00,0.00024181621013848827
2025-09-29T00:00:00+00:00,0.00024129674221625493
2025-09-29T01:00:00+00:00,0.00024232984650905047
2025-09-29T02:00:00+00:00,0.00024235188845767684
2025-09-29T03:00:00+00:00,0.00024325313463272475
2025-09-29T04:00:00+00:00,0.00024288727115982323
2025-09-29T05:00:00+00:00,0.00024262694202624148
2025-09-29T06:00:00+00:00,0.00024295558963979234
2025-09-29T07:00:00+00:00,0.00024412217574183893
2025-09-29T08:00:00+00:00,0.00024302696775473705
2025-09-29T09:00:00+00:00,0.00024215646810014078
2025-09-29T10:00:00+00:00,0.00024216816755836653
2025-09-29T11:00:00+00:00,0.00024253307314817138
2025-09-29T12:00:00+00:00,0.0002437041582581029
2025-09-29T13:00:00+00:00,0.00024392380994667405
2025-09-29T14:00:00+00:00,0.00023991274038511848
2025-09-29T15:00:00+00:00,0.0002387709455824506
2025-09-29T16:00:00+00:00,0.00024017530666838407
2025-09-29T17:00:00+00:00,0.00024105664747982173
2025-09-29T18:00:00+00:00,0.0002403901252939941
2025-09-29T19:00:00+00:00,0.00024006025133293198
2025-09-29T20:00:00+00:00,0.00023859345691988802
2025-09-29T21:00:00+00:00,0.00023639817393395965
2025-09-29T22:00:00+00:00,0.00023660991417088698
2025-09-29T23:00:00+00:00,0.00023701024901835935
2025-09-30T00:00:00+00:00,0.0002372165008290773
2025-09-30T01:00:00+00:00,0.000236674509314198
2025-09-30T02:00:00+00:00,0.00023779302086578873
2025-09-30T03:00:00+00:00,0.00023803740569731404
2025-09-30T04:00:00+00:00,0.00023786275040330078
2025-09-30T05:00:00+00:00,0.00023859977482431447
2025-09-30T06:00:00+00:00,0.00023888853792748783
2025-09-30T07:00:00+00:00,0.00023826760360229219
2025-09-30T08:00:00+00:00,0.00023914287076784322
2025-09-30T09:00:00+00:00,0.00023969583516991717
2025-09-30T10:00:00+00:00,0.00024078205507046144
2025-09-30T11:00:00+00:00,0.00024007686339786783
2025-09-30T12:00:00+00:00,0.00023987376647935304
2025-09-30T13:00:00+00:00,0.00024004975563488636
2025-09-30T14:00:00+00:00,0.00024094838854622923
2025-09-30T15:00:00+00:00,0.0002412197042418006
2025-09-30T16:00:00+00:00,0.0002428097214308297
2025-09-30T17:00:00+00:00,0.0002441821422270924
2025-09-30T18:00:00+00:00,0.00024378713666444634
2025-09-30T19:00:00+00:00,0.00024314446435352798
2025-09-30T20:00:00+00:00,0.00024051848112178646
2025-09-30T21:00:00+00:00,0.00023875176723488702
2025-09-30T22:00:00+00:00,0.00023956156073521377
2025-09-30T23:00:00+00:00,0.00024134676815973661
2025-10-01T00:00:00+00:00,0.00024127886112833088
2025-10-01T01:00:00+00:00,0.00024142441574986274
2025-10-01T02:00:00+00:00,0.0002396003623478293
2025-10-01T03:00:00+00:00,0.0002408716392036521
2025-10-01T04:00:00+00:00,0.00024208281115156653
2025-10-01T05:00:00+00:00,0.00024136264262836546
2025-10-01T06:00:00+00:00,0.00024100039278066897
2025-10-01T07:00:00+00:00,0.00024212644240230905
2025-10-01T08:00:00+00:00,0.00024111588254177233
2025-10-01T09:00:00+00:00,0.0002287777946851502
2025-10-01T10:00:00+00:00,0.00023199766554637366
2025-10-01T11:00:00+00:00,0.0002334688461997028
2025-10-01T12:00:00+00:00,0.00023257263025015326
2025-10-01T13:00:00+00:00,0.0002331567445464734
2025-10-01T14:00:00+00:00,0.00023276565264188182
2025-10-01T15:00:00+00:00,0.00023110566967567774
2025-10-01T16:00:00+00:00,0.00023081525007215368
2025-10-01T17:00:00+00:00,0.0002309236284051459
2025-10-01T18:00:00+00:00,0.00023269549166335943
2025-10-01T19:00:00+00:00,0.0002315613848111074
2025-10-01T20:00:00+00:00,0.0002305609005685776
2025-10-01T21:00:00+00:00,0.00023069390911667332
2025-10-01T22:00:00+00:00,0.00023218450744045833
2025-10-01T23:00:00+00:00,0.00023161654013283202
2025-10-02T00:00:00+00:00,0.00023017017502435753
2025-10-02T01:00:00+00:00,0.0002305037252818409
2025-10-02T02:00:00+00:00,0.00022787463106251123
2025-10-02T03:00:00+00:00,0.00022774083752039962
2025-10-02T04:00:00+00:00,0.0002283050271592626
2025-10-02T05:00:00+00:00,0.00022850550170380854
2025-10-02T06:00:00+00:00,0.0002279398049868057
2025-10-02T07:00:00+00:00,0.0002272713384525453
2025-10-02T08:00:00+00:00,0.00022839822820192566
2025-10-02T09:00:00+00:00,0.00022791305945010095
2025-10-02T10:00:00+00:00,0.00022742830956520954
2025-10-02T11:00:00+00:00,0.0002280059162150379
2025-10-02T12:00:00+00:00,0.00022790924050403763
2025-10-02T13:00:00+00:00,0.00022771458110342602
2025-10-02T14:00:00+00:00,0.00022618135032029913
2025-10-02T15:00:00+00:00,0.0002286526696018277
2025-10-02T16:00:00+00:00,0.00022587197373793254
2025-10-02T17:00:00+00:00,0.0002245892052136287
2025-10-02T18:00:00+00:00,0.00022373897912098234
2025-10-02T19:00:00+00:00,0.00022264822143837915
2025-10-02T20:00:00+00:00,0.0002224865478451111
2025-10-02T21:00:00+00:00,0.00022285006382068612
2025-10-02T22:00:00+00:00,0.00022329749611038383
2025-10-02T23:00:00+00:00,0.00022407848372777336
2025-10-03T00:00:00+00:00,0.0002228874562932988
2025-10-03T01:00:00+00:00,0.00022345917538888177
2025-10-03T02:00:00+00:00,0.00022327291164385248
2025-10-03T03:00:00+00:00,0.00022221361380427756
2025-10-03T04:00:00+00:00,0.00022112444494185282
2025-10-03T05:00:00+00:00,0.0002221740884764421
2025-10-03T06:00:00+00:00,0.00022340997092083328
2025-10-03T07:00:00+00:00,0.00022369558960815694
2025-10-03T08:00:00+00:00,0.0002240217874103309
2025-10-03T09:00:00+00:00,0.00022403675401919758
2025-10-03T10:00:00+00:00,0.00022362976473532979
2025-10-03T11:00:00+00:00,0.00022253909616479074
2025-10-03T12:00:00+00:00,0.00022327329075126686
2025-10-03T13:00:00+00:00,0.00022280522278738424
2025-10-03T14:00:00+00:00,0.00022337284047725924
2025-10-03T15:00:00+00:00,0.0002227912538858273
2025-10-03T16:00:00+00:00,0.00022065514125449423
2025-10-03T17:00:00+00:00,0.0002197642887097247
2025-10-03T18:00:00+00:00,0.0002230880136555757
2025-10-03T19:00:00+00:00,0.00022186957763208672
2025-10-03T20:00:00+00:00,0.00022113613201579915
2025-10-03T21:00:00+00:00,0.00022081974040526827
2025-10-03T22:00:00+00:00,0.00022109461413495054
2025-10-03T23:00:00+00:00,0.0002206257013443279
2025-10-04T00:00:00+00:00,0.00022159265513168358
2025-10-04T01:00:00+00:00,0.0002220255462262596
2025-10-04T02:00:00+00:00,0.000223159317707667
2025-10-04T03:00:00+00:00,0.00022270701145361358
2025-10-04T04:00:00+00:00,0.00022286033317794773
2025-10-04T05:00:00+00:00,0.00022231027060537652
2025-10-04T06:00:00+00:00,0.0002220465916882196
2025-10-04T07:00:00+00:00,0.0002217837064518397
2025-10-04T08:00:00+00:00,0.00022240071132733608
2025-10-04T09:00:00+00:00,0.00022262893993972216
2025-10-04T10:00:00+00:00,0.00022255621652364084
2025-10-04T11:00:00+00:00,0.00022270657926388876
2025-10-04T12:00:00+00:00,0.00022276747843340565
2025-10-04T13:00:00+00:00,0.00022322058378938136
2025-10-04T14:00:00+00:00,0.00022216714310897237
2025-10-04T15:00:00+00:00,0.0002234589359523514
2025-10-04T16:00:00+00:00,0.00022424464988821477
2025-10-04T17:00:00+00:00,0.00022400668708955472
2025-10-04T18:00:00+00:00,0.00022409457400172377
2025-10-04T19:00:00+00:00,0.00022437158011355177
2025-10-04T20:00:00+00:00,0.00022381588053526708
2025-10-04T21:00:00+00:00,0.00022318983181626812
2025-10-04T22:00:00+00:00,0.0002227954582203644
2025-10-04T23:00:00+00:00,0.00022257920148057673
2025-10-05T00:00:00+00:00,0.00022279957686827277
2025-10-05T01:00:00+00:00,0.0002235180274116017
2025-10-05T02:00:00+00:00,0.00022272237589057934
2025-10-05T03:00:00+00:00,0.00021952417371440147
2025-10-05T04:00:00+00:00,0.00021988313752239734
2025-10-05T05:00:00+00:00,0.00021828354741127134
2025-10-05T06:00:00+00:00,0.0002187743053436528
2025-10-05T07:00:00+00:00,0.00021914851731635675
2025-10-05T08:00:00+00:00,0.00021742681078432206
2025-10-05T09:00:00+00:00,0.00021777833148089792
2025-10-05T10:00:00+00:00,0.00021914028672230846
2025-10-05T11:00:00+00:00,0.00022003300264108596
2025-10-05T12:00:00+00:00,0.00021943212171138179
2025-10-05T13:00:00+00:00,0.0002203543978705088
2025-10-05T14:00:00+00:00,0.00022042556880454416
2025-10-05T15:00:00+00:00,0.00022056451781420997
2025-10-05T16:00:00+00:00,0.00022069516202692668
2025-10-05T17:00:00+00:00,0.00022135302298086415
2025-10-05T18:00:00+00:00,0.00022179010187262246
2025-10-05T19:00:00+00:00,0.00022115887763069823
2025-10-05T20:00:00+00:00,0.00022256741747822472
2025-10-05T21:00:00+00:00,0.0002218312712649626
2025-10-05T22:00:00+00:00,0.000221822731311533
2025-10-05T23:00:00+00:00,0.0002218008631063038
2025-10-06T00:00:00+00:00,0.00022146011654284778
2025-10-06T01:00:00+00:00,0.00022210473957641377
2025-10-06T02:00:00+00:00,0.00022066332637075964
2025-10-06T03:00:00+00:00,0.00022040103070089794
2025-10-06T04:00:00+00:00,0.00022045030288654453
2025-10-06T05:00:00+00:00,0.0002209524796733465
2025-10-06T06:00:00+00:00,0.00022071601972810698
2025-10-06T07:00:00+00:00,0.00021941087301536311
2025-10-06T08:00:00+00:00,0.00022053441631956773
2025-10-06T09:00:00+00:00,0.0002190896745360837
2025-10-06T10:00:00+00:00,0.00021848600878886996
2025-10-06T11:00:00+00:00,0.00021858610477721734
2025-10-06T12:00:00+00:00,0.00021866801315497425
2025-10-06T13:00:00+00:00,0.00021838868404267114
2025-10-06T14:00:00+00:00,0.00021641282877076716
2025-10-06T15:00:00+00:00,0.00021488435302149272
2025-10-06T16:00:00+00:00,0.00021347861743891455
2025-10-06T17:00:00+00:00,0.0002136593045472954
2025-10-06T18:00:00+00:00,0.00021243826861153808
2025-10-06T19:00:00+00:00,0.00021213800317210237
2025-10-06T20:00:00+00:00,0.00021262719685220075
2025-10-06T21:00:00+00:00,0.00021305077447780188
2025-10-06T22:00:00+00:00,0.00021371059779473942
2025-10-06T23:00:00+00:00,0.00021250364108497214
2025-10-07T00:00:00+00:00,0.00021324122873609015
2025-10-07T01:00:00+00:00,0.00021358297970184144
2025-10-07T02:00:00+00:00,0.0002138595739711046
2025-10-07T03:00:00+00:00,0.00021361105794687484
2025-10-07T04:00:00+00:00,0.0002130727721169221
2025-10-07T05:00:00+00:00,0.00021189748547441496
2025-10-07T06:00:00+00:00,0.00021215807170426858
2025-10-07T07:00:00+00:00,0.00021366131946924587
2025-10-07T08:00:00+00:00,0.00021390926918394236
2025-10-07T09:00:00+00:00,0.00021392990563255435
2025-10-07T10:00:00+00:00,0.0002135113700135849
2025-10-07T11:00:00+00:00,0.00021307789112640535
2025-10-07T12:00:00+00:00,0.00021260290902077325
2025-10-07T13:00:00+00:00,0.00021070552237317948
2025-10-07T14:00:00+00:00,0.00021265588229520317
2025-10-07T15:00:00+00:00,0.00021726427735645716
2025-10-07T16:00:00+00:00,0.00022154792880275798
2025-10-07T17:00:00+00:00,0.00022190327398376555
2025-10-07T18:00:00+00:00,0.00022302002926677522
2025-10-07T19:00:00+00:00,0.0002237208324056984
2025-10-07T20:00:00+00:00,0.00022291570730193397
2025-10-07T21:00:00+00:00,0.00022160114376411943
2025-10-07T22:00:00+00:00,0.00022267354165449228
2025-10-07T23:00:00+00:00,0.00022220884484479137
2025-10-08T00:00:00+00:00,0.00022439299882301411
2025-10-08T01:00:00+00:00,0.00022325588954628557
2025-10-08T02:00:00+00:00,0.00022285026578187364
2025-10-08T03:00:00+00:00,0.00022294861707978435
2025-10-08T04:00:00+00:00,0.0002251687834733794
2025-10-08T05:00:00+00:00,0.00022432907306334723
2025-10-08T06:00:00+00:00,0.00022544766931894503
2025-10-08T07:00:00+00:00,0.00022460000505687366
2025-10-08T08:00:00+00:00,0.0002239993156741418
2025-10-08T09:00:00+00:00,0.00022306104464455288
2025-10-08T10:00:00+00:00,0.00022315446245994172
2025-10-08T11:00:00+00:00,0.00022211958789762035
2025-10-08T12:00:00+00:00,0.00022277436653959297
2025-10-08T13:00:00+00:00,0.00022331631263373
2025-10-08T14:00:00+00:00,0.00022389658529654207
2025-10-08T15:00:00+00:00,0.00022430188478127908
2025-10-08T16:00:00+00:00,0.00022476439233694816
2025-10-08T17:00:00+00:00,0.00022270074488135123
2025-10-08T18:00:00+00:00,0.0002205207163078135
2025-10-08T19:00:00+00:00,0.00022064209061495267
2025-10-08T20:00:00+00:00,0.0002214644343449796
2025-10-08T21:00:00+00:00,0.00022171957950949467
2025-10-08T22:00:00+00:00,0.00022130131893031507
2025-10-08T23:00:00+00:00,0.00022083480146100042
2025-10-09T00:00:00+00:00,0.0002208999197674068
2025-10-09T01:00:00+00:00,0.00022139394248899043
2025-10-09T02:00:00+00:00,0.00022355101342195314
2025-10-09T03:00:00+00:00,0.00022622501288766658
2025-10-09T04:00:00+00:00,0.00022469590086541855
2025-10-09T05:00:00+00:00,0.00022442728817127972
2025-10-09T06:00:00+00:00,0.00022439646188470995
2025-10-09T07:00:00+00:00,0.00022562202119599968
2025-10-09T08:00:00+00:00,0.00022624687490490608
2025-10-09T09:00:00+00:00,0.00022892108914745405
2025-10-09T10:00:00+00:00,0.0002305821443314926
2025-10-09T11:00:00+00:00,0.0002295977528609534
2025-10-09T12:00:00+00:00,0.00022852669313622366
2025-10-09T13:00:00+00:00,0.00022745621172014352
2025-10-09T14:00:00+00:00,0.0002283957221448905
2025-10-09T15:00:00+00:00,0.00023042384961899265
2025-10-09T16:00:00+00:00,0.00023158211737305735
2025-10-09T17:00:00+00:00,0.00023257396616549112
2025-10-09T18:00:00+00:00,0.00023138954108013513
2025-10-09T19:00:00+00:00,0.0002323269050937199
2025-10-09T20:00:00+00:00,0.00023065147427179606
2025-10-09T21:00:00+00:00,0.00023048875503155986
2025-10-09T22:00:00+00:00,0.00022938990185544968
2025-10-09T23:00:00+00:00,0.00022837403309791297
2025-10-10T00:00:00+00:00,0.00022881370135925317
2025-10-10T01:00:00+00:00,0.00022815613467470065
2025-10-10T02:00:00+00:00,0.00022868063536902235
2025-10-10T03:00:00+00:00,0.00022917470462066966
2025-10-10T04:00:00+00:00,0.0002297819770681329
2025-10-10T05:00:00+00:00,0.0002300903624768499
2025-10-10T06:00:00+00:00,0.0002290105166305915
2025-10-10T07:00:00+00:00,0.00023090878576800862
2025-10-10T08:00:00+00:00,0.00023107528748891407
2025-10-10T09:00:00+00:00,0.00023036419668209503
2025-10-10T10:00:00+00:00,0.00023128975528153423
2025-10-10T11:00:00+00:00,0.00023047534557162004
2025-10-10T12:00:00+00:00,0.0002298483588785585
2025-10-10T13:00:00+00:00,0.0002300351384770333
2025-10-10T14:00:00+00:00,0.0002298415906489653
2025-10-10T15:00:00+00:00,0.00023086757809146204
2025-10-10T16:00:00+00:00,0.0002439333247908905
2025-10-10T17:00:00+00:00,0.00024342752836713406
2025-10-10T18:00:00+00:00,0.0002440305702573646
2025-10-10T19:00:00+00:00,0.000246118534071552
2025-10-10T20:00:00+00:00,0.0002489969229783811
2025-10-10T21:00:00+00:00,0.0002535997162646928
2025-10-10T22:00:00+00:00,0.00026428339822917997
2025-10-10T23:00:00+00:00,0.00026120257157723203
2025-10-11T00:00:00+00:00,0.0002601032871277143
2025-10-11T01:00:00+00:00,0.0002608129795005605
2025-10-11T02:00:00+00:00,0.00026554798365209455
2025-10-11T03:00:00+00:00,0.00025989272705281277
2025-10-11T04:00:00+00:00,0.0002635216733388442
2025-10-11T05:00:00+00:00,0.00026135539229796333
2025-10-11T06:00:00+00:00,0.0002630383258430379
2025-10-11T07:00:00+00:00,0.00026414205646898246
2025-10-11T08:00:00+00:00,0.0002658637456550745
2025-10-11T09:00:00+00:00,0.0002615583304536224
2025-10-11T10:00:00+00:00,0.00026091116065108186
2025-10-11T11:00:00+00:00,0.00026096337108414916
2025-10-11T12:00:00+00:00,0.0002607463862800552
2025-10-11T13:00:00+00:00,0.00026133623045192955
2025-10-11T14:00:00+00:00,0.0002609567836142848
2025-10-11T15:00:00+00:00,0.0002620558671100954
2025-10-11T16:00:00+00:00,0.00026100297775552024
2025-10-11T17:00:00+00:00,0.00026152413799664884
2025-10-11T18:00:00+00:00,0.0002609125184186291
2025-10-11T19:00:00+00:00,0.0002620411342791697
2025-10-11T20:00:00+00:00,0.0002655488682714638
2025-10-11T21:00:00+00:00,0.0002711890973953196
2025-10-11T22:00:00+00:00,0.0002673675644756442
2025-10-11T23:00:00+00:00,0.0002670424166425767
2025-10-12T00:00:00+00:00,0.0002668888951801902
2025-10-12T01:00:00+00:00,0.00026972680318640256
2025-10-12T02:00:00+00:00,0.00026877304038249247
2025-10-12T03:00:00+00:00,0.000267615374908064
2025-10-12T04:00:00+00:00,0.0002646098985421144
2025-10-12T05:00:00+00:00,0.0002629922073826151
2025-10-12T06:00:00+00:00,0.00026231140731537873
2025-10-12T07:00:00+00:00,0.00026067569516083214
2025-10-12T08:00:00+00:00,0.00026101438667825935
2025-10-12T09:00:00+00:00,0.00026126563279173427
2025-10-12T10:00:00+00:00,0.0002601305781009145
2025-10-12T11:00:00+00:00,0.0002616728977170149
2025-10-12T12:00:00+00:00,0.0002614762141584533
2025-10-12T13:00:00+00:00,0.00026105268399603354
2025-10-12T14:00:00+00:00,0.0002620594981172168
2025-10-12T15:00:00+00:00,0.00025233540085713125
2025-10-12T16:00:00+00:00,0.0002462075897175986
2025-10-12T17:00:00+00:00,0.0002435485136539022
2025-10-12T18:00:00+00:00,0.00024217937144941775
2025-10-12T19:00:00+00:00,0.00024335077674164372
2025-10-12T20:00:00+00:00,0.00024174100677416555
2025-10-12T21:00:00+00:00,0.00024093411044914445
2025-10-12T22:00:00+00:00,0.0002414461491389173
2025-10-12T23:00:00+00:00,0.00024137755088785343
2025-10-13T00:00:00+00:00,0.00024023805211323526
2025-10-13T01:00:00+00:00,0.00024072408081231438
2025-10-13T02:00:00+00:00,0.00023934549408610096
2025-10-13T03:00:00+00:00,0.00023985403910511548
2025-10-13T04:00:00+00:00,0.00024153695966288273
2025-10-13T05:00:00+00:00,0.00024134376930727761
2025-10-13T06:00:00+00:00,0.00024186842048374684
2025-10-13T07:00:00+00:00,0.00023965298928274698
2025-10-13T08:00:00+00:00,0.0002396832555566982
2025-10-13T09:00:00+00:00,0.00023907389068998468
2025-10-13T10:00:00+00:00,0.00024017152595362415
2025-10-13T11:00:00+00:00,0.0002405942782866275
2025-10-13T12:00:00+00:00,0.0002451435068609553
2025-10-13T13:00:00+00:00,0.0002435522570166345
2025-10-13T14:00:00+00:00,0.00024104290898742986
2025-10-13T15:00:00+00:00,0.00024436873962304853
2025-10-13T16:00:00+00:00,0.0002417836002007666
2025-10-13T17:00:00+00:00,0.0002398205105130955
2025-10-13T18:00:00+00:00,0.0002374747957692561
2025-10-13T19:00:00+00:00,0.00023693549070246723
2025-10-13T20:00:00+00:00,0.0002343443631094439
2025-10-13T21:00:00+00:00,0.00023432504323212756
2025-10-13T22:00:00+00:00,0.00023473072540087616
2025-10-13T23:00:00+00:00,0.0002339180539391573
2025-10-14T00:00:00+00:00,0.0002356059045892316
2025-10-14T01:00:00+00:00,0.00023623347249151445
2025-10-14T02:00:00+00:00,0.00023763312736393708
2025-10-14T03:00:00+00:00,0.0002392867666876624
2025-10-14T04:00:00+00:00,0.00024041996341658852
2025-10-14T05:00:00+00:00,0.00024419808792671284
2025-10-14T06:00:00+00:00,0.00024552582072649807
2025-10-14T07:00:00+00:00,0.0002502659928449406
2025-10-14T08:00:00+00:00,0.0002512802709637186
2025-10-14T09:00:00+00:00,0.0002501675560870653
2025-10-14T10:00:00+00:00,0.0002510836071403647
2025-10-14T11:00:00+00:00,0.00025427738632923837
2025-10-14T12:00:00+00:00,0.0002515886897790461
2025-10-14T13:00:00+00:00,0.00025301883544716765
2025-10-14T14:00:00+00:00,0.0002527939469023509
2025-10-14T15:00:00+00:00,0.00025136858528499714
2025-10-14T16:00:00+00:00,0.00024639379350143174
2025-10-14T17:00:00+00:00,0.00024175207584485112
2025-10-14T18:00:00+00:00,0.00024305470542263644
2025-10-14T19:00:00+00:00,0.00024284263825942193
2025-10-14T20:00:00+00:00,0.00024356260113498254
2025-10-14T21:00:00+00:00,0.00024277271316537472
2025-10-14T22:00:00+00:00,0.0002424101780482924
2025-10-14T23:00:00+00:00,0.00024299585775995996
2025-10-15T00:00:00+00:00,0.00024204901343330242
2025-10-15T01:00:00+00:00,0.00024302293619852733
2025-10-15T02:00:00+00:00,0.0002429833474054461
2025-10-15T03:00:00+00:00,0.0002425093910607321
2025-10-15T04:00:00+00:00,0.0002449914235736104
2025-10-15T05:00:00+00:00,0.0002428370869008838
2025-10-15T06:00:00+00:00,0.0002433551630978537
2025-10-15T07:00:00+00:00,0.00024280301063875454
2025-10-15T08:00:00+00:00,0.00024255751588156117
2025-10-15T09:00:00+00:00,0.00023903591090613407
2025-10-15T10:00:00+00:00,0.00024111783027997067
2025-10-15T11:00:00+00:00,0.00024252958723310926
2025-10-15T12:00:00+00:00,0.00024371113156131956
2025-10-15T13:00:00+00:00,0.00024400811789796983
2025-10-15T14:00:00+00:00,0.0002466867441999267
2025-10-15T15:00:00+00:00,0.0002503182586449944
2025-10-15T16:00:00+00:00,0.0002514432990397826
2025-10-15T17:00:00+00:00,0.0002513556238800696
2025-10-15T18:00:00+00:00,0.0002502267870833242
2025-10-15T19:00:00+00:00,0.00024980209213298704
2025-10-15T20:00:00+00:00,0.0002511644932307676
2025-10-15T21:00:00+00:00,0.000251717752020656
2025-10-15T22:00:00+00:00,0.00025351204801347005
2025-10-15T23:00:00+00:00,0.0002521424656770712
2025-10-16T00:00:00+00:00,0.0002510690997410028
2025-10-16T01:00:00+00:00,0.00025091846260670147
2025-10-16T02:00:00+00:00,0.00024937496793628653
2025-10-16T03:00:00+00:00,0.0002480574742406428
2025-10-16T04:00:00+00:00,0.00024896973445126053
2025-10-16T05:00:00+00:00,0.00024980516593904936
2025-10-16T06:00:00+00:00,0.0002499064509134327
2025-10-16T07:00:00+00:00,0.000247461703845098
2025-10-16T08:00:00+00:00,0.00025007720043738275
2025-10-16T09:00:00+00:00,0.0002503683638848425
2025-10-16T10:00:00+00:00,0.00024820402302955377
2025-10-16T11:00:00+00:00,0.0002462866487879306
2025-10-16T12:00:00+00:00,0.0002462061079768484
2025-10-16T13:00:00+00:00,0.00024651342352863037
2025-10-16T14:00:00+00:00,0.0002484358401659638
2025-10-16T15:00:00+00:00,0.0002485786162812096
2025-10-16T16:00:00+00:00,0.00025549364387737885
2025-10-16T17:00:00+00:00,0.00025453274435411553
2025-10-16T18:00:00+00:00,0.00025467361600111597
2025-10-16T19:00:00+00:00,0.0002560338328054182
2025-10-16T20:00:00+00:00,0.0002572394617410385
2025-10-16T21:00:00+00:00,0.00025968696569514025
2025-10-16T22:00:00+00:00,0.00025793953400345316
2025-10-16T23:00:00+00:00,0.0002579692539615084
2025-10-17T00:00:00+00:00,0.0002567822361713905
2025-10-17T01:00:00+00:00,0.0002547562897346104
2025-10-17T02:00:00+00:00,0.00025568083357152766
2025-10-17T03:00:00+00:00,0.0002550485973297851
2025-10-17T04:00:00+00:00,0.0002542680613461402
2025-10-17T05:00:00+00:00,0.00025549934953206357
2025-10-17T06:00:00+00:00,0.0002560780014770766
2025-10-17T07:00:00+00:00,0.00026147621110550966
2025-10-17T08:00:00+00:00,0.0002656190256192777
2025-10-17T09:00:00+00:00,0.0002691898438538738
2025-10-17T10:00:00+00:00,0.00026712473347333457
2025-10-17T11:00:00+00:00,0.00026817022162845043
2025-10-17T12:00:00+00:00,0.0002646785468750181
2025-10-17T13:00:00+00:00,0.0002645280664824735
2025-10-17T14:00:00+00:00,0.00026309781765633994
2025-10-17T15:00:00+00:00,0.0002658261621123579
2025-10-17T16:00:00+00:00,0.0002637583966444262
2025-10-17T17:00:00+00:00,0.0002633782497088315
2025-10-17T18:00:00+00:00,0.0002618435907610934
2025-10-17T19:00:00+00:00,0.0002607421127782576
2025-10-17T20:00:00+00:00,0.0002608950902108777
2025-10-17T21:00:00+00:00,0.00025914390609417905
2025-10-17T22:00:00+00:00,0.00025787467345306036
2025-10-17T23:00:00+00:00,0.00025953832965977536
2025-10-18T00:00:00+00:00,0.0002609929585691063
2025-10-18T01:00:00+00:00,0.00026034013778578226
2025-10-18T02:00:00+00:00,0.0002587333993670299
2025-10-18T03:00:00+00:00,0.00025965176593567986
2025-10-18T04:00:00+00:00,0.0002582530155546214
2025-10-18T05:00:00+00:00,0.0002600448298951934
2025-10-18T06:00:00+00:00,0.00025853706505656873
2025-10-18T07:00:00+00:00,0.00025803878336919523
2025-10-18T08:00:00+00:00,0.00025636549907554705
2025-10-18T09:00:00+00:00,0.0002576646044674771
2025-10-18T10:00:00+00:00,0.00025765973455705145
2025-10-18T11:00:00+00:00,0.0002576016137385931
2025-10-18T12:00:00+00:00,0.0002578820263271136
2025-10-18T13:00:00+00:00,0.00025745336382511363
2025-10-18T14:00:00+00:00,0.00025834865764270655
2025-10-18T15:00:00+00:00,0.0002580068314619818
2025-10-18T16:00:00+00:00,0.00025770748155888557
2025-10-18T17:00:00+00:00,0.00025863550577518416
2025-10-18T18:00:00+00:00,0.00025732882571206803
2025-10-18T19:00:00+00:00,0.00025721812547715853
2025-10-18T20:00:00+00:00,0.00025670207830496064
2025-10-18T21:00:00+00:00,0.00025729061466949236
2025-10-18T22:00:00+00:00,0.0002567975278092719
2025-10-18T23:00:00+00:00,0.0002572692347261478
2025-10-19T00:00:00+00:00,0.00025703465798778877
2025-10-19T01:00:00+00:00,0.0002582643422637589
2025-10-19T02:00:00+00:00,0.00025837598972808847
2025-10-19T03:00:00+00:00,0.0002582496564586436
2025-10-19T04:00:00+00:00,0.00025585821921689114
2025-10-19T05:00:00+00:00,0.00025601284912484646
2025-10-19T06:00:00+00:00,0.0002566577618931517
2025-10-19T07:00:00+00:00,0.00025807105170829847
2025-10-19T08:00:00+00:00,0.000257280399793893
2025-10-19T09:00:00+00:00,0.0002585071075799347
2025-10-19T10:00:00+00:00,0.000255225832014054
2025-10-19T11:00:00+00:00,0.0002548930338366777
2025-10-19T12:00:00+00:00,0.0002548624466627265
2025-10-19T13:00:00+00:00,0.00025503651517809836
2025-10-19T14:00:00+00:00,0.0002526298893196417
2025-10-19T15:00:00+00:00,0.0002504721884488959
2025-10-19T16:00:00+00:00,0.0002513477093727082
2025-10-19T17:00:00+00:00,0.00025099931893409584
2025-10-19T18:00:00+00:00,0.00025032112707250873
2025-10-19T19:00:00+00:00,0.0002496096140532262
2025-10-19T20:00:00+00:00,0.0002505844564790403
2025-10-19T21:00:00+00:00,0.00025021285515969055
2025-10-19T22:00:00+00:00,0.00025078127775847973
2025-10-19T23:00:00+00:00,0.00024842856709106164
2025-10-20T00:00:00+00:00,0.0002511732242760887
2025-10-20T01:00:00+00:00,0.0002538275319069528
2025-10-20T02:00:00+00:00,0.00025406076582211397
2025-10-20T03:00:00+00:00,0.00025277312248585086
2025-10-20T04:00:00+00:00,0.0002486980102433767
2025-10-20T05:00:00+00:00,0.00024706345344855865
2025-10-20T06:00:00+00:00,0.00024580193654354543
2025-10-20T07:00:00+00:00,0.00024536485590648884
2025-10-20T08:00:00+00:00,0.0002457897724157859
2025-10-20T09:00:00+00:00,0.0002470616760075679
2025-10-20T10:00:00+00:00,0.0002471880762080178
2025-10-20T11:00:00+00:00,0.0002485508565592733
2025-10-20T12:00:00+00:00,0.00024752538296116025
2025-10-20T13:00:00+00:00,0.0002479807821341032
2025-10-20T14:00:00+00:00,0.00024753838985647485
2025-10-20T15:00:00+00:00,0.0002473943245850541
2025-10-20T16:00:00+00:00,0.00024753024846307594
2025-10-20T17:00:00+00:00,0.0002539896483761012
2025-10-20T18:00:00+00:00,0.00025313297423861316
2025-10-20T19:00:00+00:00,0.00025199095321208685
2025-10-20T20:00:00+00:00,0.00025068309668749376
2025-10-20T21:00:00+00:00,0.0002501586863028811
2025-10-20T22:00:00+00:00,0.00025139379791384853
2025-10-20T23:00:00+00:00,0.00025070914885726446
2025-10-21T00:00:00+00:00,0.0002513095821031743
2025-10-21T01:00:00+00:00,0.00025191814672831283
2025-10-21T02:00:00+00:00,0.00025340869832161424
2025-10-21T03:00:00+00:00,0.00025427264787215143
2025-10-21T04:00:00+00:00,0.0002551750374691797
2025-10-21T05:00:00+00:00,0.000259371730602755
2025-10-21T06:00:00+00:00,0.00025885138418130357
2025-10-21T07:00:00+00:00,0.00025713386457637424
2025-10-21T08:00:00+00:00,0.00025679266390079186
2025-10-21T09:00:00+00:00,0.0002589118244036087
2025-10-21T10:00:00+00:00,0.00025875157343978816
2025-10-21T11:00:00+00:00,0.00025718125128051006
2025-10-21T12:00:00+00:00,0.0002567885621921264
2025-10-21T13:00:00+00:00,0.0002568941284497424
2025-10-21T14:00:00+00:00,0.00025912668162005487
2025-10-21T15:00:00+00:00,0.00025061294856694
2025-10-21T16:00:00+00:00,0.00024517649234224076
2025-10-21T17:00:00+00:00,0.0002451464707889538
2025-10-21T18:00:00+00:00,0.00024867294581206557
2025-10-21T19:00:00+00:00,0.0002490740279987048
2025-10-21T20:00:00+00:00,0.000249052507895395
2025-10-21T21:00:00+00:00,0.0002524079541698205
2025-10-21T22:00:00+00:00,0.000253483050876244
2025-10-21T23:00:00+00:00,0.000256139056300819
2025-10-22T00:00:00+00:00,0.0002578514568560711
2025-10-22T01:00:00+00:00,0.0002601177600771444
2025-10-22T02:00:00+00:00,0.00025904810420415746
2025-10-22T03:00:00+00:00,0.00025853019681195853
2025-10-22T04:00:00+00:00,0.00025908415363870037
2025-10-22T05:00:00+00:00,0.00025822491615123423
2025-10-22T06:00:00+00:00,0.00025891901439713716
2025-10-22T07:00:00+00:00,0.00025874482791501794
2025-10-22T08:00:00+00:00,0.0002586477263125594
2025-10-22T09:00:00+00:00,0.0002592791093308309
2025-10-22T10:00:00+00:00,0.0002603437917041463
2025-10-22T11:00:00+00:00,0.0002609149623144066
2025-10-22T12:00:00+00:00,0.0002613750658744956
2025-10-22T13:00:00+00:00,0.0002598732247562111
2025-10-22T14:00:00+00:00,0.000259402937996065
2025-10-22T15:00:00+00:00,0.0002618239875929959
2025-10-22T16:00:00+00:00,0.0002603389451117199
2025-10-22T17:00:00+00:00,0.00025975164799999894
2025-10-22T18:00:00+00:00,0.0002632402401279965
2025-10-22T19:00:00+00:00,0.0002631934151740544
2025-10-22T20:00:00+00:00,0.0002627726842801434
2025-10-22T21:00:00+00:00,0.0002644736468448526
2025-10-22T22:00:00+00:00,0.0002664078924093948
2025-10-22T23:00:00+00:00,0.00026655893543918463
2025-10-23T00:00:00+00:00,0.00026276805921581766
2025-10-23T01:00:00+00:00,0.0002617085540527774
2025-10-23T02:00:00+00:00,0.00026154618433641086
2025-10-23T03:00:00+00:00,0.00026164023260817805
2025-10-23T04:00:00+00:00,0.0002614083425842971
2025-10-23T05:00:00+00:00,0.0002606221604073274
2025-10-23T06:00:00+00:00,0.00025987973825585616
2025-10-23T07:00:00+00:00,0.00025736453429327965
2025-10-23T08:00:00+00:00,0.0002576387033787435
2025-10-23T09:00:00+00:00,0.0002570687028332477
2025-10-23T10:00:00+00:00,0.0002574776704153425
2025-10-23T11:00:00+00:00,0.0002576932089967169
2025-10-23T12:00:00+00:00,0.0002587085628610678
2025-10-23T13:00:00+00:00,0.00025987942950350153
2025-10-23T14:00:00+00:00,0.00025962502299414953
2025-10-23T15:00:00+00:00,0.00026023655906961304
2025-10-23T16:00:00+00:00,0.00025735132484279086
2025-10-23T17:00:00+00:00,0.0002549990076509573
2025-10-23T18:00:00+00:00,0.0002551271642949829
2025-10-23T19:00:00+00:00,0.00025854778530603383
2025-10-23T20:00:00+00:00,0.00025879722025187415
2025-10-23T21:00:00+00:00,0.00025969097288968193
2025-10-23T22:00:00+00:00,0.0002607259548804868
2025-10-23T23:00:00+00:00,0.0002595956417823261
2025-10-24T00:00:00+00:00,0.0002594374324468904
2025-10-24T01:00:00+00:00,0.0002584802299504231
2025-10-24T02:00:00+00:00,0.00025827183127839776
2025-10-24T03:00:00+00:00,0.0002572845100294199
2025-10-24T04:00:00+00:00,0.0002574503168754296
2025-10-24T05:00:00+00:00,0.00025172032688947294
2025-10-24T06:00:00+00:00,0.00025132564692120475
2025-10-24T07:00:00+00:00,0.00025122539274964866
2025-10-24T08:00:00+00:00,0.0002532844302360265
2025-10-24T09:00:00+00:00,0.0002529831209096085
2025-10-24T10:00:00+00:00,0.00025250854793143566
2025-10-24T11:00:00+00:00,0.00025258589576065136
2025-10-24T12:00:00+00:00,0.0002532063542534429
2025-10-24T13:00:00+00:00,0.00025212713658597966
2025-10-24T14:00:00+00:00,0.00025381622223266
2025-10-24T15:00:00+00:00,0.0002564870092237252
2025-10-24T16:00:00+00:00,0.0002570491414123591
2025-10-24T17:00:00+00:00,0.0002576569740722093
2025-10-24T18:00:00+00:00,0.0002569456021404657
2025-10-24T19:00:00+00:00,0.0002557245667717333
2025-10-24T20:00:00+00:00,0.000254241959940111
2025-10-24T21:00:00+00:00,0.00025399684730851847
2025-10-24T22:00:00+00:00,0.00025390866477546326
2025-10-24T23:00:00+00:00,0.00025442491039218807
2025-10-25T00:00:00+00:00,0.0002543238229705647
2025-10-25T01:00:00+00:00,0.00025512539614973084
2025-10-25T02:00:00+00:00,0.00025418379742982356
2025-10-25T03:00:00+00:00,0.0002541264200009078
2025-10-25T04:00:00+00:00,0.0002547424160225494
2025-10-25T05:00:00+00:00,0.0002548288827684991
2025-10-25T06:00:00+00:00,0.000254400148004038
2025-10-25T07:00:00+00:00,0.0002543637779868506
2025-10-25T08:00:00+00:00,0.0002545674087390768
2025-10-25T09:00:00+00:00,0.0002530649722818353
2025-10-25T10:00:00+00:00,0.00025358513879975264
2025-10-25T11:00:00+00:00,0.0002536889744431831
2025-10-25T12:00:00+00:00,0.000253716416782395
2025-10-25T13:00:00+00:00,0.0002533555824410985
2025-10-25T14:00:00+00:00,0.00025375522852405313
2025-10-25T15:00:00+00:00,0.0002541097954603631
2025-10-25T16:00:00+00:00,0.0002542576663552973
2025-10-25T17:00:00+00:00,0.00025406866284655974
2025-10-25T18:00:00+00:00,0.000253739390837689
2025-10-25T19:00:00+00:00,0.0002515654585649181
2025-10-25T20:00:00+00:00,0.0002513791957346516
2025-10-25T21:00:00+00:00,0.00025188995248121086
2025-10-25T22:00:00+00:00,0.00025337641904094835
2025-10-25T23:00:00+00:00,0.0002524222577153298
2025-10-26T00:00:00+00:00,0.000252926118455895
2025-10-26T01:00:00+00:00,0.0002530894305164198
2025-10-26T02:00:00+00:00,0.0002536213389716172
2025-10-26T03:00:00+00:00,0.0002544830393908373
2025-10-26T04:00:00+00:00,0.0002545448527681591
2025-10-26T05:00:00+00:00,0.0002539005729983246
2025-10-26T06:00:00+00:00,0.00025336248219939747
2025-10-26T07:00:00+00:00,0.0002535979184336742
2025-10-26T08:00:00+00:00,0.0002531288966013851
2025-10-26T09:00:00+00:00,0.000252733027907432
2025-10-26T10:00:00+00:00,0.00025105215408943786
2025-10-26T11:00:00+00:00,0.00025084663960579345
2025-10-26T12:00:00+00:00,0.0002472457064485964
2025-10-26T13:00:00+00:00,0.0002455256959172791
2025-10-26T14:00:00+00:00,0.0002449870238322836
2025-10-26T15:00:00+00:00,0.0002459322762334557
2025-10-26T16:00:00+00:00,0.0002455866066130525
2025-10-26T17:00:00+00:00,0.0002466807308753779
2025-10-26T18:00:00+00:00,0.0002460225899889752
2025-10-26T19:00:00+00:00,0.00024566716883245087
2025-10-26T20:00:00+00:00,0.00024590346504292366
2025-10-26T21:00:00+00:00,0.0002458061298409021
2025-10-26T22:00:00+00:00,0.0002448800809241178
2025-10-26T23:00:00+00:00,0.0002402261223610772
2025-10-27T00:00:00+00:00,0.00024005488274740403
2025-10-27T01:00:00+00:00,0.00023994221375235337
2025-10-27T02:00:00+00:00,0.00023854376197778195
2025-10-27T03:00:00+00:00,0.00023791183551386235
2025-10-27T04:00:00+00:00,0.00023774916330298633
2025-10-27T05:00:00+00:00,0.00023730840870748727
2025-10-27T06:00:00+00:00,0.00023641880512291505
2025-10-27T07:00:00+00:00,0.00023627458165243904
2025-10-27T08:00:00+00:00,0.00023794574639073016
2025-10-27T09:00:00+00:00,0.00023999607038384304
2025-10-27T10:00:00+00:00,0.00024049185742827957
2025-10-27T11:00:00+00:00,0.00023984228879974804
2025-10-27T12:00:00+00:00,0.00024039558630365303
2025-10-27T13:00:00+00:00,0.0002413241380885024
2025-10-27T14:00:00+00:00,0.0002400588282069112
2025-10-27T15:00:00+00:00,0.00024100637521715578
2025-10-27T16:00:00+00:00,0.00023958727468231523
2025-10-27T17:00:00+00:00,0.00023745946954640304
2025-10-27T18:00:00+00:00,0.00023688344163120555
2025-10-27T19:00:00+00:00,0.00023720691723572412
2025-10-27T20:00:00+00:00,0.00023791266757455549
2025-10-27T21:00:00+00:00,0.0002417555992332746
2025-10-27T22:00:00+00:00,0.00024221374056581963
2025-10-27T23:00:00+00:00,0.0002428229628090613
2025-10-28T00:00:00+00:00,0.0002427714375500632
2025-10-28T01:00:00+00:00,0.00024278524995040103
2025-10-28T02:00:00+00:00,0.000241760172547693
2025-10-28T03:00:00+00:00,0.00024419695351898357
2025-10-28T04:00:00+00:00,0.0002446623422065528
2025-10-28T05:00:00+00:00,0.00024371566980446431
2025-10-28T06:00:00+00:00,0.0002454492266390501
2025-10-28T07:00:00+00:00,0.00024337819704736626
2025-10-28T08:00:00+00:00,0.00024302923669470417
2025-10-28T09:00:00+00:00,0.00024256791489619386
2025-10-28T10:00:00+00:00,0.00024258285109827346
2025-10-28T11:00:00+00:00,0.0002430913131383757
2025-10-28T12:00:00+00:00,0.00024313653113679627
2025-10-28T13:00:00+00:00,0.0002420996260705943
2025-10-28T14:00:00+00:00,0.00024069342538289289
2025-10-28T15:00:00+00:00,0.00024322258436569195
2025-10-28T16:00:00+00:00,0.000244010903934203
2025-10-28T17:00:00+00:00,0.00024205883456991667
2025-10-28T18:00:00+00:00,0.0002415531098193439
2025-10-28T19:00:00+00:00,0.0002432695959766448
2025-10-28T20:00:00+00:00,0.00024730949376775056
2025-10-28T21:00:00+00:00,0.00025075204547574445
2025-10-28T22:00:00+00:00,0.000251433561958843
2025-10-28T23:00:00+00:00,0.00025024317601361865
2025-10-29T00:00:00+00:00,0.00025113135160420347
2025-10-29T01:00:00+00:00,0.0002517553367720192
2025-10-29T02:00:00+00:00,0.00025103763737428195
2025-10-29T03:00:00+00:00,0.00024989582150855745
2025-10-29T04:00:00+00:00,0.0002501538962788135
2025-10-29T05:00:00+00:00,0.00024906679208265206
2025-10-29T06:00:00+00:00,0.00024835951064481617
2025-10-29T07:00:00+00:00,0.0002484635242367359
2025-10-29T08:00:00+00:00,0.0002483489381345462
2025-10-29T09:00:00+00:00,0.00024941764857356
2025-10-29T10:00:00+00:00,0.0002499604860116931
2025-10-29T11:00:00+00:00,0.00025039249218081113
2025-10-29T12:00:00+00:00,0.00024913181557185705
2025-10-29T13:00:00+00:00,0.000249179044242854
2025-10-29T14:00:00+00:00,0.00025010330769269804
2025-10-29T15:00:00+00:00,0.0002509291139463299
2025-10-29T16:00:00+00:00,0.0002532577115219282
2025-10-29T17:00:00+00:00,0.0002523408131220061
2025-10-29T18:00:00+00:00,0.0002495865931003093
2025-10-29T19:00:00+00:00,0.0002564434614149589
2025-10-29T20:00:00+00:00,0.00025525242447626975
2025-10-29T21:00:00+00:00,0.00025321155673410206
2025-10-29T22:00:00+00:00,0.0002525686797279747
2025-10-29T23:00:00+00:00,0.00025343348711258655
2025-10-30T00:00:00+00:00,0.000256743230986659
2025-10-30T01:00:00+00:00,0.0002558289698622615
2025-10-30T02:00:00+00:00,0.00025463862549687886
2025-10-30T03:00:00+00:00,0.00025344439367903335
2025-10-30T04:00:00+00:00,0.000254289727834389
2025-10-30T05:00:00+00:00,0.00025835097645367905
2025-10-30T06:00:00+00:00,0.0002550525342327458
2025-10-30T07:00:00+00:00,0.00025517362647279446
2025-10-30T08:00:00+00:00,0.00025388638405958615
2025-10-30T09:00:00+00:00,0.0002547202812915262
2025-10-30T10:00:00+00:00,0.00025599667484583387
2025-10-30T11:00:00+00:00,0.00025677980595115293
2025-10-30T12:00:00+00:00,0.000257636424099876
2025-10-30T13:00:00+00:00,0.0002624579659491337
