datetime_utc,price_in_eth
2025-08-01T14:00:00+00:00,0.0002783207564222189
2025-08-01T15:00:00+00:00,0.0002759632997773791
2025-08-01T16:00:00+00:00,0.00027667645769669777
2025-08-01T17:00:00+00:00,0.00027969887192215713
2025-08-01T18:00:00+00:00,0.0002801222251898534
2025-08-01T19:00:00+00:00,0.00028110524027680363
2025-08-01T20:00:00+00:00,0.00028429980000758265
2025-08-01T21:00:00+00:00,0.00028257592672947216
2025-08-01T22:00:00+00:00,0.0002823416054757091
2025-08-01T23:00:00+00:00,0.00028866344856878453
2025-08-02T00:00:00+00:00,0.0002864560904382248
2025-08-02T01:00:00+00:00,0.00028425515398252055
2025-08-02T02:00:00+00:00,0.0002847824739743546
2025-08-02T03:00:00+00:00,0.00028368188427190617
2025-08-02T04:00:00+00:00,0.0002835097640405078
2025-08-02T05:00:00+00:00,0.00028301406551818316
2025-08-02T06:00:00+00:00,0.0002841605816868773
2025-08-02T07:00:00+00:00,0.00028762661782201303
2025-08-02T08:00:00+00:00,0.0002842192399081321
2025-08-02T09:00:00+00:00,0.0002863565611924097
2025-08-02T10:00:00+00:00,0.00028644699806577937
2025-08-02T11:00:00+00:00,0.00028662034590236834
2025-08-02T12:00:00+00:00,0.0002851154384670784
2025-08-02T13:00:00+00:00,0.00028499588300324666
2025-08-02T14:00:00+00:00,0.0002848726673625994
2025-08-02T15:00:00+00:00,0.0002877419916177332
2025-08-02T16:00:00+00:00,0.0002891979280405537
2025-08-02T17:00:00+00:00,0.0002882810920971081
2025-08-02T18:00:00+00:00,0.00029203598867959615
2025-08-02T19:00:00+00:00,0.00029570931549048417
2025-08-02T20:00:00+00:00,0.000294001640313452
2025-08-02T21:00:00+00:00,0.0002926195063684699
2025-08-02T22:00:00+00:00,0.00029244800901158765
2025-08-02T23:00:00+00:00,0.0002927233743451134
2025-08-03T00:00:00+00:00,0.00029396615568259116
2025-08-03T01:00:00+00:00,0.00029357531104876993
2025-08-03T02:00:00+00:00,0.00029277715976285565
2025-08-03T03:00:00+00:00,0.00029044642390035956
2025-08-03T04:00:00+00:00,0.0002900357975482907
2025-08-03T05:00:00+00:00,0.00029079397965582946
2025-08-03T06:00:00+00:00,0.00029031057380223045
2025-08-03T07:00:00+00:00,0.0002904583832440102
2025-08-03T08:00:00+00:00,0.0002893497088832483
2025-08-03T09:00:00+00:00,0.0002888877130091777
2025-08-03T10:00:00+00:00,0.0002886055608448431
2025-08-03T11:00:00+00:00,0.00028664295650268975
2025-08-03T12:00:00+00:00,0.0002869475608684478
2025-08-03T13:00:00+00:00,0.0002860046319270369
2025-08-03T14:00:00+00:00,0.0002864318693723926
2025-08-03T15:00:00+00:00,0.000287842358406685
2025-08-03T16:00:00+00:00,0.0002877218495711225
2025-08-03T17:00:00+00:00,0.00028636659143006175
2025-08-03T18:00:00+00:00,0.0002866863124439569
2025-08-03T19:00:00+00:00,0.00028622155502920534
2025-08-03T20:00:00+00:00,0.0002858488222553349
2025-08-03T21:00:00+00:00,0.0002863607859037884
2025-08-03T22:00:00+00:00,0.00028551568137594847
2025-08-03T23:00:00+00:00,0.00028529510807395595
2025-08-04T00:00:00+00:00,0.0002858107189803282
2025-08-04T01:00:00+00:00,0.0002819503353803976
2025-08-04T02:00:00+00:00,0.00028265985419956345
2025-08-04T03:00:00+00:00,0.00028024192873734455
2025-08-04T04:00:00+00:00,0.0002808924029502506
2025-08-04T05:00:00+00:00,0.00028256078609822585
2025-08-04T06:00:00+00:00,0.00028290383951192605
2025-08-04T07:00:00+00:00,0.00028237168950447837
2025-08-04T08:00:00+00:00,0.0002812308948096411
2025-08-04T09:00:00+00:00,0.0002814894186588862
2025-08-04T10:00:00+00:00,0.00028182407669924837
2025-08-04T11:00:00+00:00,0.0002810577475991377
2025-08-04T12:00:00+00:00,0.0002811989141988987
2025-08-04T13:00:00+00:00,0.00028004235624595975
2025-08-04T14:00:00+00:00,0.0002762525520157012
2025-08-04T15:00:00+00:00,0.00027475119900603116
2025-08-04T16:00:00+00:00,0.00027411866100213124
2025-08-04T17:00:00+00:00,0.00027105823205671116
2025-08-04T18:00:00+00:00,0.0002712905499527912
2025-08-04T19:00:00+00:00,0.00027193823771370397
2025-08-04T20:00:00+00:00,0.0002726782262651344
2025-08-04T21:00:00+00:00,0.00026991757090157775
2025-08-04T22:00:00+00:00,0.0002688733270799042
2025-08-04T23:00:00+00:00,0.0002680191965282544
2025-08-05T00:00:00+00:00,0.0002690498801295979
2025-08-05T01:00:00+00:00,0.00027033937029033174
2025-08-05T02:00:00+00:00,0.00027151672820198257
2025-08-05T03:00:00+00:00,0.00027179026492244943
2025-08-05T04:00:00+00:00,0.00027368330571771535
2025-08-05T05:00:00+00:00,0.00027386737659562346
2025-08-05T06:00:00+00:00,0.00027240045148578014
2025-08-05T07:00:00+00:00,0.00027413948632563695
2025-08-05T08:00:00+00:00,0.0002767678678801975
2025-08-05T09:00:00+00:00,0.0002750457276834305
2025-08-05T10:00:00+00:00,0.00027319333434838895
2025-08-05T11:00:00+00:00,0.0002720019458859033
2025-08-05T12:00:00+00:00,0.0002724496945116493
2025-08-05T13:00:00+00:00,0.0002753891019854252
2025-08-05T14:00:00+00:00,0.0002739037855729107
2025-08-05T15:00:00+00:00,0.0002799357599142713
2025-08-05T16:00:00+00:00,0.0002804525079747967
2025-08-05T17:00:00+00:00,0.0002792910690494034
2025-08-05T18:00:00+00:00,0.0002775760164541082
2025-08-05T19:00:00+00:00,0.00027972254972050603
2025-08-05T20:00:00+00:00,0.0002798772222217782
2025-08-05T21:00:00+00:00,0.0002793762896012646
2025-08-05T22:00:00+00:00,0.00028081800596436865
2025-08-05T23:00:00+00:00,0.0002777316497051137
2025-08-06T00:00:00+00:00,0.0002768029573279795
2025-08-06T01:00:00+00:00,0.0002794711772061785
2025-08-06T02:00:00+00:00,0.00027854212723054154
2025-08-06T03:00:00+00:00,0.00027855358104030193
2025-08-06T04:00:00+00:00,0.0002790754974663565
2025-08-06T05:00:00+00:00,0.0002796037551215454
2025-08-06T06:00:00+00:00,0.00027529530035604174
2025-08-06T07:00:00+00:00,0.0002751867186744782
2025-08-06T08:00:00+00:00,0.0002747782464364561
2025-08-06T09:00:00+00:00,0.0002762506390508519
2025-08-06T10:00:00+00:00,0.0002755975781404449
2025-08-06T11:00:00+00:00,0.00027635248180089036
2025-08-06T12:00:00+00:00,0.00027613615992352225
2025-08-06T13:00:00+00:00,0.0002789707608355486
2025-08-06T14:00:00+00:00,0.00027666777650628665
2025-08-06T15:00:00+00:00,0.00027544875449883995
2025-08-06T16:00:00+00:00,0.0002726540491562934
2025-08-06T17:00:00+00:00,0.0002742318120453828
2025-08-06T18:00:00+00:00,0.0002714057948182422
2025-08-06T19:00:00+00:00,0.0002715660676362389
2025-08-06T20:00:00+00:00,0.00027179754386011867
2025-08-06T21:00:00+00:00,0.0002718084482406308
2025-08-06T22:00:00+00:00,0.00027260323863105627
2025-08-06T23:00:00+00:00,0.00027163771700518507
2025-08-07T00:00:00+00:00,0.0002713877281050184
2025-08-07T01:00:00+00:00,0.0002721071196879606
2025-08-07T02:00:00+00:00,0.0002726100620771558
2025-08-07T03:00:00+00:00,0.00027327230907919927
2025-08-07T04:00:00+00:00,0.00027314986516748137
2025-08-07T05:00:00+00:00,0.0002730135837153954
2025-08-07T06:00:00+00:00,0.0002710915559810283
2025-08-07T07:00:00+00:00,0.00027031211961262155
2025-08-07T08:00:00+00:00,0.0002696541074393697
2025-08-07T09:00:00+00:00,0.00026871977507348554
2025-08-07T10:00:00+00:00,0.00026699006696390907
2025-08-07T11:00:00+00:00,0.0002616514719965904
2025-08-07T12:00:00+00:00,0.000260869102569532
2025-08-07T13:00:00+00:00,0.0002600051503476098
2025-08-07T14:00:00+00:00,0.0002596275693021602
2025-08-07T15:00:00+00:00,0.00026192942761855606
2025-08-07T16:00:00+00:00,0.00026054269967495865
2025-08-07T17:00:00+00:00,0.0002620261898452132
2025-08-07T18:00:00+00:00,0.00026123500552641837
2025-08-07T19:00:00+00:00,0.0002613204347814895
2025-08-07T20:00:00+00:00,0.0002589882689559948
2025-08-07T21:00:00+00:00,0.0002581861128052654
2025-08-07T22:00:00+00:00,0.00025820906878120173
2025-08-07T23:00:00+00:00,0.0002552347549164255
2025-08-08T00:00:00+00:00,0.00025585620665952955
2025-08-08T01:00:00+00:00,0.0002562397263738323
2025-08-08T02:00:00+00:00,0.0002573589297981996
2025-08-08T03:00:00+00:00,0.0002563739516822395
2025-08-08T04:00:00+00:00,0.000254357685764314
2025-08-08T05:00:00+00:00,0.0002549370776177294
2025-08-08T06:00:00+00:00,0.00025610934444990325
2025-08-08T07:00:00+00:00,0.00025563156681016
2025-08-08T08:00:00+00:00,0.0002550688993735349
2025-08-08T09:00:00+00:00,0.00025673873037605565
2025-08-08T10:00:00+00:00,0.0002563150075832576
2025-08-08T11:00:00+00:00,0.0002564477350229376
2025-08-08T12:00:00+00:00,0.00025523353367265994
2025-08-08T13:00:00+00:00,0.0002566474730786681
2025-08-08T14:00:00+00:00,0.0002501333667366442
2025-08-08T15:00:00+00:00,0.0002518168939174365
2025-08-08T16:00:00+00:00,0.000253377621533615
2025-08-08T17:00:00+00:00,0.00025199958106812497
2025-08-08T18:00:00+00:00,0.0002480280985526038
2025-08-08T19:00:00+00:00,0.0002468466612565315
2025-08-08T20:00:00+00:00,0.000246441873818104
2025-08-08T21:00:00+00:00,0.00024651131939978156
2025-08-08T22:00:00+00:00,0.00024725378809095216
2025-08-08T23:00:00+00:00,0.0002482582008326654
2025-08-09T00:00:00+00:00,0.0002491430578610447
2025-08-09T01:00:00+00:00,0.0002489293851119932
2025-08-09T02:00:00+00:00,0.0002479374403876474
2025-08-09T03:00:00+00:00,0.0002478042756273555
2025-08-09T04:00:00+00:00,0.00024685289844870485
2025-08-09T05:00:00+00:00,0.0002450089754573874
2025-08-09T06:00:00+00:00,0.00023954204486486497
2025-08-09T07:00:00+00:00,0.00024018409264782133
2025-08-09T08:00:00+00:00,0.00023972727595791488
2025-08-09T09:00:00+00:00,0.00023909436906909972
2025-08-09T10:00:00+00:00,0.00023686382269039267
2025-08-09T11:00:00+00:00,0.000237065297959163
2025-08-09T12:00:00+00:00,0.00023867032462629282
2025-08-09T13:00:00+00:00,0.00023828975827859427
2025-08-09T14:00:00+00:00,0.00023984931677854682
2025-08-09T15:00:00+00:00,0.0002381110376810078
2025-08-09T16:00:00+00:00,0.00023757334641651257
2025-08-09T17:00:00+00:00,0.00023763824770908326
2025-08-09T18:00:00+00:00,0.000236208872380112
2025-08-09T19:00:00+00:00,0.0002355671678275099
2025-08-09T20:00:00+00:00,0.0002345635239084506
2025-08-09T21:00:00+00:00,0.00023333209277401362
2025-08-09T22:00:00+00:00,0.0002334177264150541
2025-08-09T23:00:00+00:00,0.00023449659858604632
2025-08-10T00:00:00+00:00,0.00023441082103257512
2025-08-10T01:00:00+00:00,0.0002324615102105701
2025-08-10T02:00:00+00:00,0.00023260737287304664
2025-08-10T03:00:00+00:00,0.0002352209884632192
2025-08-10T04:00:00+00:00,0.00023579343943116863
2025-08-10T05:00:00+00:00,0.00023531707995276486
2025-08-10T06:00:00+00:00,0.00023669753229052173
2025-08-10T07:00:00+00:00,0.00023650780042283774
2025-08-10T08:00:00+00:00,0.00023890305052259858
2025-08-10T09:00:00+00:00,0.00023730581939992922
2025-08-10T10:00:00+00:00,0.00023669597797605632
2025-08-10T11:00:00+00:00,0.0002382157631903388
2025-08-10T12:00:00+00:00,0.00023890578530131015
2025-08-10T13:00:00+00:00,0.0002378871422488598
2025-08-10T14:00:00+00:00,0.00023942305187891688
2025-08-10T15:00:00+00:00,0.00023686176488003257
2025-08-10T16:00:00+00:00,0.00023688314537743645
2025-08-10T17:00:00+00:00,0.00023623216459394894
2025-08-10T18:00:00+00:00,0.0002363002905588497
2025-08-10T19:00:00+00:00,0.00023617967026798273
2025-08-10T20:00:00+00:00,0.0002352562546689599
2025-08-10T21:00:00+00:00,0.00023810871649473017
2025-08-10T22:00:00+00:00,0.0002369831271086912
2025-08-10T23:00:00+00:00,0.0002358734390458479
2025-08-11T00:00:00+00:00,0.00023521444992780324
2025-08-11T01:00:00+00:00,0.00023414139147602441
2025-08-11T02:00:00+00:00,0.00023218883910852535
2025-08-11T03:00:00+00:00,0.00023219135640237872
2025-08-11T04:00:00+00:00,0.00023196848649977532
2025-08-11T05:00:00+00:00,0.00023125286571922194
2025-08-11T06:00:00+00:00,0.00023237725612131331
2025-08-11T07:00:00+00:00,0.00023251359080371297
2025-08-11T08:00:00+00:00,0.00023433623609380493
2025-08-11T09:00:00+00:00,0.00023365884964502743
2025-08-11T10:00:00+00:00,0.00023451190119265776
2025-08-11T11:00:00+00:00,0.00023579995558332864
2025-08-11T12:00:00+00:00,0.00023900306784982526
2025-08-11T13:00:00+00:00,0.00023916506602937886
2025-08-11T14:00:00+00:00,0.00023321981329810497
2025-08-11T15:00:00+00:00,0.0002338241959557039
2025-08-11T16:00:00+00:00,0.00023092891156353498
2025-08-11T17:00:00+00:00,0.00023160411134741938
2025-08-11T18:00:00+00:00,0.00023269916544508488
2025-08-11T19:00:00+00:00,0.00023276313697128277
2025-08-11T20:00:00+00:00,0.00023516451404284326
2025-08-11T21:00:00+00:00,0.00023523154122380354
2025-08-11T22:00:00+00:00,0.00023739076758968585
2025-08-11T23:00:00+00:00,0.00023651748532375726
2025-08-12T00:00:00+00:00,0.0002363266638536128
2025-08-12T01:00:00+00:00,0.00023559113627630418
2025-08-12T02:00:00+00:00,0.00023407728892089916
2025-08-12T03:00:00+00:00,0.00023272481858073398
2025-08-12T04:00:00+00:00,0.00023329249147300684
2025-08-12T05:00:00+00:00,0.00023247597190939191
2025-08-12T06:00:00+00:00,0.00023301525270950953
2025-08-12T07:00:00+00:00,0.0002327672908531349
2025-08-12T08:00:00+00:00,0.00023196733860868398
2025-08-12T09:00:00+00:00,0.0002317964619892566
2025-08-12T10:00:00+00:00,0.00023346836875731068
2025-08-12T11:00:00+00:00,0.00023369950270954172
2025-08-12T12:00:00+00:00,0.000233102701389466
2025-08-12T13:00:00+00:00,0.00022787365166051398
2025-08-12T14:00:00+00:00,0.0002285660604117864
2025-08-12T15:00:00+00:00,0.00022629502681802325
2025-08-12T16:00:00+00:00,0.00022354747494809254
2025-08-12T17:00:00+00:00,0.00022400313380501434
2025-08-12T18:00:00+00:00,0.0002224765323734884
2025-08-12T19:00:00+00:00,0.0002227912465613125
2025-08-12T20:00:00+00:00,0.00022189525578870763
2025-08-12T21:00:00+00:00,0.00021715117250315012
2025-08-12T22:00:00+00:00,0.00021856187445693144
2025-08-12T23:00:00+00:00,0.00021832951759690941
2025-08-13T00:00:00+00:00,0.00021757961240089827
2025-08-13T01:00:00+00:00,0.00021616932154411024
2025-08-13T02:00:00+00:00,0.00021837478345567124
2025-08-13T03:00:00+00:00,0.0002161405983534389
2025-08-13T04:00:00+00:00,0.000215088117057548
2025-08-13T05:00:00+00:00,0.0002140822962420691
2025-08-13T06:00:00+00:00,0.00021586062876589177
2025-08-13T07:00:00+00:00,0.00021624451117410512
2025-08-13T08:00:00+00:00,0.00021623886257521614
2025-08-13T09:00:00+00:00,0.0002162431387047379
2025-08-13T10:00:00+00:00,0.00021298357371599214
2025-08-13T11:00:00+00:00,0.00021285421918733775
2025-08-13T12:00:00+00:00,0.00021341055701175655
2025-08-13T13:00:00+00:00,0.0002134646688669306
2025-08-13T14:00:00+00:00,0.00021361771260765538
2025-08-13T15:00:00+00:00,0.00021486870364452996
2025-08-13T16:00:00+00:00,0.0002138802053154187
2025-08-13T17:00:00+00:00,0.00021295344478793247
2025-08-13T18:00:00+00:00,0.0002122082583589263
2025-08-13T19:00:00+00:00,0.00021219984594282004
2025-08-13T20:00:00+00:00,0.00021122030527188893
2025-08-13T21:00:00+00:00,0.00021154478479551076
2025-08-13T22:00:00+00:00,0.00021180206627556604
2025-08-13T23:00:00+00:00,0.00020986388789356894
2025-08-14T00:00:00+00:00,0.0002104484807690105
2025-08-14T01:00:00+00:00,0.00021183587929167824
2025-08-14T02:00:00+00:00,0.00021118833063552537
2025-08-14T03:00:00+00:00,0.00021034852606382722
2025-08-14T04:00:00+00:00,0.0002094056528736512
2025-08-14T05:00:00+00:00,0.00020981209877869668
2025-08-14T06:00:00+00:00,0.00021120940121253985
2025-08-14T07:00:00+00:00,0.00020932378233440497
2025-08-14T08:00:00+00:00,0.00021058972785692272
2025-08-14T09:00:00+00:00,0.00021112180217928655
2025-08-14T10:00:00+00:00,0.00021016678730145943
2025-08-14T11:00:00+00:00,0.00021263863677405923
2025-08-14T12:00:00+00:00,0.00021141203286096085
2025-08-14T13:00:00+00:00,0.00021771909691689102
2025-08-14T14:00:00+00:00,0.00021714954241907204
2025-08-14T15:00:00+00:00,0.00021454651206277126
2025-08-14T16:00:00+00:00,0.00021641344552862757
2025-08-14T17:00:00+00:00,0.00022042815420253174
2025-08-14T18:00:00+00:00,0.00021999335193796876
2025-08-14T19:00:00+00:00,0.00022019005064106943
2025-08-14T20:00:00+00:00,0.00022004511742428797
2025-08-14T21:00:00+00:00,0.0002207614147496173
2025-08-14T22:00:00+00:00,0.00022352033981938295
2025-08-14T23:00:00+00:00,0.00022035448416849948
2025-08-15T00:00:00+00:00,0.00021924046332424507
2025-08-15T01:00:00+00:00,0.00021854337247255323
2025-08-15T02:00:00+00:00,0.0002169574522947036
2025-08-15T03:00:00+00:00,0.0002159862031668936
2025-08-15T04:00:00+00:00,0.0002156238992502989
2025-08-15T05:00:00+00:00,0.0002159702662273808
2025-08-15T06:00:00+00:00,0.00021585686457180494
2025-08-15T07:00:00+00:00,0.000214907893729215
2025-08-15T08:00:00+00:00,0.00021528195018721447
2025-08-15T09:00:00+00:00,0.00021519079096783626
2025-08-15T10:00:00+00:00,0.00021598352102867414
2025-08-15T11:00:00+00:00,0.0002154046924377186
2025-08-15T12:00:00+00:00,0.00021549934289730473
2025-08-15T13:00:00+00:00,0.00021576630835883683
2025-08-15T14:00:00+00:00,0.00021950371446123018
2025-08-15T15:00:00+00:00,0.00022241732326460877
2025-08-15T16:00:00+00:00,0.00022488025425598096
2025-08-15T17:00:00+00:00,0.0002264355160538651
2025-08-15T18:00:00+00:00,0.0002249598900140394
2025-08-15T19:00:00+00:00,0.00022731953212166595
2025-08-15T20:00:00+00:00,0.0002279522845156715
2025-08-15T21:00:00+00:00,0.0002259357097358493
2025-08-15T22:00:00+00:00,0.0002257334986150307
2025-08-15T23:00:00+00:00,0.00022297007870034072
2025-08-16T00:00:00+00:00,0.00022566284106023652
2025-08-16T01:00:00+00:00,0.00022344301820581122
2025-08-16T02:00:00+00:00,0.00022270774145658067
2025-08-16T03:00:00+00:00,0.00022475251618791684
2025-08-16T04:00:00+00:00,0.00022530090264283504
2025-08-16T05:00:00+00:00,0.00022443261458180355
2025-08-16T06:00:00+00:00,0.0002258168065046453
2025-08-16T07:00:00+00:00,0.00022596574788000446
2025-08-16T08:00:00+00:00,0.00022426842197872227
2025-08-16T09:00:00+00:00,0.00022466676404837914
2025-08-16T10:00:00+00:00,0.0002267988978751118
2025-08-16T11:00:00+00:00,0.0002268028766559988
2025-08-16T12:00:00+00:00,0.00022781673182113935
2025-08-16T13:00:00+00:00,0.00022661474642755755
2025-08-16T14:00:00+00:00,0.0002273232644130535
2025-08-16T15:00:00+00:00,0.0002264389702375233
2025-08-16T16:00:00+00:00,0.0002271068498048045
2025-08-16T17:00:00+00:00,0.00022664626079603654
2025-08-16T18:00:00+00:00,0.00022688677708254684
2025-08-16T19:00:00+00:00,0.0002265139315070273
2025-08-16T20:00:00+00:00,0.00022615836963087112
2025-08-16T21:00:00+00:00,0.00022558764039645328
2025-08-16T22:00:00+00:00,0.0002263093760045402
2025-08-16T23:00:00+00:00,0.00022580513566782356
2025-08-17T00:00:00+00:00,0.00022603430631459647
2025-08-17T01:00:00+00:00,0.00022636348089322226
2025-08-17T02:00:00+00:00,0.00022663242030603387
2025-08-17T03:00:00+00:00,0.0002254049454241457
2025-08-17T04:00:00+00:00,0.00022446490454347003
2025-08-17T05:00:00+00:00,0.00022304322593289262
2025-08-17T06:00:00+00:00,0.00022335908405515977
2025-08-17T07:00:00+00:00,0.00022409898151233562
2025-08-17T08:00:00+00:00,0.0002236444494269629
2025-08-17T09:00:00+00:00,0.0002207066642208241
2025-08-17T10:00:00+00:00,0.0002202201097669549
2025-08-17T11:00:00+00:00,0.00021923276219357296
2025-08-17T12:00:00+00:00,0.0002195056590357514
2025-08-17T13:00:00+00:00,0.0002201996654567678
2025-08-17T14:00:00+00:00,0.00022037981255444448
2025-08-17T15:00:00+00:00,0.00021955115219632018
2025-08-17T16:00:00+00:00,0.00021909182946621339
2025-08-17T17:00:00+00:00,0.00022071701670723664
2025-08-17T18:00:00+00:00,0.00022071682816643932
2025-08-17T19:00:00+00:00,0.00022251353790520083
2025-08-17T20:00:00+00:00,0.00022422979888323956
2025-08-17T21:00:00+00:00,0.00022334917880931752
2025-08-17T22:00:00+00:00,0.00022317923593041184
2025-08-17T23:00:00+00:00,0.00022071995400554676
2025-08-18T00:00:00+00:00,0.0002229416146581444
2025-08-18T01:00:00+00:00,0.0002241981278429964
2025-08-18T02:00:00+00:00,0.00022717810575092212
2025-08-18T03:00:00+00:00,0.00023025162752376722
2025-08-18T04:00:00+00:00,0.00023143878044761464
2025-08-18T05:00:00+00:00,0.00023028165004907402
2025-08-18T06:00:00+00:00,0.0002320137945122811
2025-08-18T07:00:00+00:00,0.00023505718006111331
2025-08-18T09:00:00+00:00,0.00023498044094040043
2025-08-18T10:00:00+00:00,0.00023280558126051793
2025-08-18T11:00:00+00:00,0.0002343373193919953
2025-08-18T12:00:00+00:00,0.00023374545221023805
2025-08-18T13:00:00+00:00,0.00023019495728194067
2025-08-18T14:00:00+00:00,0.00023239727383780523
2025-08-18T15:00:00+00:00,0.00023068169165753883
2025-08-18T16:00:00+00:00,0.00023006916105180705
2025-08-18T17:00:00+00:00,0.0002311635710730097
2025-08-18T18:00:00+00:00,0.00022888293848982244
2025-08-18T19:00:00+00:00,0.00022866835582642083
2025-08-18T20:00:00+00:00,0.00022953546595949937
2025-08-18T21:00:00+00:00,0.00023043528837684
2025-08-18T22:00:00+00:00,0.0002295253435425274
2025-08-18T23:00:00+00:00,0.0002301441451371991
2025-08-19T00:00:00+00:00,0.0002315888095089543
2025-08-19T01:00:00+00:00,0.0002300721934468551
2025-08-19T02:00:00+00:00,0.00023273443802884782
2025-08-19T03:00:00+00:00,0.00023314321866822415
2025-08-19T04:00:00+00:00,0.00023688478661071635
2025-08-19T05:00:00+00:00,0.00023650399177097938
2025-08-19T06:00:00+00:00,0.00023609478897693544
2025-08-19T07:00:00+00:00,0.00023582386220569253
2025-08-19T08:00:00+00:00,0.0002361338763847516
2025-08-19T09:00:00+00:00,0.00023478108126295937
2025-08-19T10:00:00+00:00,0.0002334013843188131
2025-08-19T11:00:00+00:00,0.00023321917893213132
2025-08-19T12:00:00+00:00,0.00023214096580617935
2025-08-19T13:00:00+00:00,0.00023218203533830885
2025-08-19T14:00:00+00:00,0.00023293774815901357
2025-08-19T15:00:00+00:00,0.00023800680157303895
2025-08-19T16:00:00+00:00,0.00023850480311446705
2025-08-19T17:00:00+00:00,0.00024103674497824446
2025-08-19T18:00:00+00:00,0.00023887276108970742
2025-08-19T19:00:00+00:00,0.00024170157464455152
2025-08-19T20:00:00+00:00,0.00024088780697604343
2025-08-19T21:00:00+00:00,0.00024040801838353336
2025-08-19T22:00:00+00:00,0.0002408624513920646
2025-08-19T23:00:00+00:00,0.00024187742671256197
2025-08-20T00:00:00+00:00,0.00024500935538587435
2025-08-20T01:00:00+00:00,0.00024340725333747321
2025-08-20T02:00:00+00:00,0.00024287654349742463
2025-08-20T03:00:00+00:00,0.00024170454223456216
2025-08-20T04:00:00+00:00,0.00024151454207815717
2025-08-20T05:00:00+00:00,0.00023974853334677597
2025-08-20T06:00:00+00:00,0.00023903420762273948
2025-08-20T07:00:00+00:00,0.0002391115221969804
2025-08-20T08:00:00+00:00,0.00023856455835407858
2025-08-20T09:00:00+00:00,0.00023597756788514766
2025-08-20T10:00:00+00:00,0.00023676456404258858
2025-08-20T11:00:00+00:00,0.0002365100024022443
2025-08-20T12:00:00+00:00,0.00023802299248144987
2025-08-20T13:00:00+00:00,0.00023768276918026578
2025-08-20T14:00:00+00:00,0.00024156581664869312
2025-08-20T15:00:00+00:00,0.00023705550227108178
2025-08-20T16:00:00+00:00,0.00023497758266422797
2025-08-20T17:00:00+00:00,0.00023238088853691385
2025-08-20T18:00:00+00:00,0.00023026785815015536
2025-08-20T19:00:00+00:00,0.00023218882868652953
2025-08-20T20:00:00+00:00,0.00023020359465214597
2025-08-20T21:00:00+00:00,0.00022953475358523413
2025-08-20T22:00:00+00:00,0.00022949597965929723
2025-08-20T23:00:00+00:00,0.00022922787005180781
2025-08-21T00:00:00+00:00,0.00023062797244985676
2025-08-21T01:00:00+00:00,0.00023142571127155768
2025-08-21T02:00:00+00:00,0.00023068940799669116
2025-08-21T03:00:00+00:00,0.0002329217837952054
2025-08-21T04:00:00+00:00,0.0002326506794893634
2025-08-21T05:00:00+00:00,0.0002326980726581722
2025-08-21T06:00:00+00:00,0.0002317868461509818
2025-08-21T07:00:00+00:00,0.00023258325302638627
2025-08-21T08:00:00+00:00,0.0002320040407002312
2025-08-21T09:00:00+00:00,0.00023300897206580167
2025-08-21T10:00:00+00:00,0.00023377854397244158
2025-08-21T11:00:00+00:00,0.00023298200946056171
2025-08-21T12:00:00+00:00,0.00023360276024724454
2025-08-21T13:00:00+00:00,0.0002355031010536305
2025-08-21T14:00:00+00:00,0.0002343561398904396
2025-08-21T15:00:00+00:00,0.00023407847260750598
2025-08-21T16:00:00+00:00,0.00023567679890801406
2025-08-21T17:00:00+00:00,0.00023692691475693357
2025-08-21T18:00:00+00:00,0.0002357213249307922
2025-08-21T19:00:00+00:00,0.00023458618171165387
2025-08-21T20:00:00+00:00,0.00023659238469097966
2025-08-21T21:00:00+00:00,0.00023532288450764212
2025-08-21T22:00:00+00:00,0.0002355713555051028
2025-08-21T23:00:00+00:00,0.00023529040068077703
2025-08-22T00:00:00+00:00,0.0002366723444233602
2025-08-22T01:00:00+00:00,0.00023588789965651075
2025-08-22T02:00:00+00:00,0.00023482983074124732
2025-08-22T03:00:00+00:00,0.0002329892615814307
2025-08-22T04:00:00+00:00,0.00023374001336926316
2025-08-22T05:00:00+00:00,0.00023360913333371602
2025-08-22T06:00:00+00:00,0.00023307325083441412
2025-08-22T07:00:00+00:00,0.00023278437339699113
2025-08-22T08:00:00+00:00,0.00023030072108233099
2025-08-22T09:00:00+00:00,0.000230766539740689
2025-08-22T10:00:00+00:00,0.0002309993498849285
2025-08-22T11:00:00+00:00,0.0002326852590861036
2025-08-22T12:00:00+00:00,0.00023388904504382092
2025-08-22T13:00:00+00:00,0.00023526208724322463
2025-08-22T14:00:00+00:00,0.0002331193372632763
2025-08-22T15:00:00+00:00,0.0002164765980671383
2025-08-22T16:00:00+00:00,0.0002153194495112369
2025-08-22T17:00:00+00:00,0.00021052325574225805
2025-08-22T18:00:00+00:00,0.0002080875277937553
2025-08-22T19:00:00+00:00,0.00020888929107427482
2025-08-22T20:00:00+00:00,0.0002069346516521411
2025-08-22T21:00:00+00:00,0.00020655117441551162
2025-08-22T22:00:00+00:00,0.00020613832451478673
2025-08-22T23:00:00+00:00,0.00020800809047740964
2025-08-23T00:00:00+00:00,0.0002070113302413049
2025-08-23T01:00:00+00:00,0.00020798003240530579
2025-08-23T02:00:00+00:00,0.0002091185170495993
2025-08-23T03:00:00+00:00,0.0002125400827872841
2025-08-23T04:00:00+00:00,0.0002129232648830094
2025-08-23T05:00:00+00:00,0.00021108563223588066
2025-08-23T06:00:00+00:00,0.0002105556010210133
2025-08-23T07:00:00+00:00,0.00021068830348234196
2025-08-23T08:00:00+00:00,0.00021198005465420872
2025-08-23T09:00:00+00:00,0.00021169415837968947
2025-08-23T10:00:00+00:00,0.00021107206656033336
2025-08-23T11:00:00+00:00,0.00021224333062644992
2025-08-23T12:00:00+00:00,0.00021255323128912266
2025-08-23T13:00:00+00:00,0.00021217451418068794
2025-08-23T14:00:00+00:00,0.0002119456492640271
2025-08-23T15:00:00+00:00,0.0002114593846952768
2025-08-23T16:00:00+00:00,0.0002105274755629016
2025-08-23T17:00:00+00:00,0.00021089498582244268
2025-08-23T18:00:00+00:00,0.00021071332040457452
2025-08-23T19:00:00+00:00,0.0002104671658348018
2025-08-23T20:00:00+00:00,0.00021018799367870545
2025-08-23T21:00:00+00:00,0.00021049205257520933
2025-08-23T22:00:00+00:00,0.0002106564938372013
2025-08-23T23:00:00+00:00,0.00020911049528207168
2025-08-24T00:00:00+00:00,0.00020943289703139107
2025-08-24T01:00:00+00:00,0.00020862365925687355
2025-08-24T02:00:00+00:00,0.00020941079747342992
2025-08-24T03:00:00+00:00,0.000209296348162975
2025-08-24T04:00:00+00:00,0.00020867419459859055
2025-08-24T05:00:00+00:00,0.00020879601024583245
2025-08-24T06:00:00+00:00,0.00020910463491256582
2025-08-24T07:00:00+00:00,0.0002099593937962851
2025-08-24T08:00:00+00:00,0.00020984797520597206
2025-08-24T09:00:00+00:00,0.0002094038870791562
2025-08-24T10:00:00+00:00,0.00020947721274187163
2025-08-24T11:00:00+00:00,0.00021100164129762928
2025-08-24T12:00:00+00:00,0.0002105661092727539
2025-08-24T13:00:00+00:00,0.00021042845470008758
2025-08-24T14:00:00+00:00,0.00020966077228401709
2025-08-24T15:00:00+00:00,0.00020871604856405787
2025-08-24T16:00:00+00:00,0.00020841329940811601
2025-08-24T17:00:00+00:00,0.0002072175559297549
2025-08-24T18:00:00+00:00,0.00020390757932763873
2025-08-24T19:00:00+00:00,0.00020296191761833663
2025-08-24T20:00:00+00:00,0.00020941405678815575
2025-08-24T21:00:00+00:00,0.00020863247523010342
2025-08-24T22:00:00+00:00,0.00020843831309656677
2025-08-24T23:00:00+00:00,0.0002092533671518721
2025-08-25T00:00:00+00:00,0.00020924659175151482
2025-08-25T01:00:00+00:00,0.000212561478793173
2025-08-25T02:00:00+00:00,0.0002113940523114731
2025-08-25T03:00:00+00:00,0.00020977496376909806
2025-08-25T04:00:00+00:00,0.00021062968641196545
2025-08-25T05:00:00+00:00,0.0002119425669556812
2025-08-25T06:00:00+00:00,0.00021226877618849935
2025-08-25T07:00:00+00:00,0.0002157588999283469
2025-08-25T08:00:00+00:00,0.0002177762376288561
2025-08-25T09:00:00+00:00,0.00021725257804616773
2025-08-25T10:00:00+00:00,0.00021727614314578374
2025-08-25T11:00:00+00:00,0.00021987791639962428
2025-08-25T12:00:00+00:00,0.00021724704407468466
2025-08-25T13:00:00+00:00,0.00021564795330388908
2025-08-25T14:00:00+00:00,0.00021582278709703144
2025-08-25T15:00:00+00:00,0.00021485699847390298
2025-08-25T16:00:00+00:00,0.00021660202255295406
2025-08-25T17:00:00+00:00,0.00021721343942761065
2025-08-25T18:00:00+00:00,0.00021760233981524596
2025-08-25T19:00:00+00:00,0.00021852637130425227
2025-08-25T20:00:00+00:00,0.0002254154763982867
2025-08-25T21:00:00+00:00,0.00022877893359612254
2025-08-25T22:00:00+00:00,0.0002283429441021877
2025-08-25T23:00:00+00:00,0.00022759616089442386
2025-08-26T00:00:00+00:00,0.00022817105462371226
2025-08-26T01:00:00+00:00,0.00023025045012062503
2025-08-26T02:00:00+00:00,0.00022625133649522173
2025-08-26T03:00:00+00:00,0.00022735945478357566
2025-08-26T04:00:00+00:00,0.00022704747520194065
2025-08-26T05:00:00+00:00,0.00022532445506988778
2025-08-26T06:00:00+00:00,0.0002254602773017057
2025-08-26T07:00:00+00:00,0.00022649396727171723
2025-08-26T08:00:00+00:00,0.000225642909857458
2025-08-26T09:00:00+00:00,0.00022604120623678225
2025-08-26T10:00:00+00:00,0.00022609956175104372
2025-08-26T11:00:00+00:00,0.00022537560816450922
2025-08-26T12:00:00+00:00,0.00022634035983237478
2025-08-26T13:00:00+00:00,0.00022272127395064775
2025-08-26T14:00:00+00:00,0.00022419412180192642
2025-08-26T15:00:00+00:00,0.00021993805170177888
2025-08-26T16:00:00+00:00,0.00022117625780707933
2025-08-26T17:00:00+00:00,0.0002201683619820181
2025-08-26T18:00:00+00:00,0.00022149536274012173
2025-08-26T19:00:00+00:00,0.0002198190416262995
2025-08-26T20:00:00+00:00,0.00021777525862781892
2025-08-26T21:00:00+00:00,0.00021807048418401586
2025-08-26T22:00:00+00:00,0.00021750387957920157
2025-08-26T23:00:00+00:00,0.00021755596151885724
2025-08-27T00:00:00+00:00,0.00021723897253907515
2025-08-27T01:00:00+00:00,0.00021863012232708847
2025-08-27T02:00:00+00:00,0.000219251675203506
2025-08-27T03:00:00+00:00,0.00021825303947039674
2025-08-27T04:00:00+00:00,0.00021660400371510075
2025-08-27T05:00:00+00:00,0.0002158576027176416
2025-08-27T06:00:00+00:00,0.00021670516315722062
2025-08-27T07:00:00+00:00,0.00021798400548124296
2025-08-27T08:00:00+00:00,0.00021809911675994741
2025-08-27T09:00:00+00:00,0.00021767950986462394
2025-08-27T10:00:00+00:00,0.00021743649124052723
2025-08-27T11:00:00+00:00,0.00021818620447964257
2025-08-27T12:00:00+00:00,0.00021686807938215737
2025-08-27T13:00:00+00:00,0.0002166724570900538
2025-08-27T14:00:00+00:00,0.0002173670008941446
2025-08-27T15:00:00+00:00,0.00021668606623663868
2025-08-27T16:00:00+00:00,0.00021483883393391188
2025-08-27T17:00:00+00:00,0.00021573434948467685
2025-08-27T18:00:00+00:00,0.00021558323640209694
2025-08-27T19:00:00+00:00,0.0002169847911017264
2025-08-27T20:00:00+00:00,0.00021870363269845986
2025-08-27T21:00:00+00:00,0.0002180116141280192
2025-08-27T22:00:00+00:00,0.00022115644515753512
2025-08-27T23:00:00+00:00,0.00022095522488562157
2025-08-28T00:00:00+00:00,0.00022204096587834145
2025-08-28T01:00:00+00:00,0.0002225798698583257
2025-08-28T02:00:00+00:00,0.00022128300761609354
2025-08-28T03:00:00+00:00,0.00022169256008027234
2025-08-28T04:00:00+00:00,0.00021996053569881016
2025-08-28T05:00:00+00:00,0.00021874966578913806
2025-08-28T06:00:00+00:00,0.0002193210552535521
2025-08-28T07:00:00+00:00,0.00021822634004285888
2025-08-28T08:00:00+00:00,0.0002180882097537378
2025-08-28T09:00:00+00:00,0.0002174364672743519
2025-08-28T10:00:00+00:00,0.0002180478756146966
2025-08-28T11:00:00+00:00,0.00021710514327255608
2025-08-28T12:00:00+00:00,0.0002176141313089758
2025-08-28T13:00:00+00:00,0.00021693608671720008
2025-08-28T14:00:00+00:00,0.00021852045408388506
2025-08-28T15:00:00+00:00,0.00021885008552201057
2025-08-28T16:00:00+00:00,0.00022194236960964683
2025-08-28T17:00:00+00:00,0.00022333310788047402
2025-08-28T18:00:00+00:00,0.00022279143325265537
2025-08-28T19:00:00+00:00,0.00022262157785385393
2025-08-28T20:00:00+00:00,0.000224227030637794
2025-08-28T21:00:00+00:00,0.00022419646680942024
2025-08-28T22:00:00+00:00,0.00022269909591872249
2025-08-28T23:00:00+00:00,0.00022164960745763712
2025-08-29T00:00:00+00:00,0.000221651625139116
2025-08-29T01:00:00+00:00,0.00022341292818485583
2025-08-29T02:00:00+00:00,0.00022444915093270366
2025-08-29T03:00:00+00:00,0.0002231122690882119
2025-08-29T04:00:00+00:00,0.0002225806339101299
2025-08-29T05:00:00+00:00,0.00022330882243914012
2025-08-29T06:00:00+00:00,0.00022329475102163965
2025-08-29T07:00:00+00:00,0.00022428997876646978
2025-08-29T08:00:00+00:00,0.00022786092721390595
2025-08-29T09:00:00+00:00,0.00023062112393126908
2025-08-29T10:00:00+00:00,0.00023058779580248308
2025-08-29T11:00:00+00:00,0.0002298317447716758
2025-08-29T12:00:00+00:00,0.00023007112708402905
2025-08-29T13:00:00+00:00,0.0002270050849386243
2025-08-29T14:00:00+00:00,0.0002308446316296384
2025-08-29T15:00:00+00:00,0.00023360417229995652
2025-08-29T16:00:00+00:00,0.0002306219866124484
2025-08-29T17:00:00+00:00,0.00023072206772710438
2025-08-29T18:00:00+00:00,0.00023047956000020865
2025-08-29T19:00:00+00:00,0.0002317293825506597
2025-08-29T20:00:00+00:00,0.0002299804338667927
2025-08-29T21:00:00+00:00,0.0002314346916814374
2025-08-29T22:00:00+00:00,0.00022910167680909488
2025-08-29T23:00:00+00:00,0.00022952890245063376
2025-08-30T00:00:00+00:00,0.00022933101973270615
2025-08-30T01:00:00+00:00,0.00023068165202200211
2025-08-30T02:00:00+00:00,0.00023356721055326556
2025-08-30T03:00:00+00:00,0.0002321866897495198
2025-08-30T04:00:00+00:00,0.0002295887497114785
2025-08-30T05:00:00+00:00,0.0002296822653584449
2025-08-30T06:00:00+00:00,0.00022822587350205712
2025-08-30T07:00:00+00:00,0.0002274032689282704
2025-08-30T08:00:00+00:00,0.00022694527415846523
2025-08-30T09:00:00+00:00,0.00022722738240892176
2025-08-30T10:00:00+00:00,0.00022753545365114292
2025-08-30T11:00:00+00:00,0.00022774859415781884
2025-08-30T12:00:00+00:00,0.00022762613332946835
2025-08-30T13:00:00+00:00,0.0002291109708299421
2025-08-30T14:00:00+00:00,0.00022950881957455743
2025-08-30T15:00:00+00:00,0.00022908160073785146
2025-08-30T16:00:00+00:00,0.00022865346009249556
2025-08-30T17:00:00+00:00,0.00022915101738509586
2025-08-30T18:00:00+00:00,0.00022913994079326323
2025-08-30T19:00:00+00:00,0.0002294963774089719
2025-08-30T20:00:00+00:00,0.00022964462988270913
2025-08-30T21:00:00+00:00,0.00023015391729684143
2025-08-30T22:00:00+00:00,0.00022999677312002443
2025-08-30T23:00:00+00:00,0.00022939955645993515
2025-08-31T00:00:00+00:00,0.00022861168688707934
2025-08-31T01:00:00+00:00,0.00022403065609426343
2025-08-31T02:00:00+00:00,0.00022429487527957854
2025-08-31T03:00:00+00:00,0.00022475635457450244
2025-08-31T04:00:00+00:00,0.00022298858587368813
2025-08-31T05:00:00+00:00,0.0002239608575895336
2025-08-31T06:00:00+00:00,0.00022422969176566634
2025-08-31T07:00:00+00:00,0.00022544797858928535
2025-08-31T08:00:00+00:00,0.000224573128133698
2025-08-31T09:00:00+00:00,0.0002236758579009419
2025-08-31T10:00:00+00:00,0.0002238846463395618
2025-08-31T11:00:00+00:00,0.000224433790683115
2025-08-31T12:00:00+00:00,0.00022350547191038827
2025-08-31T13:00:00+00:00,0.00022280128570289405
2025-08-31T14:00:00+00:00,0.00022375321475656272
2025-08-31T15:00:00+00:00,0.00022422337122413852
2025-08-31T16:00:00+00:00,0.00022295195561503886
2025-08-31T17:00:00+00:00,0.00022342334076409152
2025-08-31T18:00:00+00:00,0.000223095123981016
2025-08-31T19:00:00+00:00,0.00022278121805780146
2025-08-31T20:00:00+00:00,0.00022419039750175502
2025-08-31T21:00:00+00:00,0.00022445971107543582
2025-08-31T22:00:00+00:00,0.00022368960755696514
2025-08-31T23:00:00+00:00,0.00022529445692767377
2025-09-01T00:00:00+00:00,0.0002278020574012007
2025-09-01T01:00:00+00:00,0.00022718826390054616
2025-09-01T02:00:00+00:00,0.00022632377145365514
2025-09-01T03:00:00+00:00,0.0002282502113335454
2025-09-01T04:00:00+00:00,0.0002271346281897863
2025-09-01T05:00:00+00:00,0.00022781233254161486
2025-09-01T06:00:00+00:00,0.00022748344583047757
2025-09-01T07:00:00+00:00,0.0002272140459390955
2025-09-01T08:00:00+00:00,0.00022343919254069557
2025-09-01T09:00:00+00:00,0.0002233424509773976
2025-09-01T10:00:00+00:00,0.0002246955794720754
2025-09-01T11:00:00+00:00,0.00022718621840244803
2025-09-01T12:00:00+00:00,0.00022740009841142126
2025-09-01T13:00:00+00:00,0.00022710517842085273
2025-09-01T14:00:00+00:00,0.00022798654760310924
2025-09-01T15:00:00+00:00,0.00022729365377480311
2025-09-01T16:00:00+00:00,0.0002292440866903077
2025-09-01T17:00:00+00:00,0.0002297028501355682
2025-09-01T18:00:00+00:00,0.0002311811825082783
2025-09-01T19:00:00+00:00,0.00023015020377491565
2025-09-01T20:00:00+00:00,0.00022890331962922825
2025-09-01T21:00:00+00:00,0.0002331847172289214
2025-09-01T22:00:00+00:00,0.00023570414032762272
2025-09-01T23:00:00+00:00,0.00023329814602303744
2025-09-02T00:00:00+00:00,0.00023173963148587844
2025-09-02T01:00:00+00:00,0.00023239570721592229
2025-09-02T02:00:00+00:00,0.00023127628310568377
2025-09-02T03:00:00+00:00,0.00022949068808358355
2025-09-02T04:00:00+00:00,0.00022896663709731586
2025-09-02T05:00:00+00:00,0.00022789314436301938
2025-09-02T06:00:00+00:00,0.00022804448296143536
2025-09-02T07:00:00+00:00,0.0002269452984181203
2025-09-02T08:00:00+00:00,0.000228377880499395
2025-09-02T09:00:00+00:00,0.00022731087999325837
2025-09-02T10:00:00+00:00,0.00022748034739478024
2025-09-02T11:00:00+00:00,0.00022770644614097677
2025-09-02T12:00:00+00:00,0.0002296060719520679
2025-09-02T13:00:00+00:00,0.00023371332026464882
2025-09-02T14:00:00+00:00,0.00022861639773533716
2025-09-02T15:00:00+00:00,0.00022984531587800413
2025-09-02T16:00:00+00:00,0.00023289102789367496
2025-09-02T17:00:00+00:00,0.00023275847454721767
2025-09-02T18:00:00+00:00,0.0002313342760097104
2025-09-02T19:00:00+00:00,0.00023261846456463503
2025-09-02T20:00:00+00:00,0.00023392151190758988
2025-09-02T21:00:00+00:00,0.00023166849628641976
2025-09-02T22:00:00+00:00,0.0002313979324402483
2025-09-02T23:00:00+00:00,0.00023104782771768783
2025-09-03T00:00:00+00:00,0.00023110226942986068
2025-09-03T01:00:00+00:00,0.00023214494484947876
2025-09-03T02:00:00+00:00,0.0002309305660176961
2025-09-03T03:00:00+00:00,0.00023039995833972596
2025-09-03T04:00:00+00:00,0.00023060703839719704
2025-09-03T05:00:00+00:00,0.00023041495044036166
2025-09-03T06:00:00+00:00,0.0002318353224894022
2025-09-03T07:00:00+00:00,0.00023194276268035088
2025-09-03T08:00:00+00:00,0.00023192171767552047
2025-09-03T09:00:00+00:00,0.0002314330689815682
2025-09-03T10:00:00+00:00,0.00022980237443214296
2025-09-03T11:00:00+00:00,0.00022876651850068668
2025-09-03T12:00:00+00:00,0.0002285532579104449
2025-09-03T13:00:00+00:00,0.00022967488019136256
2025-09-03T14:00:00+00:00,0.0002257486482365338
2025-09-03T15:00:00+00:00,0.0002237419396774927
2025-09-03T16:00:00+00:00,0.00022305439114504656
2025-09-03T17:00:00+00:00,0.00022379480803693704
2025-09-03T18:00:00+00:00,0.00022341180837289897
2025-09-03T19:00:00+00:00,0.00022384110961775122
2025-09-03T20:00:00+00:00,0.00022333228633949242
2025-09-03T21:00:00+00:00,0.00022386046757618232
2025-09-03T22:00:00+00:00,0.00022415068039695313
2025-09-03T23:00:00+00:00,0.00022364380090874702
2025-09-04T00:00:00+00:00,0.00022461311334800354
2025-09-04T01:00:00+00:00,0.00022376132643353542
2025-09-04T02:00:00+00:00,0.0002238918173962446
2025-09-04T03:00:00+00:00,0.00022608995132998013
2025-09-04T04:00:00+00:00,0.00022729854352192708
2025-09-04T05:00:00+00:00,0.0002268124760088419
2025-09-04T06:00:00+00:00,0.00022890500186443857
2025-09-04T07:00:00+00:00,0.00022899017851979084
2025-09-04T08:00:00+00:00,0.00022850641116540113
2025-09-04T09:00:00+00:00,0.00022858539742438318
2025-09-04T10:00:00+00:00,0.00022748954367880113
2025-09-04T11:00:00+00:00,0.00022680718513999696
2025-09-04T12:00:00+00:00,0.00022677561628757278
2025-09-04T13:00:00+00:00,0.0002270163394855871
2025-09-04T14:00:00+00:00,0.00022831602806794364
2025-09-04T15:00:00+00:00,0.00022984002298641578
2025-09-04T16:00:00+00:00,0.00023183116071987778
2025-09-04T17:00:00+00:00,0.00023248122229137052
2025-09-04T18:00:00+00:00,0.00023185849685160434
2025-09-04T19:00:00+00:00,0.00023360713486534447
2025-09-04T20:00:00+00:00,0.00023380974742163765
2025-09-04T21:00:00+00:00,0.00023223815720283794
2025-09-04T22:00:00+00:00,0.0002314084874612401
2025-09-04T23:00:00+00:00,0.0002300903728112601
2025-09-05T00:00:00+00:00,0.00023261563290120265
2025-09-05T01:00:00+00:00,0.00023266394144806483
2025-09-05T02:00:00+00:00,0.00023107749928050715
2025-09-05T03:00:00+00:00,0.00023120417919292294
2025-09-05T04:00:00+00:00,0.0002309656408344213
2025-09-05T05:00:00+00:00,0.00023072127689235093
2025-09-05T06:00:00+00:00,0.0002304201729274512
2025-09-05T07:00:00+00:00,0.00023075488600231284
2025-09-05T08:00:00+00:00,0.00022605516461221916
2025-09-05T09:00:00+00:00,0.0002268788953966336
2025-09-05T10:00:00+00:00,0.0002274744721018009
2025-09-05T11:00:00+00:00,0.00022665178397294954
2025-09-05T12:00:00+00:00,0.00022634363341001774
2025-09-05T13:00:00+00:00,0.00022389563272574522
2025-09-05T14:00:00+00:00,0.0002251559516184963
2025-09-05T15:00:00+00:00,0.00023397634380087145
2025-09-05T16:00:00+00:00,0.0002334891286790827
2025-09-05T17:00:00+00:00,0.0002328115769131568
2025-09-05T18:00:00+00:00,0.00023303619858434905
2025-09-05T19:00:00+00:00,0.00023188924381879733
2025-09-05T20:00:00+00:00,0.0002312389303864403
2025-09-05T21:00:00+00:00,0.0002305035653686163
2025-09-05T22:00:00+00:00,0.0002325037499138637
2025-09-05T23:00:00+00:00,0.000231780764485212
2025-09-06T00:00:00+00:00,0.00023213839000186346
2025-09-06T01:00:00+00:00,0.00023129958509369804
2025-09-06T02:00:00+00:00,0.00023149676525439662
2025-09-06T03:00:00+00:00,0.00023136041221198927
2025-09-06T04:00:00+00:00,0.00023150037913176997
2025-09-06T05:00:00+00:00,0.00023201752672263575
2025-09-06T06:00:00+00:00,0.00023284086912291743
2025-09-06T07:00:00+00:00,0.00023239865600548808
2025-09-06T08:00:00+00:00,0.00023195600413974713
2025-09-06T09:00:00+00:00,0.00023195587360559647
2025-09-06T10:00:00+00:00,0.00023287432930901392
2025-09-06T11:00:00+00:00,0.00023247779637962886
2025-09-06T12:00:00+00:00,0.0002325405999298852
2025-09-06T13:00:00+00:00,0.0002325817353231694
2025-09-06T14:00:00+00:00,0.00023286130875547798
2025-09-06T15:00:00+00:00,0.00023273188220462586
2025-09-06T16:00:00+00:00,0.00023403094904853356
2025-09-06T17:00:00+00:00,0.00023315957122675427
2025-09-06T18:00:00+00:00,0.00023393171695725238
2025-09-06T19:00:00+00:00,0.00023364634428169707
2025-09-06T20:00:00+00:00,0.0002349296122277415
2025-09-06T21:00:00+00:00,0.0002337017478713845
2025-09-06T22:00:00+00:00,0.00023331112274553443
2025-09-06T23:00:00+00:00,0.00023371768712378326
2025-09-07T00:00:00+00:00,0.0002339847787787597
2025-09-07T01:00:00+00:00,0.00023334570536291305
2025-09-07T02:00:00+00:00,0.00023262935217768782
2025-09-07T03:00:00+00:00,0.00023235814529129736
2025-09-07T04:00:00+00:00,0.0002327868855485335
2025-09-07T05:00:00+00:00,0.0002324595806825715
2025-09-07T06:00:00+00:00,0.00023277601543962963
2025-09-07T07:00:00+00:00,0.00023335191794782745
2025-09-07T08:00:00+00:00,0.00023270701212648845
2025-09-07T09:00:00+00:00,0.0002323777542025606
2025-09-07T10:00:00+00:00,0.0002325165769444654
2025-09-07T11:00:00+00:00,0.00023230756106693668
2025-09-07T12:00:00+00:00,0.00023203850384634375
2025-09-07T13:00:00+00:00,0.00023250676589218645
2025-09-07T14:00:00+00:00,0.00023227799595046495
2025-09-07T15:00:00+00:00,0.00023263671818431778
2025-09-07T16:00:00+00:00,0.000232580874112515
2025-09-07T17:00:00+00:00,0.00023310010924201645
2025-09-07T18:00:00+00:00,0.00023379866348074288
2025-09-07T19:00:00+00:00,0.00023350514765742647
2025-09-07T20:00:00+00:00,0.0002330379513859482
2025-09-07T21:00:00+00:00,0.00023255587818669224
2025-09-07T22:00:00+00:00,0.00023297943498377162
2025-09-07T23:00:00+00:00,0.00023175596043922838
2025-09-08T00:00:00+00:00,0.00023220373773144969
2025-09-08T01:00:00+00:00,0.0002324334418477524
2025-09-08T02:00:00+00:00,0.0002330753243640758
2025-09-08T03:00:00+00:00,0.0002320612810426976
2025-09-08T04:00:00+00:00,0.0002317442349081901
2025-09-08T05:00:00+00:00,0.00023261745528154997
2025-09-08T06:00:00+00:00,0.00023273418800635057
2025-09-08T07:00:00+00:00,0.00023293984400748338
2025-09-08T08:00:00+00:00,0.0002330780104551966
2025-09-08T09:00:00+00:00,0.00023261266317991895
2025-09-08T10:00:00+00:00,0.00023162017698966653
2025-09-08T11:00:00+00:00,0.00023100644635378547
2025-09-08T12:00:00+00:00,0.0002317720242754533
2025-09-08T13:00:00+00:00,0.00023144733635738674
2025-09-08T14:00:00+00:00,0.00023117361419118678
2025-09-08T15:00:00+00:00,0.0002301821502398495
2025-09-08T16:00:00+00:00,0.00022891671271334186
2025-09-08T17:00:00+00:00,0.00023031681320744214
2025-09-08T18:00:00+00:00,0.00023189865576726194
2025-09-08T19:00:00+00:00,0.00023083884388913097
2025-09-08T20:00:00+00:00,0.00023296013336026334
2025-09-08T21:00:00+00:00,0.00023271572570257693
2025-09-08T22:00:00+00:00,0.0002315040544410562
2025-09-08T23:00:00+00:00,0.00023195653544816173
2025-09-09T00:00:00+00:00,0.00023198957078812807
2025-09-09T01:00:00+00:00,0.00023239873476390692
2025-09-09T02:00:00+00:00,0.00023321835492996992
2025-09-09T03:00:00+00:00,0.00023299731832972278
2025-09-09T04:00:00+00:00,0.00023218161681816697
2025-09-09T05:00:00+00:00,0.0002317388818455426
2025-09-09T06:00:00+00:00,0.0002316085103579812
2025-09-09T07:00:00+00:00,0.00022873362727416713
2025-09-09T08:00:00+00:00,0.0002292567581092869
2025-09-09T09:00:00+00:00,0.0002293401123909876
2025-09-09T10:00:00+00:00,0.00022947605784222368
2025-09-09T11:00:00+00:00,0.00022988402978354984
2025-09-09T12:00:00+00:00,0.00022995417763871416
2025-09-09T13:00:00+00:00,0.00023004383173696967
2025-09-09T14:00:00+00:00,0.00022986401210002723
2025-09-09T15:00:00+00:00,0.00023220219986963387
2025-09-09T16:00:00+00:00,0.0002331717375972731
2025-09-09T17:00:00+00:00,0.00023309888466592415
2025-09-09T18:00:00+00:00,0.0002332615452150159
2025-09-09T19:00:00+00:00,0.00023318110154117318
2025-09-09T20:00:00+00:00,0.00023283764009930386
2025-09-09T21:00:00+00:00,0.00023277805486983914
2025-09-09T22:00:00+00:00,0.00023238210798640543
2025-09-09T23:00:00+00:00,0.00023161956087138289
2025-09-10T00:00:00+00:00,0.000231872785158916
2025-09-10T01:00:00+00:00,0.0002332220116821452
2025-09-10T02:00:00+00:00,0.00023232790501759426
2025-09-10T03:00:00+00:00,0.00023173985813296623
2025-09-10T04:00:00+00:00,0.00023150620337625556
2025-09-10T05:00:00+00:00,0.00023192747787255204
2025-09-10T06:00:00+00:00,0.00023211775705772516
2025-09-10T07:00:00+00:00,0.000231701769202374
2025-09-10T08:00:00+00:00,0.00023089021855273996
2025-09-10T09:00:00+00:00,0.00023101425545420877
2025-09-10T10:00:00+00:00,0.00023116465279940696
2025-09-10T11:00:00+00:00,0.00023104157545361426
2025-09-10T12:00:00+00:00,0.00023095175462855638
2025-09-10T13:00:00+00:00,0.00022883456784393095
2025-09-10T14:00:00+00:00,0.00022643481306597684
2025-09-10T15:00:00+00:00,0.00022692842178820437
2025-09-10T16:00:00+00:00,0.0002269209500842935
2025-09-10T17:00:00+00:00,0.00022828436250160077
2025-09-10T18:00:00+00:00,0.00022916961196296274
2025-09-10T19:00:00+00:00,0.0002302032431280399
2025-09-10T20:00:00+00:00,0.0002315483615296982
2025-09-10T21:00:00+00:00,0.00023084043943213576
2025-09-10T22:00:00+00:00,0.0002297481514971502
2025-09-10T23:00:00+00:00,0.0002299613285209754
2025-09-11T00:00:00+00:00,0.00022997281943640195
2025-09-11T01:00:00+00:00,0.00022938774562525694
2025-09-11T02:00:00+00:00,0.00022894730911082747
2025-09-11T03:00:00+00:00,0.00022820389962708093
2025-09-11T04:00:00+00:00,0.00022692538560562415
2025-09-11T05:00:00+00:00,0.00022662874596933417
2025-09-11T06:00:00+00:00,0.00022624091444587382
2025-09-11T07:00:00+00:00,0.00022538399503296358
2025-09-11T08:00:00+00:00,0.0002251348064015942
2025-09-11T09:00:00+00:00,0.00022542979365734977
2025-09-11T10:00:00+00:00,0.00022632330220766954
2025-09-11T11:00:00+00:00,0.00022578183725186217
2025-09-11T12:00:00+00:00,0.00022532679786162142
2025-09-11T13:00:00+00:00,0.0002254892589870248
2025-09-11T14:00:00+00:00,0.00022534559236479803
2025-09-11T15:00:00+00:00,0.00022568032317951087
2025-09-11T16:00:00+00:00,0.0002270059729120374
2025-09-11T17:00:00+00:00,0.00022630420718534948
2025-09-11T18:00:00+00:00,0.0002255786324736005
2025-09-11T19:00:00+00:00,0.0002262687112731465
2025-09-11T20:00:00+00:00,0.00022590673883168854
2025-09-11T21:00:00+00:00,0.0002263665850957936
2025-09-11T22:00:00+00:00,0.00022565314257185282
2025-09-11T23:00:00+00:00,0.00022421142869013963
2025-09-12T00:00:00+00:00,0.00022420081653677274
2025-09-12T01:00:00+00:00,0.00022104239643799876
2025-09-12T02:00:00+00:00,0.0002220912222017641
2025-09-12T03:00:00+00:00,0.00022173381918214372
2025-09-12T04:00:00+00:00,0.0002218144462369964
2025-09-12T05:00:00+00:00,0.0002209798736760193
2025-09-12T06:00:00+00:00,0.0002197279265578745
2025-09-12T07:00:00+00:00,0.00022030669339126314
2025-09-12T08:00:00+00:00,0.0002207134414469557
2025-09-12T09:00:00+00:00,0.00022107671971163454
2025-09-12T10:00:00+00:00,0.00022147546958479724
2025-09-12T11:00:00+00:00,0.00022143779881730506
2025-09-12T12:00:00+00:00,0.0002212194073003769
2025-09-12T13:00:00+00:00,0.00022070471359828437
2025-09-12T14:00:00+00:00,0.00022035996546105447
2025-09-12T15:00:00+00:00,0.00021985418802356236
2025-09-12T16:00:00+00:00,0.0002198778724344938
2025-09-12T17:00:00+00:00,0.00021847031107555476
2025-09-12T18:00:00+00:00,0.00021687041702750335
2025-09-12T19:00:00+00:00,0.0002162035845388294
2025-09-12T20:00:00+00:00,0.00021452635176492983
2025-09-12T21:00:00+00:00,0.00021424962591139605
2025-09-12T22:00:00+00:00,0.0002146957760221019
2025-09-12T23:00:00+00:00,0.00021257728692603941
2025-09-13T00:00:00+00:00,0.00021231407288882674
2025-09-13T01:00:00+00:00,0.00021224059477536423
2025-09-13T02:00:00+00:00,0.00021242179629771377
2025-09-13T03:00:00+00:00,0.000212502454259048
2025-09-13T04:00:00+00:00,0.00020990436180407806
2025-09-13T05:00:00+00:00,0.00021053703165546181
2025-09-13T06:00:00+00:00,0.00021163160695544475
2025-09-13T07:00:00+00:00,0.00021218211309008943
2025-09-13T08:00:00+00:00,0.00021201463171732838
2025-09-13T09:00:00+00:00,0.00021148174516733053
2025-09-13T10:00:00+00:00,0.00021125904714557734
2025-09-13T11:00:00+00:00,0.00021189655448908807
2025-09-13T12:00:00+00:00,0.00021169676459115088
2025-09-13T13:00:00+00:00,0.00021168692003570687
2025-09-13T14:00:00+00:00,0.00021347927365683488
2025-09-13T15:00:00+00:00,0.0002130805566974934
2025-09-13T16:00:00+00:00,0.00021472584341196213
2025-09-13T17:00:00+00:00,0.00021637569033571303
2025-09-13T18:00:00+00:00,0.00021582671880097354
2025-09-13T19:00:00+00:00,0.00021518870400899498
2025-09-13T20:00:00+00:00,0.00021546328319629003
2025-09-13T21:00:00+00:00,0.00021452363097965765
2025-09-13T22:00:00+00:00,0.0002143519735311789
2025-09-13T23:00:00+00:00,0.00021450358312850607
2025-09-14T00:00:00+00:00,0.00021413500399195166
2025-09-14T01:00:00+00:00,0.0002139401801041694
2025-09-14T02:00:00+00:00,0.00021385212140872078
2025-09-14T03:00:00+00:00,0.00021333229572805416
2025-09-14T04:00:00+00:00,0.00021415235545592176
2025-09-14T05:00:00+00:00,0.0002144573195505964
2025-09-14T06:00:00+00:00,0.00021368551258783638
2025-09-14T07:00:00+00:00,0.00021419099610668334
2025-09-14T08:00:00+00:00,0.0002147833728839377
2025-09-14T09:00:00+00:00,0.00021455390196790252
2025-09-14T10:00:00+00:00,0.00021412623399090014
2025-09-14T11:00:00+00:00,0.00021438566272363673
2025-09-14T12:00:00+00:00,0.0002155106522022715
2025-09-14T13:00:00+00:00,0.00021585647082581597
2025-09-14T14:00:00+00:00,0.00021669545844800635
2025-09-14T15:00:00+00:00,0.00021718598297032105
2025-09-14T16:00:00+00:00,0.00021817801700385234
2025-09-14T17:00:00+00:00,0.00021759376536005366
2025-09-14T18:00:00+00:00,0.00021650832866552884
2025-09-14T19:00:00+00:00,0.0002171124665717048
2025-09-14T20:00:00+00:00,0.0002165437061346366
2025-09-14T21:00:00+00:00,0.00021646192803133097
2025-09-14T22:00:00+00:00,0.0002160499278176338
2025-09-14T23:00:00+00:00,0.00021593406765397138
2025-09-15T00:00:00+00:00,0.0002170080418762972
2025-09-15T01:00:00+00:00,0.00021726885297849478
2025-09-15T02:00:00+00:00,0.00021622909530154933
2025-09-15T03:00:00+00:00,0.00021624686406019616
2025-09-15T04:00:00+00:00,0.00021553572788964883
2025-09-15T05:00:00+00:00,0.00021533507061155378
2025-09-15T06:00:00+00:00,0.00021455967763759989
2025-09-15T07:00:00+00:00,0.00021578301080891617
2025-09-15T08:00:00+00:00,0.0002175081938810887
2025-09-15T09:00:00+00:00,0.00022146848452744394
2025-09-15T10:00:00+00:00,0.00022090417373624383
2025-09-15T11:00:00+00:00,0.00022063776404386505
2025-09-15T12:00:00+00:00,0.00022074890311778094
2025-09-15T13:00:00+00:00,0.00022141189618725225
2025-09-15T14:00:00+00:00,0.00022099083873146816
2025-09-15T15:00:00+00:00,0.00022122208814552186
2025-09-15T16:00:00+00:00,0.00022207688944842128
2025-09-15T17:00:00+00:00,0.00022241009180441046
2025-09-15T18:00:00+00:00,0.00022198976949913077
2025-09-15T19:00:00+00:00,0.00022200972292078534
2025-09-15T20:00:00+00:00,0.00022254308762945888
2025-09-15T21:00:00+00:00,0.00022155721318075272
2025-09-15T22:00:00+00:00,0.00022094556515298038
2025-09-15T23:00:00+00:00,0.00022141090863322664
2025-09-16T00:00:00+00:00,0.00022105050042421238
2025-09-16T01:00:00+00:00,0.00022149646891413385
2025-09-16T02:00:00+00:00,0.00022120910576264643
2025-09-16T03:00:00+00:00,0.00022134992874427178
2025-09-16T04:00:00+00:00,0.00022101623364187265
2025-09-16T05:00:00+00:00,0.00022127476174589345
2025-09-16T06:00:00+00:00,0.00022063939144994327
2025-09-16T07:00:00+00:00,0.00022186071535525533
2025-09-16T08:00:00+00:00,0.00022143054604411972
2025-09-16T09:00:00+00:00,0.00022160911017338775
2025-09-16T10:00:00+00:00,0.0002215623613083446
2025-09-16T11:00:00+00:00,0.00022214429900291508
2025-09-16T12:00:00+00:00,0.00022204098389268643
2025-09-16T13:00:00+00:00,0.00022211707922906098
2025-09-16T14:00:00+00:00,0.00022434748198935325
2025-09-16T15:00:00+00:00,0.00022487618710099368
2025-09-16T16:00:00+00:00,0.00022372629296548078
2025-09-16T17:00:00+00:00,0.0002238336954020051
2025-09-16T18:00:00+00:00,0.00022257491896580123
2025-09-16T19:00:00+00:00,0.00022311118624968021
2025-09-16T20:00:00+00:00,0.0002226091091014417
2025-09-16T21:00:00+00:00,0.00022238111011889212
2025-09-16T22:00:00+00:00,0.00022169400624562956
2025-09-16T23:00:00+00:00,0.00022100806248364204
2025-09-17T00:00:00+00:00,0.00022201024454741668
2025-09-17T01:00:00+00:00,0.0002214846876741803
2025-09-17T02:00:00+00:00,0.00022146205525103906
2025-09-17T03:00:00+00:00,0.00022058352790969634
2025-09-17T04:00:00+00:00,0.00022212172232690644
2025-09-17T05:00:00+00:00,0.0002234635256628916
2025-09-17T06:00:00+00:00,0.0002214125718009614
2025-09-17T07:00:00+00:00,0.00022001563992666255
2025-09-17T08:00:00+00:00,0.00021997997862691022
2025-09-17T09:00:00+00:00,0.00022167980401350724
2025-09-17T10:00:00+00:00,0.00022224290393485345
2025-09-17T11:00:00+00:00,0.00022293906363581506
2025-09-17T12:00:00+00:00,0.00022254652812179397
2025-09-17T13:00:00+00:00,0.00022203801172922407
2025-09-17T14:00:00+00:00,0.00022192724340757813
2025-09-17T15:00:00+00:00,0.00022265815146762594
2025-09-17T16:00:00+00:00,0.00022261689137919715
2025-09-17T17:00:00+00:00,0.00022258671061354995
2025-09-17T18:00:00+00:00,0.0002211903032194807
2025-09-17T19:00:00+00:00,0.00022406673675909113
2025-09-17T20:00:00+00:00,0.00022106175163676573
2025-09-17T21:00:00+00:00,0.0002221860973314606
2025-09-17T22:00:00+00:00,0.0002205458663888001
2025-09-17T23:00:00+00:00,0.00021737119068281077
2025-09-18T00:00:00+00:00,0.0002177286098478547
2025-09-18T01:00:00+00:00,0.00021799579555810126
2025-09-18T02:00:00+00:00,0.0002163152771793112
2025-09-18T03:00:00+00:00,0.0002166990209642262
2025-09-18T04:00:00+00:00,0.0002164129355881318
2025-09-18T05:00:00+00:00,0.00021696571954761255
2025-09-18T06:00:00+00:00,0.0002178945308433958
2025-09-18T07:00:00+00:00,0.00021853177871237632
2025-09-18T08:00:00+00:00,0.00021844296326705486
2025-09-18T09:00:00+00:00,0.00021722495482842907
2025-09-18T10:00:00+00:00,0.00021744630707932152
2025-09-18T11:00:00+00:00,0.0002184135536679884
2025-09-18T12:00:00+00:00,0.00021844614549888585
2025-09-18T13:00:00+00:00,0.00021848604301901546
2025-09-18T14:00:00+00:00,0.00021832189244743277
2025-09-18T15:00:00+00:00,0.0002174398513767485
2025-09-18T16:00:00+00:00,0.00021722057515076372
2025-09-18T17:00:00+00:00,0.00021599124342669727
2025-09-18T18:00:00+00:00,0.00021667855369902648
2025-09-18T19:00:00+00:00,0.00021642257316410125
2025-09-18T20:00:00+00:00,0.00021764142619502052
2025-09-18T21:00:00+00:00,0.00021713370704628626
2025-09-18T22:00:00+00:00,0.00021750032084808877
2025-09-18T23:00:00+00:00,0.00021786551518358574
2025-09-19T00:00:00+00:00,0.0002177755865785332
2025-09-19T01:00:00+00:00,0.00021684224554260708
2025-09-19T02:00:00+00:00,0.00021697559043987486
2025-09-19T03:00:00+00:00,0.00021768176864715827
2025-09-19T04:00:00+00:00,0.0002197290697723572
2025-09-19T05:00:00+00:00,0.00021940468214003023
2025-09-19T06:00:00+00:00,0.00022002504294606142
2025-09-19T07:00:00+00:00,0.00022079516160236555
2025-09-19T08:00:00+00:00,0.00022016636276895636
2025-09-19T09:00:00+00:00,0.00022037468689786486
2025-09-19T10:00:00+00:00,0.00022102296472103992
2025-09-19T11:00:00+00:00,0.00022070126213608008
2025-09-19T12:00:00+00:00,0.00022132528107983467
2025-09-19T13:00:00+00:00,0.00022121250510501146
2025-09-19T14:00:00+00:00,0.00022040331089758137
2025-09-19T15:00:00+00:00,0.0002221266319936701
2025-09-19T16:00:00+00:00,0.00022337669850862655
2025-09-19T17:00:00+00:00,0.0002229878683854782
2025-09-19T18:00:00+00:00,0.0002241087751306078
2025-09-19T19:00:00+00:00,0.00022435492987618542
2025-09-19T20:00:00+00:00,0.0002249699142761564
2025-09-19T21:00:00+00:00,0.00022407688825859152
2025-09-19T22:00:00+00:00,0.00022346857417038333
2025-09-19T23:00:00+00:00,0.00022361496096498734
2025-09-20T00:00:00+00:00,0.00022364330580706043
2025-09-20T01:00:00+00:00,0.00022334525359334477
2025-09-20T02:00:00+00:00,0.00022374267503640712
2025-09-20T03:00:00+00:00,0.00022379952771078504
2025-09-20T04:00:00+00:00,0.00022379647235857655
2025-09-20T05:00:00+00:00,0.00022332476362396878
2025-09-20T06:00:00+00:00,0.00022312748584773698
2025-09-20T07:00:00+00:00,0.00022338451272065665
2025-09-20T08:00:00+00:00,0.00022306490050879948
2025-09-20T09:00:00+00:00,0.00022362264600416234
2025-09-20T10:00:00+00:00,0.0002237342252393196
2025-09-20T11:00:00+00:00,0.0002238677608425292
2025-09-20T12:00:00+00:00,0.00022353960823050893
2025-09-20T13:00:00+00:00,0.00022385407942840933
2025-09-20T14:00:00+00:00,0.00022365013346241174
2025-09-20T15:00:00+00:00,0.00022258959923745174
2025-09-20T16:00:00+00:00,0.00022221150667250977
2025-09-20T17:00:00+00:00,0.0002220256639398211
2025-09-20T18:00:00+00:00,0.00022279225983158502
2025-09-20T19:00:00+00:00,0.00022331033701339118
2025-09-20T20:00:00+00:00,0.00022305139765389618
2025-09-20T21:00:00+00:00,0.0002228358568648261
2025-09-20T22:00:00+00:00,0.0002225394719946744
2025-09-20T23:00:00+00:00,0.00022236454529782796
2025-09-21T00:00:00+00:00,0.00022307498824594935
2025-09-21T01:00:00+00:00,0.00022266414320020955
2025-09-21T02:00:00+00:00,0.0002230390801922502
2025-09-21T03:00:00+00:00,0.00022306011886420507
2025-09-21T04:00:00+00:00,0.00022312454854934215
2025-09-21T05:00:00+00:00,0.0002234819272071641
2025-09-21T06:00:00+00:00,0.00022311376140142372
2025-09-21T07:00:00+00:00,0.00022281608829381223
2025-09-21T08:00:00+00:00,0.00022312369216058182
2025-09-21T09:00:00+00:00,0.00022356891520177626
2025-09-21T10:00:00+00:00,0.0002238661270247556
2025-09-21T11:00:00+00:00,0.00022410841585891427
2025-09-21T12:00:00+00:00,0.00022396621814608193
2025-09-21T13:00:00+00:00,0.00022374962417266538
2025-09-21T14:00:00+00:00,0.00022322013818527368
2025-09-21T15:00:00+00:00,0.0002234146248394267
2025-09-21T16:00:00+00:00,0.00022295988888080648
2025-09-21T17:00:00+00:00,0.00022371989781055246
2025-09-21T18:00:00+00:00,0.0002228410210099292
2025-09-21T19:00:00+00:00,0.00022228134556830353
2025-09-21T20:00:00+00:00,0.00022241560333545175
2025-09-21T21:00:00+00:00,0.00022332073947074275
2025-09-21T22:00:00+00:00,0.00022330221822383636
2025-09-21T23:00:00+00:00,0.00022380184662274433
2025-09-22T00:00:00+00:00,0.00022484864459199817
2025-09-22T01:00:00+00:00,0.00023044877293956783
2025-09-22T02:00:00+00:00,0.00023077948519627933
2025-09-22T03:00:00+00:00,0.0002329883391429407
2025-09-22T04:00:00+00:00,0.00023216912368754613
2025-09-22T05:00:00+00:00,0.0002330270335989215
2025-09-22T06:00:00+00:00,0.00023764417537695007
2025-09-22T07:00:00+00:00,0.00023835022143955806
2025-09-22T08:00:00+00:00,0.0002379741471306463
2025-09-22T09:00:00+00:00,0.00023811553222363835
2025-09-22T10:00:00+00:00,0.00024049948142765477
2025-09-22T11:00:00+00:00,0.000238938655154697
2025-09-22T12:00:00+00:00,0.0002390508027167934
2025-09-22T13:00:00+00:00,0.0002383633147054388
2025-09-22T14:00:00+00:00,0.00023815212208319598
2025-09-22T15:00:00+00:00,0.000238279814484185
2025-09-22T16:00:00+00:00,0.000239693265661734
2025-09-22T17:00:00+00:00,0.00023985249499094415
2025-09-22T18:00:00+00:00,0.00023981909196595075
2025-09-22T19:00:00+00:00,0.000240293927409537
2025-09-22T20:00:00+00:00,0.0002413802070364879
2025-09-22T21:00:00+00:00,0.0002390570883040989
2025-09-22T22:00:00+00:00,0.00023829600633501298
2025-09-22T23:00:00+00:00,0.00023856071526168025
2025-09-23T00:00:00+00:00,0.0002380237471750118
2025-09-23T01:00:00+00:00,0.00023835426285028028
2025-09-23T02:00:00+00:00,0.000239613473040495
2025-09-23T03:00:00+00:00,0.0002407174998033162
2025-09-23T04:00:00+00:00,0.0002385227698801185
2025-09-23T05:00:00+00:00,0.0002391563702101994
2025-09-23T06:00:00+00:00,0.00023871424551645168
2025-09-23T07:00:00+00:00,0.00023762181328302264
2025-09-23T08:00:00+00:00,0.00023757963384832623
2025-09-23T09:00:00+00:00,0.0002374268205176958
2025-09-23T10:00:00+00:00,0.00023826890507455068
2025-09-23T11:00:00+00:00,0.00023840082977167595
2025-09-23T12:00:00+00:00,0.00023827784998304864
2025-09-23T13:00:00+00:00,0.00023829914607983836
2025-09-23T14:00:00+00:00,0.0002386067326516935
2025-09-23T15:00:00+00:00,0.00023880427513157243
2025-09-23T16:00:00+00:00,0.0002389109830345616
2025-09-23T17:00:00+00:00,0.0002384640112488717
2025-09-23T18:00:00+00:00,0.00024089162237618005
2025-09-23T19:00:00+00:00,0.00024050809048135427
2025-09-23T20:00:00+00:00,0.00024071353250681592
2025-09-23T21:00:00+00:00,0.00023992015179384523
2025-09-23T22:00:00+00:00,0.00023893399613497226
2025-09-23T23:00:00+00:00,0.00023918826093058745
2025-09-24T00:00:00+00:00,0.00024002964139290892
2025-09-24T01:00:00+00:00,0.0002394553326682998
2025-09-24T02:00:00+00:00,0.00023846632182534096
2025-09-24T03:00:00+00:00,0.00023978515175863182
2025-09-24T04:00:00+00:00,0.00024116478095282388
2025-09-24T05:00:00+00:00,0.00024137768415338572
2025-09-24T06:00:00+00:00,0.00023951903202665332
2025-09-24T07:00:00+00:00,0.00023911166786188555
2025-09-24T08:00:00+00:00,0.00023954760482557567
2025-09-24T09:00:00+00:00,0.00023951944115626112
2025-09-24T10:00:00+00:00,0.00023900222493846977
2025-09-24T11:00:00+00:00,0.000239355592831643
2025-09-24T12:00:00+00:00,0.00023901656760780916
2025-09-24T13:00:00+00:00,0.00023909751455192458
2025-09-24T14:00:00+00:00,0.00024041116306550508
2025-09-24T15:00:00+00:00,0.00023805024582346967
2025-09-24T16:00:00+00:00,0.0002394756886784037
2025-09-24T17:00:00+00:00,0.00023951744688573698
2025-09-24T18:00:00+00:00,0.00023880961054068117
2025-09-24T19:00:00+00:00,0.000239544619025893
2025-09-24T20:00:00+00:00,0.00023999133233608132
2025-09-24T21:00:00+00:00,0.00023976193355542194
2025-09-24T22:00:00+00:00,0.00024087604189895715
2025-09-24T23:00:00+00:00,0.00024056337105731363
2025-09-25T00:00:00+00:00,0.00024072619116936116
2025-09-25T01:00:00+00:00,0.00024189841835920716
2025-09-25T02:00:00+00:00,0.00024409581527284863
2025-09-25T03:00:00+00:00,0.0002439052327610529
2025-09-25T04:00:00+00:00,0.00024711173610334115
2025-09-25T05:00:00+00:00,0.00024962890595039397
2025-09-25T06:00:00+00:00,0.0002483355806382022
2025-09-25T07:00:00+00:00,0.00025009774252298316
2025-09-25T08:00:00+00:00,0.00024933671744292897
2025-09-25T09:00:00+00:00,0.0002490704495505462
2025-09-25T10:00:00+00:00,0.0002483510377937381
2025-09-25T11:00:00+00:00,0.00024892038213404616
2025-09-25T12:00:00+00:00,0.00024972425670175653
2025-09-25T13:00:00+00:00,0.0002512111182879992
2025-09-25T14:00:00+00:00,0.00025140412781240497
2025-09-25T15:00:00+00:00,0.0002492460008903123
2025-09-25T16:00:00+00:00,0.00024991430862852666
2025-09-25T17:00:00+00:00,0.0002536863820461093
2025-09-25T18:00:00+00:00,0.0002598912703804965
2025-09-25T19:00:00+00:00,0.00025420949071992013
2025-09-25T20:00:00+00:00,0.0002549928182986403
2025-09-25T21:00:00+00:00,0.0002569359360050669
2025-09-25T22:00:00+00:00,0.0002559406682406349
2025-09-25T23:00:00+00:00,0.0002566024673092246
2025-09-26T00:00:00+00:00,0.0002587858613525954
2025-09-26T01:00:00+00:00,0.0002548639019035162
2025-09-26T02:00:00+00:00,0.0002532192786535678
2025-09-26T03:00:00+00:00,0.0002524716736777296
2025-09-26T04:00:00+00:00,0.00025181008113914563
2025-09-26T05:00:00+00:00,0.0002531043369291431
2025-09-26T06:00:00+00:00,0.0002547895894496371
2025-09-26T07:00:00+00:00,0.00025474507446975573
2025-09-26T08:00:00+00:00,0.00025367378615746643
2025-09-26T09:00:00+00:00,0.0002539484508626905
2025-09-26T10:00:00+00:00,0.0002553311092494444
2025-09-26T11:00:00+00:00,0.0002569265558572522
2025-09-26T12:00:00+00:00,0.0002559075699026218
2025-09-26T13:00:00+00:00,0.0002541907851014687
2025-09-26T14:00:00+00:00,0.0002511662713251695
2025-09-26T15:00:00+00:00,0.00025422185853718444
2025-09-26T16:00:00+00:00,0.00025326430231736933
2025-09-26T17:00:00+00:00,0.0002504365351194814
2025-09-26T18:00:00+00:00,0.00024750256839083687
2025-09-26T19:00:00+00:00,0.0002470936829957678
2025-09-26T20:00:00+00:00,0.00024828934817916926
2025-09-26T21:00:00+00:00,0.0002493415078773845
2025-09-26T22:00:00+00:00,0.00024872257375855244
2025-09-26T23:00:00+00:00,0.00024818853781877285
2025-09-27T00:00:00+00:00,0.0002476280377589359
2025-09-27T01:00:00+00:00,0.00024814268543584233
2025-09-27T02:00:00+00:00,0.000248722990755626
2025-09-27T03:00:00+00:00,0.00024900644134752284
2025-09-27T04:00:00+00:00,0.00024862135667584915
2025-09-27T05:00:00+00:00,0.0002483979865233048
2025-09-27T06:00:00+00:00,0.00024859824891531256
2025-09-27T07:00:00+00:00,0.00024860852380057495
2025-09-27T08:00:00+00:00,0.00024924805603749564
2025-09-27T09:00:00+00:00,0.00025068044954400785
2025-09-27T10:00:00+00:00,0.00025011947729502873
2025-09-27T11:00:00+00:00,0.000249272974901416
2025-09-27T12:00:00+00:00,0.0002498344366288156
2025-09-27T13:00:00+00:00,0.0002483499552633286
2025-09-27T14:00:00+00:00,0.00024860935126096775
2025-09-27T15:00:00+00:00,0.00024912334911317437
2025-09-27T16:00:00+00:00,0.0002486094543810109
2025-09-27T17:00:00+00:00,0.000249499454796537
2025-09-27T18:00:00+00:00,0.00024976070388248845
2025-09-27T19:00:00+00:00,0.00025028200238631364
2025-09-27T20:00:00+00:00,0.0002497503634872627
2025-09-27T21:00:00+00:00,0.0002494130017340224
2025-09-27T22:00:00+00:00,0.0002488322913668117
2025-09-27T23:00:00+00:00,0.00024841095302171126
2025-09-28T00:00:00+00:00,0.00024873717387066435
2025-09-28T01:00:00+00:00,0.00024884138449328137
2025-09-28T02:00:00+00:00,0.00024993953909162927
2025-09-28T03:00:00+00:00,0.00024970826305293383
2025-09-28T04:00:00+00:00,0.0002496228805833631
2025-09-28T05:00:00+00:00,0.0002496161864589363
2025-09-28T06:00:00+00:00,0.0002491310321420057
2025-09-28T07:00:00+00:00,0.00024944956388612535
2025-09-28T08:00:00+00:00,0.00024903957395087256
2025-09-28T09:00:00+00:00,0.000249612440172268
2025-09-28T10:00:00+00:00,0.0002501160881398414
2025-09-28T11:00:00+00:00,0.0002501014159403951
2025-09-28T12:00:00+00:00,0.00025036244551607744
2025-09-28T13:00:00+00:00,0.0002510909036546845
2025-09-28T14:00:00+00:00,0.00024895361525543053
2025-09-28T15:00:00+00:00,0.00024838459190013143
2025-09-28T16:00:00+00:00,0.00024849633679251094
2025-09-28T17:00:00+00:00,0.00024784940720630044
2025-09-28T18:00:00+00:00,0.00024740318782825896
2025-09-28T19:00:00+00:00,0.00024733688738630654
2025-09-28T20:00:00+00:00,0.0002474912427451082
2025-09-28T21:00:00+00:00,0.00024662915653782074
2025-09-28T22:00:00+00:00,0.0002470624652775329
2025-09-28T23:00:00+00:00,0.00024181773687958894
2025-09-29T00:00:00+00:00,0.0002413665361559508
2025-09-29T01:00:00+00:00,0.00024224310480805577
2025-09-29T02:00:00+00:00,0.00024271120054411978
2025-09-29T03:00:00+00:00,0.00024312096173950917
2025-09-29T04:00:00+00:00,0.00024270299103110323
2025-09-29T05:00:00+00:00,0.0002426633861318457
2025-09-29T06:00:00+00:00,0.00024298144037364805
2025-09-29T07:00:00+00:00,0.00024391684171927458
2025-09-29T08:00:00+00:00,0.00024321631772458884
2025-09-29T09:00:00+00:00,0.00024209356459451014
2025-09-29T10:00:00+00:00,0.00024186640764991353
2025-09-29T11:00:00+00:00,0.00024250480475776766
2025-09-29T12:00:00+00:00,0.0002435898751228805
2025-09-29T13:00:00+00:00,0.00024368430274934407
2025-09-29T14:00:00+00:00,0.0002395323892400153
2025-09-29T15:00:00+00:00,0.00023812958353662599
2025-09-29T16:00:00+00:00,0.00024000502742766068
2025-09-29T17:00:00+00:00,0.00024105243231633207
2025-09-29T18:00:00+00:00,0.00024044153573911758
2025-09-29T19:00:00+00:00,0.00024013544628157045
2025-09-29T20:00:00+00:00,0.0002386802074223669
2025-09-29T21:00:00+00:00,0.00023655892409087253
2025-09-29T22:00:00+00:00,0.0002365592843706572
2025-09-29T23:00:00+00:00,0.00023683070388290833
2025-09-30T00:00:00+00:00,0.0002371213460447081
2025-09-30T01:00:00+00:00,0.0002371829942133129
2025-09-30T02:00:00+00:00,0.00023780841857973608
2025-09-30T03:00:00+00:00,0.00023786732086380924
2025-09-30T04:00:00+00:00,0.00023792293739853955
2025-09-30T05:00:00+00:00,0.000238570543177832
2025-09-30T06:00:00+00:00,0.00023892887690017125
2025-09-30T07:00:00+00:00,0.0002383129782231224
2025-09-30T08:00:00+00:00,0.0002389966811289235
2025-09-30T09:00:00+00:00,0.00023966751695677765
2025-09-30T10:00:00+00:00,0.00024106348370048534
2025-09-30T11:00:00+00:00,0.00024006756597957278
2025-09-30T12:00:00+00:00,0.0002399275307864432
2025-09-30T13:00:00+00:00,0.00024008565111783585
2025-09-30T14:00:00+00:00,0.00024098982523910374
2025-09-30T15:00:00+00:00,0.00024110316650874426
2025-09-30T16:00:00+00:00,0.00024276668074023239
2025-09-30T17:00:00+00:00,0.00024406779427932224
2025-09-30T18:00:00+00:00,0.00024367678837181622
2025-09-30T19:00:00+00:00,0.0002430770499587574
2025-09-30T20:00:00+00:00,0.0002401981279362387
2025-09-30T21:00:00+00:00,0.0002382956910572008
2025-09-30T22:00:00+00:00,0.00023956700146342944
2025-09-30T23:00:00+00:00,0.00024146825432584118
2025-10-01T00:00:00+00:00,0.00024122744100336767
2025-10-01T01:00:00+00:00,0.00024115100686016505
2025-10-01T02:00:00+00:00,0.00023952254030936738
2025-10-01T03:00:00+00:00,0.000240712290229549
2025-10-01T04:00:00+00:00,0.00024197310864919571
2025-10-01T05:00:00+00:00,0.0002413708972919639
2025-10-01T06:00:00+00:00,0.0002409156009666386
2025-10-01T07:00:00+00:00,0.00024185858300918416
2025-10-01T08:00:00+00:00,0.00024126250068380372
2025-10-01T09:00:00+00:00,0.0002335243786261524
2025-10-01T10:00:00+00:00,0.00023159842204093336
2025-10-01T11:00:00+00:00,0.00023336006857067253
2025-10-01T12:00:00+00:00,0.00023257754475911906
2025-10-01T13:00:00+00:00,0.0002333401631971334
2025-10-01T14:00:00+00:00,0.00023266734109014797
2025-10-01T15:00:00+00:00,0.00023101583426208904
2025-10-01T16:00:00+00:00,0.00023088705239236325
2025-10-01T17:00:00+00:00,0.00023095080531823064
2025-10-01T18:00:00+00:00,0.00023258297520500627
2025-10-01T19:00:00+00:00,0.0002315994823809418
2025-10-01T20:00:00+00:00,0.00023055192333545801
2025-10-01T21:00:00+00:00,0.0002307198931415488
2025-10-01T22:00:00+00:00,0.00023220849455219146
2025-10-01T23:00:00+00:00,0.00023170155439749816
2025-10-02T00:00:00+00:00,0.00023016014048049126
2025-10-02T01:00:00+00:00,0.00023051505235724865
2025-10-02T02:00:00+00:00,0.00022745821792060058
2025-10-02T03:00:00+00:00,0.0002278051608549131
2025-10-02T04:00:00+00:00,0.00022831893042010682
2025-10-02T05:00:00+00:00,0.00022859833033688097
2025-10-02T06:00:00+00:00,0.0002279110812363139
2025-10-02T07:00:00+00:00,0.0002272612003854908
2025-10-02T08:00:00+00:00,0.00022836256531511993
2025-10-02T09:00:00+00:00,0.00022781824910732208
2025-10-02T10:00:00+00:00,0.0002274514448208403
2025-10-02T11:00:00+00:00,0.00022806660513971692
2025-10-02T12:00:00+00:00,0.00022783044132211364
2025-10-02T13:00:00+00:00,0.00022744165588630815
2025-10-02T14:00:00+00:00,0.00022627372038165754
2025-10-02T15:00:00+00:00,0.0002286683195043487
2025-10-02T16:00:00+00:00,0.00022546958453202812
2025-10-02T17:00:00+00:00,0.00022458960055355562
2025-10-02T18:00:00+00:00,0.00022363655752197722
2025-10-02T19:00:00+00:00,0.00022259592868614566
2025-10-02T20:00:00+00:00,0.0002224673902829733
2025-10-02T21:00:00+00:00,0.0002228514899378503
2025-10-02T22:00:00+00:00,0.0002235101317178882
2025-10-02T23:00:00+00:00,0.00022401082740438835
2025-10-03T00:00:00+00:00,0.0002229437579664825
2025-10-03T01:00:00+00:00,0.00022347068210419593
2025-10-03T02:00:00+00:00,0.0002233447996000926
2025-10-03T03:00:00+00:00,0.00022191286676914948
2025-10-03T04:00:00+00:00,0.00022120791209159603
2025-10-03T05:00:00+00:00,0.0002222435635172371
2025-10-03T06:00:00+00:00,0.00022321306604275134
2025-10-03T07:00:00+00:00,0.0002236874753957624
2025-10-03T08:00:00+00:00,0.00022418601437671274
2025-10-03T09:00:00+00:00,0.0002240705934057719
2025-10-03T10:00:00+00:00,0.0002234299320826941
2025-10-03T11:00:00+00:00,0.0002225106499442113
2025-10-03T12:00:00+00:00,0.000223104701606521
2025-10-03T13:00:00+00:00,0.00022290748280106987
2025-10-03T14:00:00+00:00,0.00022363722445122277
2025-10-03T15:00:00+00:00,0.00022278245699669828
2025-10-03T16:00:00+00:00,0.00022015991852851016
2025-10-03T17:00:00+00:00,0.0002199010303954985
2025-10-03T18:00:00+00:00,0.00022343885698541244
2025-10-03T19:00:00+00:00,0.00022203477000406097
2025-10-03T20:00:00+00:00,0.0002211762138598479
2025-10-03T21:00:00+00:00,0.00022064854403109935
2025-10-03T22:00:00+00:00,0.00022106748390353576
2025-10-03T23:00:00+00:00,0.000220745681116646
2025-10-04T00:00:00+00:00,0.0002215038664419138
2025-10-04T01:00:00+00:00,0.0002221710956539096
2025-10-04T02:00:00+00:00,0.00022306241799763263
2025-10-04T03:00:00+00:00,0.0002227827980420822
2025-10-04T04:00:00+00:00,0.00022274663121666212
2025-10-04T05:00:00+00:00,0.00022238698134390897
2025-10-04T06:00:00+00:00,0.00022190015750653364
2025-10-04T07:00:00+00:00,0.00022177960517416313
2025-10-04T08:00:00+00:00,0.0002223010347512407
2025-10-04T09:00:00+00:00,0.00022249924084624637
2025-10-04T10:00:00+00:00,0.00022265145153093429
2025-10-04T11:00:00+00:00,0.00022273796855919385
2025-10-04T12:00:00+00:00,0.00022286116140791398
2025-10-04T13:00:00+00:00,0.00022302428379309398
2025-10-04T14:00:00+00:00,0.00022211949145505656
2025-10-04T15:00:00+00:00,0.000223267608810464
2025-10-04T16:00:00+00:00,0.00022423476732525064
2025-10-04T17:00:00+00:00,0.0002239120888397635
2025-10-04T18:00:00+00:00,0.0002241010586988771
2025-10-04T19:00:00+00:00,0.00022454577828018293
2025-10-04T20:00:00+00:00,0.0002237434353463331
2025-10-04T21:00:00+00:00,0.00022327410056773622
2025-10-04T22:00:00+00:00,0.000222836898588001
2025-10-04T23:00:00+00:00,0.00022260118243548927
2025-10-05T00:00:00+00:00,0.00022273198854669014
2025-10-05T01:00:00+00:00,0.00022355513772769647
2025-10-05T02:00:00+00:00,0.00022270974561290342
2025-10-05T03:00:00+00:00,0.00021929758555849644
2025-10-05T04:00:00+00:00,0.0002200244648565801
2025-10-05T05:00:00+00:00,0.00021835350986386238
2025-10-05T06:00:00+00:00,0.00021884375917913986
2025-10-05T07:00:00+00:00,0.00021916929534219923
2025-10-05T08:00:00+00:00,0.00021697231813036256
2025-10-05T09:00:00+00:00,0.00021796889209264487
2025-10-05T10:00:00+00:00,0.00021928740775388665
2025-10-05T11:00:00+00:00,0.0002200438696798876
2025-10-05T12:00:00+00:00,0.00021955381977686018
2025-10-05T13:00:00+00:00,0.00022036613484618988
2025-10-05T14:00:00+00:00,0.00022036645954353297
2025-10-05T15:00:00+00:00,0.000220423266784578
2025-10-05T16:00:00+00:00,0.00022056024030386813
2025-10-05T17:00:00+00:00,0.00022125723125767223
2025-10-05T18:00:00+00:00,0.00022180349388748683
2025-10-05T19:00:00+00:00,0.00022119686342535584
2025-10-05T20:00:00+00:00,0.00022266232535052955
2025-10-05T21:00:00+00:00,0.00022197458551598522
2025-10-05T22:00:00+00:00,0.00022181801292798435
2025-10-05T23:00:00+00:00,0.00022167590760601886
2025-10-06T00:00:00+00:00,0.00022140243954269797
2025-10-06T01:00:00+00:00,0.00022219760362181574
2025-10-06T02:00:00+00:00,0.0002207502417573636
2025-10-06T03:00:00+00:00,0.00022030987571667563
2025-10-06T04:00:00+00:00,0.00022046716633434462
2025-10-06T05:00:00+00:00,0.00022108560741912182
2025-10-06T06:00:00+00:00,0.00022075039055875588
2025-10-06T07:00:00+00:00,0.00021931470607910815
2025-10-06T08:00:00+00:00,0.00022058397541708055
2025-10-06T09:00:00+00:00,0.00021911829578610007
2025-10-06T10:00:00+00:00,0.0002183724280065521
2025-10-06T11:00:00+00:00,0.0002185292048805055
2025-10-06T12:00:00+00:00,0.00021862955895567176
2025-10-06T13:00:00+00:00,0.00021827025029452866
2025-10-06T14:00:00+00:00,0.00021609037283262895
2025-10-06T15:00:00+00:00,0.00021502389774071988
2025-10-06T16:00:00+00:00,0.00021360204645132916
2025-10-06T17:00:00+00:00,0.00021367108894914554
2025-10-06T18:00:00+00:00,0.00021245071163419438
2025-10-06T19:00:00+00:00,0.0002120784122672505
2025-10-06T20:00:00+00:00,0.00021258575449837347
2025-10-06T21:00:00+00:00,0.00021318792863600074
2025-10-06T22:00:00+00:00,0.00021353331352599197
2025-10-06T23:00:00+00:00,0.00021265215081168272
2025-10-07T00:00:00+00:00,0.0002132039497186842
2025-10-07T01:00:00+00:00,0.00021357994367081522
2025-10-07T02:00:00+00:00,0.00021380857573383602
2025-10-07T03:00:00+00:00,0.00021346848302344695
2025-10-07T04:00:00+00:00,0.00021304455741221032
2025-10-07T05:00:00+00:00,0.00021195760915817882
2025-10-07T06:00:00+00:00,0.00021211552784073355
2025-10-07T07:00:00+00:00,0.00021384784821667767
2025-10-07T08:00:00+00:00,0.00021379591697059813
2025-10-07T09:00:00+00:00,0.00021384073602285833
2025-10-07T10:00:00+00:00,0.00021351988388579725
2025-10-07T11:00:00+00:00,0.0002128954183445105
2025-10-07T12:00:00+00:00,0.0002123050581349002
2025-10-07T13:00:00+00:00,0.00021056112840612629
2025-10-07T14:00:00+00:00,0.00021234457262748801
2025-10-07T15:00:00+00:00,0.00021714410693101968
2025-10-07T16:00:00+00:00,0.00022173570388499017
2025-10-07T17:00:00+00:00,0.00022215495907203876
2025-10-07T18:00:00+00:00,0.0002231978244790811
2025-10-07T19:00:00+00:00,0.00022381514685371214
2025-10-07T20:00:00+00:00,0.0002229785417817116
2025-10-07T21:00:00+00:00,0.00022151489429920627
2025-10-07T22:00:00+00:00,0.00022287772834261033
2025-10-07T23:00:00+00:00,0.0002222993782268376
2025-10-08T00:00:00+00:00,0.00022441667923908112
2025-10-08T01:00:00+00:00,0.0002232155359067943
2025-10-08T02:00:00+00:00,0.00022286686495792525
2025-10-08T03:00:00+00:00,0.0002229436649153281
2025-10-08T04:00:00+00:00,0.00022509695695298367
2025-10-08T05:00:00+00:00,0.00022427518002023672
2025-10-08T06:00:00+00:00,0.00022534083998724936
2025-10-08T07:00:00+00:00,0.00022455216867179332
2025-10-08T08:00:00+00:00,0.00022391260946271813
2025-10-08T09:00:00+00:00,0.0002230916864982165
2025-10-08T10:00:00+00:00,0.00022312492007412453
2025-10-08T11:00:00+00:00,0.00022208316450505106
2025-10-08T12:00:00+00:00,0.00022273356445383314
2025-10-08T13:00:00+00:00,0.00022342647808750766
2025-10-08T14:00:00+00:00,0.00022375224597272794
2025-10-08T15:00:00+00:00,0.00022434404980590912
2025-10-08T16:00:00+00:00,0.0002246753936187643
2025-10-08T17:00:00+00:00,0.0002224233027016694
2025-10-08T18:00:00+00:00,0.00022044577490117244
2025-10-08T19:00:00+00:00,0.00022062325401290127
2025-10-08T20:00:00+00:00,0.0002213288619367062
2025-10-08T21:00:00+00:00,0.00022169792754170355
2025-10-08T22:00:00+00:00,0.0002212389774707696
2025-10-08T23:00:00+00:00,0.00022087430185917524
2025-10-09T00:00:00+00:00,0.00022080183257126596
2025-10-09T01:00:00+00:00,0.0002213244178354436
2025-10-09T02:00:00+00:00,0.0002233631205904422
2025-10-09T03:00:00+00:00,0.00022652612423669995
2025-10-09T04:00:00+00:00,0.0002245466385566047
2025-10-09T05:00:00+00:00,0.00022439311058379533
2025-10-09T06:00:00+00:00,0.0002244074941501759
2025-10-09T07:00:00+00:00,0.00022569451450033787
2025-10-09T08:00:00+00:00,0.00022543423439001046
2025-10-09T09:00:00+00:00,0.0002309158955787108
2025-10-09T10:00:00+00:00,0.0002306756706537533
2025-10-09T11:00:00+00:00,0.00022950945846714123
2025-10-09T12:00:00+00:00,0.00022855819142663557
2025-10-09T13:00:00+00:00,0.00022707583457504707
2025-10-09T14:00:00+00:00,0.00022889806932750736
2025-10-09T15:00:00+00:00,0.00023036305915082424
2025-10-09T16:00:00+00:00,0.000231627942070675
2025-10-09T17:00:00+00:00,0.00023265904838375465
2025-10-09T18:00:00+00:00,0.00023137902271780237
2025-10-09T19:00:00+00:00,0.00023222023983871648
2025-10-09T20:00:00+00:00,0.000230671465381169
2025-10-09T21:00:00+00:00,0.00023043649593785604
2025-10-09T22:00:00+00:00,0.00022945977281574236
2025-10-09T23:00:00+00:00,0.0002283256595111861
2025-10-10T00:00:00+00:00,0.0002288581285525977
2025-10-10T01:00:00+00:00,0.00022811867505659954
2025-10-10T02:00:00+00:00,0.0002285492814228273
2025-10-10T03:00:00+00:00,0.000229266969391803
2025-10-10T04:00:00+00:00,0.0002296572910965123
2025-10-10T05:00:00+00:00,0.00023010791894559362
2025-10-10T06:00:00+00:00,0.00022885830702118088
2025-10-10T07:00:00+00:00,0.00023108043470396699
2025-10-10T08:00:00+00:00,0.00023101490072807842
2025-10-10T09:00:00+00:00,0.00023017069473198708
2025-10-10T10:00:00+00:00,0.00023126953200440102
2025-10-10T11:00:00+00:00,0.0002301498779962113
2025-10-10T12:00:00+00:00,0.00023004051249212048
2025-10-10T13:00:00+00:00,0.0002299750988833138
2025-10-10T14:00:00+00:00,0.00022976664277737794
2025-10-10T15:00:00+00:00,0.0002310546162324885
2025-10-10T16:00:00+00:00,0.0002440404104766004
2025-10-10T17:00:00+00:00,0.00024330480538431787
2025-10-10T18:00:00+00:00,0.00024417510065128495
2025-10-10T19:00:00+00:00,0.00024622121044782423
2025-10-10T20:00:00+00:00,0.00024942647838163814
2025-10-10T21:00:00+00:00,0.0002570680385473282
2025-10-10T22:00:00+00:00,0.00025530464094083207
2025-10-10T23:00:00+00:00,0.00025903427345743476
2025-10-11T00:00:00+00:00,0.00026071855002226434
2025-10-11T01:00:00+00:00,0.00025989614418936994
2025-10-11T02:00:00+00:00,0.0002663825131714353
2025-10-11T03:00:00+00:00,0.0002599668743032125
2025-10-11T04:00:00+00:00,0.000263235121877766
2025-10-11T05:00:00+00:00,0.0002613809053550983
2025-10-11T06:00:00+00:00,0.0002632484515646972
2025-10-11T07:00:00+00:00,0.0002640873103385683
2025-10-11T08:00:00+00:00,0.00026580130851035737
2025-10-11T09:00:00+00:00,0.00026155373649460763
2025-10-11T10:00:00+00:00,0.0002609985371778613
2025-10-11T11:00:00+00:00,0.0002605772255135127
2025-10-11T12:00:00+00:00,0.0002604777265565178
2025-10-11T13:00:00+00:00,0.00026137438187943826
2025-10-11T14:00:00+00:00,0.0002606186384636832
2025-10-11T15:00:00+00:00,0.0002618923163228944
2025-10-11T16:00:00+00:00,0.0002607993250135289
2025-10-11T17:00:00+00:00,0.0002614594663872308
2025-10-11T18:00:00+00:00,0.0002610696359960965
2025-10-11T19:00:00+00:00,0.0002619618556329948
2025-10-11T20:00:00+00:00,0.0002656050233999816
2025-10-11T21:00:00+00:00,0.0002712043785957433
2025-10-11T22:00:00+00:00,0.00026734067502530076
2025-10-11T23:00:00+00:00,0.0002669246549126279
2025-10-12T00:00:00+00:00,0.0002668162848784274
2025-10-12T01:00:00+00:00,0.000269675813913763
2025-10-12T02:00:00+00:00,0.0002688096710859952
2025-10-12T03:00:00+00:00,0.0002675050721256676
2025-10-12T04:00:00+00:00,0.0002643903042670835
2025-10-12T05:00:00+00:00,0.0002628992370262402
2025-10-12T06:00:00+00:00,0.0002622203767636807
2025-10-12T07:00:00+00:00,0.00026074773210982776
2025-10-12T08:00:00+00:00,0.0002610573233636985
2025-10-12T09:00:00+00:00,0.00026118735186794794
2025-10-12T10:00:00+00:00,0.00026002246839110243
2025-10-12T11:00:00+00:00,0.0002617833939594597
2025-10-12T12:00:00+00:00,0.0002614901156814812
2025-10-12T13:00:00+00:00,0.00026109845446645365
2025-10-12T14:00:00+00:00,0.0002617089714140258
2025-10-12T15:00:00+00:00,0.00024918554320032697
2025-10-12T16:00:00+00:00,0.00024591973628252176
2025-10-12T17:00:00+00:00,0.00024347677737089672
2025-10-12T18:00:00+00:00,0.00024196924546614508
2025-10-12T19:00:00+00:00,0.00024341101361564265
2025-10-12T20:00:00+00:00,0.0002415395020903776
2025-10-12T21:00:00+00:00,0.00024116751605471147
2025-10-12T22:00:00+00:00,0.0002413833543140332
2025-10-12T23:00:00+00:00,0.0002413578373617807
2025-10-13T00:00:00+00:00,0.00024038204838589686
2025-10-13T01:00:00+00:00,0.00024085833358345086
2025-10-13T02:00:00+00:00,0.00023913696119114183
2025-10-13T03:00:00+00:00,0.00023995830655273843
2025-10-13T04:00:00+00:00,0.0002415065264787368
2025-10-13T05:00:00+00:00,0.0002413155327535989
2025-10-13T06:00:00+00:00,0.00024192818965138352
2025-10-13T07:00:00+00:00,0.0002395164230395451
2025-10-13T08:00:00+00:00,0.00023944553599119432
2025-10-13T09:00:00+00:00,0.00023899162149206558
2025-10-13T10:00:00+00:00,0.00024009621221500718
2025-10-13T11:00:00+00:00,0.00024061878209374147
2025-10-13T12:00:00+00:00,0.00024520897349443037
2025-10-13T13:00:00+00:00,0.00024365358148986896
2025-10-13T14:00:00+00:00,0.00024016757915891796
2025-10-13T15:00:00+00:00,0.0002443216065560573
2025-10-13T16:00:00+00:00,0.00024170519584729296
2025-10-13T17:00:00+00:00,0.00023961409293109042
2025-10-13T18:00:00+00:00,0.00023693831273413643
2025-10-13T19:00:00+00:00,0.00023684539219918544
2025-10-13T20:00:00+00:00,0.00023428199007050502
2025-10-13T21:00:00+00:00,0.00023436190295321877
2025-10-13T22:00:00+00:00,0.00023456061431573053
2025-10-13T23:00:00+00:00,0.00023377593325894292
2025-10-14T00:00:00+00:00,0.00023550288351846318
2025-10-14T01:00:00+00:00,0.0002360363614455506
2025-10-14T02:00:00+00:00,0.00023748503162850885
2025-10-14T03:00:00+00:00,0.00023939888538425667
2025-10-14T04:00:00+00:00,0.00024034994856606123
2025-10-14T05:00:00+00:00,0.000244163409423886
2025-10-14T06:00:00+00:00,0.0002455436293103286
2025-10-14T07:00:00+00:00,0.00024944728002932175
2025-10-14T08:00:00+00:00,0.0002510925855134268
2025-10-14T09:00:00+00:00,0.0002503364013392553
2025-10-14T10:00:00+00:00,0.00025136765698913996
2025-10-14T11:00:00+00:00,0.0002538709815548468
2025-10-14T12:00:00+00:00,0.0002515656734966302
2025-10-14T13:00:00+00:00,0.00025296227415699666
2025-10-14T14:00:00+00:00,0.0002526558834267175
2025-10-14T15:00:00+00:00,0.00025122029634153586
2025-10-14T16:00:00+00:00,0.0002456974494680188
2025-10-14T17:00:00+00:00,0.0002416758169122493
2025-10-14T18:00:00+00:00,0.00024293253408562348
2025-10-14T19:00:00+00:00,0.00024273803324610644
2025-10-14T20:00:00+00:00,0.0002434196531823611
2025-10-14T21:00:00+00:00,0.00024273435666075034
2025-10-14T22:00:00+00:00,0.0002422969320011315
2025-10-14T23:00:00+00:00,0.00024289001418834467
2025-10-15T00:00:00+00:00,0.00024217213845045626
2025-10-15T01:00:00+00:00,0.0002429584938706832
2025-10-15T02:00:00+00:00,0.00024275247672377598
2025-10-15T03:00:00+00:00,0.00024257518682453184
2025-10-15T04:00:00+00:00,0.00024481085111870924
2025-10-15T05:00:00+00:00,0.00024276585097161548
2025-10-15T06:00:00+00:00,0.00024313525865444976
2025-10-15T07:00:00+00:00,0.00024301123876141053
2025-10-15T08:00:00+00:00,0.00024248124207853746
2025-10-15T09:00:00+00:00,0.00023903582430496548
2025-10-15T10:00:00+00:00,0.00024064167273322643
2025-10-15T11:00:00+00:00,0.00024250779590201754
2025-10-15T12:00:00+00:00,0.00024369527133199888
2025-10-15T13:00:00+00:00,0.00024405078303496526
2025-10-15T14:00:00+00:00,0.00024637755392075095
2025-10-15T15:00:00+00:00,0.00024969112256451015
2025-10-15T16:00:00+00:00,0.0002512615218599877
2025-10-15T17:00:00+00:00,0.00025138106086488985
2025-10-15T18:00:00+00:00,0.0002503001546250367
2025-10-15T19:00:00+00:00,0.00024964083659106306
2025-10-15T20:00:00+00:00,0.0002509110798395332
2025-10-15T21:00:00+00:00,0.0002518953385886712
2025-10-15T22:00:00+00:00,0.0002534548632894799
2025-10-15T23:00:00+00:00,0.00025221028821388993
2025-10-16T00:00:00+00:00,0.0002510074761493088
2025-10-16T01:00:00+00:00,0.0002509446991014363
2025-10-16T02:00:00+00:00,0.0002493708824345866
2025-10-16T03:00:00+00:00,0.0002479220589348574
2025-10-16T04:00:00+00:00,0.0002489548328026822
2025-10-16T05:00:00+00:00,0.0002498410216036443
2025-10-16T06:00:00+00:00,0.00025041733770747425
2025-10-16T07:00:00+00:00,0.0002472105060217134
2025-10-16T08:00:00+00:00,0.00024988454893634546
2025-10-16T09:00:00+00:00,0.00025025921080192926
2025-10-16T10:00:00+00:00,0.00024819600284981
2025-10-16T11:00:00+00:00,0.00024650117408888197
2025-10-16T12:00:00+00:00,0.00024611130092568696
2025-10-16T13:00:00+00:00,0.0002463906152168933
2025-10-16T14:00:00+00:00,0.00024842482352360615
2025-10-16T15:00:00+00:00,0.00024879588151108803
2025-10-16T16:00:00+00:00,0.0002557053372776142
2025-10-16T17:00:00+00:00,0.0002539407167797701
2025-10-16T18:00:00+00:00,0.00025498250132756524
2025-10-16T19:00:00+00:00,0.00025603007264015623
2025-10-16T20:00:00+00:00,0.00025751370068309977
2025-10-16T21:00:00+00:00,0.00025935717662793167
2025-10-16T22:00:00+00:00,0.0002576882071288572
2025-10-16T23:00:00+00:00,0.0002580458941288258
2025-10-17T00:00:00+00:00,0.0002567712189636565
2025-10-17T01:00:00+00:00,0.0002546512780623418
2025-10-17T02:00:00+00:00,0.000255732406401981
2025-10-17T03:00:00+00:00,0.0002548254067303739
2025-10-17T04:00:00+00:00,0.00025417283365871996
2025-10-17T05:00:00+00:00,0.00025554280937481135
2025-10-17T06:00:00+00:00,0.0002563268200985256
2025-10-17T07:00:00+00:00,0.0002617010502043224
2025-10-17T08:00:00+00:00,0.0002655825942026465
2025-10-17T09:00:00+00:00,0.000269556337732894
2025-10-17T10:00:00+00:00,0.000267473642483738
2025-10-17T11:00:00+00:00,0.00026830201921528094
2025-10-17T12:00:00+00:00,0.0002647639489666113
2025-10-17T13:00:00+00:00,0.00026459468979382725
2025-10-17T14:00:00+00:00,0.0002628538847966239
2025-10-17T15:00:00+00:00,0.0002659168280144906
2025-10-17T16:00:00+00:00,0.00026328235640778376
2025-10-17T17:00:00+00:00,0.0002638101584987758
2025-10-17T18:00:00+00:00,0.00026185023592490884
2025-10-17T19:00:00+00:00,0.00026100751251736915
2025-10-17T20:00:00+00:00,0.0002609498748207559
2025-10-17T21:00:00+00:00,0.0002591445081867202
2025-10-17T22:00:00+00:00,0.0002577539317716327
2025-10-17T23:00:00+00:00,0.0002593355567734244
2025-10-18T00:00:00+00:00,0.0002609857629118078
2025-10-18T01:00:00+00:00,0.0002602503773783746
2025-10-18T02:00:00+00:00,0.00025861747660547264
2025-10-18T03:00:00+00:00,0.00025965896701889927
2025-10-18T04:00:00+00:00,0.00025819692100150226
2025-10-18T05:00:00+00:00,0.00025987711616748925
2025-10-18T06:00:00+00:00,0.0002585647275288231
2025-10-18T07:00:00+00:00,0.0002580979456653873
2025-10-18T08:00:00+00:00,0.0002563104119416983
2025-10-18T09:00:00+00:00,0.0002577894710902721
2025-10-18T10:00:00+00:00,0.00025769379434798943
2025-10-18T11:00:00+00:00,0.0002575804916606812
2025-10-18T12:00:00+00:00,0.00025790130896019624
2025-10-18T13:00:00+00:00,0.0002574627877732493
2025-10-18T14:00:00+00:00,0.00025840203778828246
2025-10-18T15:00:00+00:00,0.00025806170210650403
2025-10-18T16:00:00+00:00,0.0002576891587196378
2025-10-18T17:00:00+00:00,0.00025869436432151524
2025-10-18T18:00:00+00:00,0.00025709576607195754
2025-10-18T19:00:00+00:00,0.0002570752710263869
2025-10-18T20:00:00+00:00,0.00025672445258441916
2025-10-18T21:00:00+00:00,0.00025720263242303006
2025-10-18T22:00:00+00:00,0.00025685900783383077
2025-10-18T23:00:00+00:00,0.00025725367011466285
2025-10-19T00:00:00+00:00,0.0002570521111212944
2025-10-19T01:00:00+00:00,0.00025827778738771797
2025-10-19T02:00:00+00:00,0.0002579386863394139
2025-10-19T03:00:00+00:00,0.00025815102067574283
2025-10-19T04:00:00+00:00,0.000255893728115039
2025-10-19T05:00:00+00:00,0.00025610068562009026
2025-10-19T06:00:00+00:00,0.000256511661440674
2025-10-19T07:00:00+00:00,0.00025784557744646844
2025-10-19T08:00:00+00:00,0.00025723669739636265
2025-10-19T09:00:00+00:00,0.0002583379288117042
2025-10-19T10:00:00+00:00,0.0002549730224877405
2025-10-19T11:00:00+00:00,0.0002548874515598674
2025-10-19T12:00:00+00:00,0.0002548058824346068
2025-10-19T13:00:00+00:00,0.0002549087850572899
2025-10-19T14:00:00+00:00,0.00025182559967334625
2025-10-19T15:00:00+00:00,0.0002505210180625457
2025-10-19T16:00:00+00:00,0.00025130486916745073
2025-10-19T17:00:00+00:00,0.000250874965155808
2025-10-19T18:00:00+00:00,0.00025024078740194333
2025-10-19T19:00:00+00:00,0.0002497989128677527
2025-10-19T20:00:00+00:00,0.00025062595787479796
2025-10-19T21:00:00+00:00,0.0002497803405992865
2025-10-19T22:00:00+00:00,0.0002505011385295073
2025-10-19T23:00:00+00:00,0.0002485367549052749
2025-10-20T00:00:00+00:00,0.00025106251314759785
2025-10-20T01:00:00+00:00,0.0002539428994946166
2025-10-20T02:00:00+00:00,0.0002539582424285324
2025-10-20T03:00:00+00:00,0.0002526178517217874
2025-10-20T04:00:00+00:00,0.00024826640270842815
2025-10-20T05:00:00+00:00,0.0002468673039476658
2025-10-20T06:00:00+00:00,0.0002458680571508817
2025-10-20T07:00:00+00:00,0.00024502114886236503
2025-10-20T08:00:00+00:00,0.00024658455196958104
2025-10-20T09:00:00+00:00,0.00024709560199920295
2025-10-20T10:00:00+00:00,0.0002471577296404021
2025-10-20T11:00:00+00:00,0.0002483000606684971
2025-10-20T12:00:00+00:00,0.0002475610310100998
2025-10-20T13:00:00+00:00,0.0002479993163635521
2025-10-20T14:00:00+00:00,0.0002474523055029062
2025-10-20T15:00:00+00:00,0.0002473536547008056
2025-10-20T16:00:00+00:00,0.0002478563329144594
2025-10-20T17:00:00+00:00,0.00025370235038617116
2025-10-20T18:00:00+00:00,0.0002530277129125209
2025-10-20T19:00:00+00:00,0.00025177653264675423
2025-10-20T20:00:00+00:00,0.00025067352409478865
2025-10-20T21:00:00+00:00,0.00025022539525007456
2025-10-20T22:00:00+00:00,0.00025141687740503363
2025-10-20T23:00:00+00:00,0.0002506654203730347
2025-10-21T00:00:00+00:00,0.000251202260166021
2025-10-21T01:00:00+00:00,0.0002516363127773375
2025-10-21T02:00:00+00:00,0.0002533471247052394
2025-10-21T03:00:00+00:00,0.00025403945105389005
2025-10-21T04:00:00+00:00,0.0002549465769867183
2025-10-21T05:00:00+00:00,0.00025953774590928096
2025-10-21T06:00:00+00:00,0.00025866503073431894
2025-10-21T07:00:00+00:00,0.00025720201949579923
2025-10-21T08:00:00+00:00,0.0002567090990416464
2025-10-21T09:00:00+00:00,0.00025848398189527266
2025-10-21T10:00:00+00:00,0.00025869116608441593
2025-10-21T11:00:00+00:00,0.00025709113696672305
2025-10-21T12:00:00+00:00,0.0002568015394721387
2025-10-21T13:00:00+00:00,0.0002569000362247067
2025-10-21T14:00:00+00:00,0.00025912385791825666
2025-10-21T15:00:00+00:00,0.0002501921862970202
2025-10-21T16:00:00+00:00,0.00024554374929959956
2025-10-21T17:00:00+00:00,0.0002455165600486744
2025-10-21T18:00:00+00:00,0.0002487460434753175
2025-10-21T19:00:00+00:00,0.0002489826931054047
2025-10-21T20:00:00+00:00,0.0002491268715418508
2025-10-21T21:00:00+00:00,0.0002526180823451093
2025-10-21T22:00:00+00:00,0.0002533613966003285
2025-10-21T23:00:00+00:00,0.0002562998370572859
2025-10-22T00:00:00+00:00,0.00025784939485603935
2025-10-22T01:00:00+00:00,0.00026006775929932925
2025-10-22T02:00:00+00:00,0.0002588436426502973
2025-10-22T03:00:00+00:00,0.00025861637697872203
2025-10-22T04:00:00+00:00,0.00025900083821191823
2025-10-22T05:00:00+00:00,0.00025768308823568957
2025-10-22T06:00:00+00:00,0.0002588463735275722
2025-10-22T07:00:00+00:00,0.0002588872177911291
2025-10-22T08:00:00+00:00,0.00025874584420569873
2025-10-22T09:00:00+00:00,0.000259190980811291
2025-10-22T10:00:00+00:00,0.0002603133065565558
2025-10-22T11:00:00+00:00,0.00026088806887415033
2025-10-22T12:00:00+00:00,0.0002611018805755383
2025-10-22T13:00:00+00:00,0.0002597866965978933
2025-10-22T14:00:00+00:00,0.0002592008905353819
2025-10-22T15:00:00+00:00,0.0002618469801995427
2025-10-22T16:00:00+00:00,0.00026028405819043294
2025-10-22T17:00:00+00:00,0.00025980809146573043
2025-10-22T18:00:00+00:00,0.0002630148018453841
2025-10-22T19:00:00+00:00,0.0002630137477088209
2025-10-22T20:00:00+00:00,0.0002626537240170094
2025-10-22T21:00:00+00:00,0.00026445201711518734
2025-10-22T22:00:00+00:00,0.0002666084395826398
2025-10-22T23:00:00+00:00,0.0002666157575571302
2025-10-23T00:00:00+00:00,0.0002626996771835808
2025-10-23T01:00:00+00:00,0.00026173237660897283
2025-10-23T02:00:00+00:00,0.0002616364656486546
2025-10-23T03:00:00+00:00,0.00026155734489504237
2025-10-23T04:00:00+00:00,0.00026121304280339624
2025-10-23T05:00:00+00:00,0.0002604981418904257
2025-10-23T06:00:00+00:00,0.00025978420369931294
2025-10-23T07:00:00+00:00,0.00025723445799975093
2025-10-23T08:00:00+00:00,0.00025750151453904347
2025-10-23T09:00:00+00:00,0.00025710209313053095
2025-10-23T10:00:00+00:00,0.00025727481839248224
2025-10-23T11:00:00+00:00,0.0002577410129071606
2025-10-23T12:00:00+00:00,0.00025864770564194194
2025-10-23T13:00:00+00:00,0.00025983420655389586
2025-10-23T14:00:00+00:00,0.0002595172063581694
2025-10-23T15:00:00+00:00,0.0002603609675302923
2025-10-23T16:00:00+00:00,0.0002574469912087796
2025-10-23T17:00:00+00:00,0.0002546387672296918
2025-10-23T18:00:00+00:00,0.00025522805531490443
2025-10-23T19:00:00+00:00,0.00025825132568100943
2025-10-23T20:00:00+00:00,0.00025898623998995966
2025-10-23T21:00:00+00:00,0.0002597192836372118
2025-10-23T22:00:00+00:00,0.00026068098282448397
2025-10-23T23:00:00+00:00,0.00025955914926558
2025-10-24T00:00:00+00:00,0.0002593104127867895
2025-10-24T01:00:00+00:00,0.0002584006170448094
2025-10-24T02:00:00+00:00,0.0002577430890648895
2025-10-24T03:00:00+00:00,0.00025728834852079235
2025-10-24T04:00:00+00:00,0.0002571726302541008
2025-10-24T05:00:00+00:00,0.0002514471974371515
2025-10-24T06:00:00+00:00,0.00025133330377727245
2025-10-24T07:00:00+00:00,0.000251084494916486
2025-10-24T08:00:00+00:00,0.0002534710015952969
2025-10-24T09:00:00+00:00,0.0002529425184249437
2025-10-24T10:00:00+00:00,0.0002526593460087834
2025-10-24T11:00:00+00:00,0.00025254280935099743
2025-10-24T12:00:00+00:00,0.0002532203327029561
2025-10-24T13:00:00+00:00,0.00025204223343633207
2025-10-24T14:00:00+00:00,0.00025389908933976245
2025-10-24T15:00:00+00:00,0.00025646802712427883
2025-10-24T16:00:00+00:00,0.0002570667909917858
2025-10-24T17:00:00+00:00,0.0002576948426618609
2025-10-24T18:00:00+00:00,0.00025691758436697544
2025-10-24T19:00:00+00:00,0.00025569675944123193
2025-10-24T20:00:00+00:00,0.00025432242765240304
2025-10-24T21:00:00+00:00,0.0002539877183177809
2025-10-24T22:00:00+00:00,0.0002536890114721215
2025-10-24T23:00:00+00:00,0.00025422272598810754
2025-10-25T00:00:00+00:00,0.0002542147033662456
2025-10-25T01:00:00+00:00,0.0002552756320529961
2025-10-25T02:00:00+00:00,0.0002541741728145665
2025-10-25T03:00:00+00:00,0.00025402138728751196
2025-10-25T04:00:00+00:00,0.0002547314613199006
2025-10-25T05:00:00+00:00,0.0002547396898737952
2025-10-25T06:00:00+00:00,0.0002544587772603895
2025-10-25T07:00:00+00:00,0.00025435319123190935
2025-10-25T08:00:00+00:00,0.00025440375120577114
2025-10-25T09:00:00+00:00,0.00025307815299639664
2025-10-25T10:00:00+00:00,0.00025357304412102903
2025-10-25T11:00:00+00:00,0.00025360229103006654
2025-10-25T12:00:00+00:00,0.00025361673423835953
2025-10-25T13:00:00+00:00,0.00025322110382755385
2025-10-25T14:00:00+00:00,0.0002535808307553897
2025-10-25T15:00:00+00:00,0.00025400816396396373
2025-10-25T16:00:00+00:00,0.00025431725584742164
2025-10-25T17:00:00+00:00,0.0002542519432119393
2025-10-25T18:00:00+00:00,0.00025416052459812207
2025-10-25T19:00:00+00:00,0.00025274901291662033
2025-10-25T20:00:00+00:00,0.0002527678134485674
2025-10-25T21:00:00+00:00,0.00025335999140013623
2025-10-25T22:00:00+00:00,0.0002532142085169696
2025-10-25T23:00:00+00:00,0.0002522134781651721
2025-10-26T00:00:00+00:00,0.0002528592482224295
2025-10-26T01:00:00+00:00,0.00025302303132366323
2025-10-26T02:00:00+00:00,0.0002534243691460172
2025-10-26T03:00:00+00:00,0.0002543959682650921
2025-10-26T04:00:00+00:00,0.00025429450956192533
2025-10-26T05:00:00+00:00,0.00025376597559096064
2025-10-26T06:00:00+00:00,0.00025342313982727304
2025-10-26T07:00:00+00:00,0.00025347702853813144
2025-10-26T08:00:00+00:00,0.000252990396554006
2025-10-26T09:00:00+00:00,0.0002524507536517389
2025-10-26T10:00:00+00:00,0.00025104163569187037
2025-10-26T11:00:00+00:00,0.00025086662809107365
2025-10-26T12:00:00+00:00,0.00024731907875586784
2025-10-26T13:00:00+00:00,0.0002455816105469616
2025-10-26T14:00:00+00:00,0.00024493320706464724
2025-10-26T15:00:00+00:00,0.00024583542198798695
2025-10-26T16:00:00+00:00,0.00024536418446668745
2025-10-26T17:00:00+00:00,0.0002464597459024736
2025-10-26T18:00:00+00:00,0.00024613358750032855
2025-10-26T19:00:00+00:00,0.0002453646871386775
2025-10-26T20:00:00+00:00,0.0002458450743980902
2025-10-26T21:00:00+00:00,0.00024573637142985793
2025-10-26T22:00:00+00:00,0.00024488563783976996
2025-10-26T23:00:00+00:00,0.00024008794788976895
2025-10-27T00:00:00+00:00,0.00024026815007392914
2025-10-27T01:00:00+00:00,0.00023959198231864612
2025-10-27T02:00:00+00:00,0.00023854379349871874
2025-10-27T03:00:00+00:00,0.00023772966888304384
2025-10-27T04:00:00+00:00,0.0002377446371553325
2025-10-27T05:00:00+00:00,0.00023712737324168117
2025-10-27T06:00:00+00:00,0.00023625190209616465
2025-10-27T07:00:00+00:00,0.00023624618680764473
2025-10-27T08:00:00+00:00,0.00023807410655031145
2025-10-27T09:00:00+00:00,0.00023993028590465457
2025-10-27T10:00:00+00:00,0.00024033482981723116
2025-10-27T11:00:00+00:00,0.00023979906391484917
2025-10-27T12:00:00+00:00,0.00024031097701208165
2025-10-27T13:00:00+00:00,0.0002412730053715117
2025-10-27T14:00:00+00:00,0.0002394261056965573
2025-10-27T15:00:00+00:00,0.00024096086779178193
2025-10-27T16:00:00+00:00,0.0002396094571487523
2025-10-27T17:00:00+00:00,0.00023720064436358134
2025-10-27T18:00:00+00:00,0.00023684898588406086
2025-10-27T19:00:00+00:00,0.00023709417672291587
2025-10-27T20:00:00+00:00,0.0002379776543838275
2025-10-27T21:00:00+00:00,0.00024196348871708594
2025-10-27T22:00:00+00:00,0.00024222464998074265
2025-10-27T23:00:00+00:00,0.0002429079260826879
2025-10-28T00:00:00+00:00,0.00024249143297526277
2025-10-28T01:00:00+00:00,0.00024274001438647752
2025-10-28T02:00:00+00:00,0.00024167881445800652
2025-10-28T03:00:00+00:00,0.00024421245878084545
2025-10-28T04:00:00+00:00,0.00024448854144278347
2025-10-28T05:00:00+00:00,0.00024355525518944353
2025-10-28T06:00:00+00:00,0.00024541264508811636
2025-10-28T07:00:00+00:00,0.00024323253642367153
2025-10-28T08:00:00+00:00,0.00024302181131401085
2025-10-28T09:00:00+00:00,0.00024245160733059396
2025-10-28T10:00:00+00:00,0.0002425263347052816
2025-10-28T11:00:00+00:00,0.00024287946681530081
2025-10-28T12:00:00+00:00,0.00024327148604144885
2025-10-28T13:00:00+00:00,0.00024203429230365694
2025-10-28T14:00:00+00:00,0.00024067787834609506
2025-10-28T15:00:00+00:00,0.0002433691956619615
2025-10-28T16:00:00+00:00,0.00024401035026502818
2025-10-28T17:00:00+00:00,0.00024173810511792437
2025-10-28T18:00:00+00:00,0.00024142399595179602
2025-10-28T19:00:00+00:00,0.000243216883365601
2025-10-28T20:00:00+00:00,0.0002474858588818008
2025-10-28T21:00:00+00:00,0.0002509181732342438
2025-10-28T22:00:00+00:00,0.00025114555545518514
2025-10-28T23:00:00+00:00,0.00025023809076910047
2025-10-29T00:00:00+00:00,0.0002510620222381236
2025-10-29T01:00:00+00:00,0.00025163237145224207
2025-10-29T02:00:00+00:00,0.000251013751125737
2025-10-29T03:00:00+00:00,0.00024975964887377834
2025-10-29T04:00:00+00:00,0.0002500784073712973
2025-10-29T05:00:00+00:00,0.00024896534919351956
2025-10-29T06:00:00+00:00,0.0002482914425250793
2025-10-29T07:00:00+00:00,0.0002482628854291401
2025-10-29T08:00:00+00:00,0.0002483573615076392
2025-10-29T09:00:00+00:00,0.0002493460818443413
2025-10-29T10:00:00+00:00,0.00024993014294842874
2025-10-29T11:00:00+00:00,0.00025030738406202303
2025-10-29T12:00:00+00:00,0.00024913289049727705
2025-10-29T13:00:00+00:00,0.00024904326347026525
2025-10-29T14:00:00+00:00,0.0002503728399997535
2025-10-29T15:00:00+00:00,0.0002507340928175362
2025-10-29T16:00:00+00:00,0.0002533053231320667
2025-10-29T17:00:00+00:00,0.0002522375710109458
2025-10-29T18:00:00+00:00,0.0002494983234982782
2025-10-29T19:00:00+00:00,0.00025391354655742587
2025-10-29T20:00:00+00:00,0.0002550834725082973
2025-10-29T21:00:00+00:00,0.0002531475400648428
2025-10-29T22:00:00+00:00,0.00025258426799159184
2025-10-29T23:00:00+00:00,0.0002533191907972851
2025-10-30T00:00:00+00:00,0.00025655863302864344
2025-10-30T01:00:00+00:00,0.0002556794170609839
2025-10-30T02:00:00+00:00,0.0002543750295518031
2025-10-30T03:00:00+00:00,0.00025344761250993607
2025-10-30T04:00:00+00:00,0.00025425947054384754
2025-10-30T05:00:00+00:00,0.0002584905797229291
2025-10-30T06:00:00+00:00,0.00025496619193394153
2025-10-30T07:00:00+00:00,0.000255081076831566
2025-10-30T08:00:00+00:00,0.00025391822183349965
2025-10-30T09:00:00+00:00,0.0002546326184254347
2025-10-30T10:00:00+00:00,0.0002561239254305334
2025-10-30T11:00:00+00:00,0.0002567981069763886
2025-10-30T12:00:00+00:00,0.0002574019675931008
2025-10-30T13:00:00+00:00,0.00026250650536857595
